<?xml version='1.0' encoding='UTF-8'?>
<osm version='0.6' generator='JOSM'>
  <bounds minlat='50.1036802' minlon='14.4196415' maxlat='50.106763' maxlon='14.4308424' origin='openstreetmap-cgimap 2.1.0 (862525 spike-07.openstreetmap.org)' />
  <node id='67465147' action='delete' timestamp='2015-11-21T15:01:20Z' uid='2169558' user='JandaM' visible='true' version='5' changeset='35489054' lat='50.1072228' lon='14.4312218' />
  <node id='67465153' action='delete' timestamp='2015-11-21T15:01:20Z' uid='2169558' user='JandaM' visible='true' version='5' changeset='35489054' lat='50.106356' lon='14.4282191' />
  <node id='67465161' action='delete' timestamp='2015-11-21T15:01:20Z' uid='2169558' user='JandaM' visible='true' version='5' changeset='35489054' lat='50.1059228' lon='14.4284701' />
  <node id='67465165' action='delete' timestamp='2015-11-21T15:01:20Z' uid='2169558' user='JandaM' visible='true' version='6' changeset='35489054' lat='50.1062289' lon='14.4295195' />
  <node id='67465235' action='delete' timestamp='2017-01-09T17:37:56Z' uid='1189910' user='Milancer' visible='true' version='6' changeset='45031936' lat='50.1063515' lon='14.4303317' />
  <node id='67465323' action='delete' timestamp='2017-01-09T17:37:56Z' uid='1189910' user='Milancer' visible='true' version='6' changeset='45031936' lat='50.1064239' lon='14.4302796' />
  <node id='67465330' action='delete' timestamp='2015-11-21T15:01:20Z' uid='2169558' user='JandaM' visible='true' version='5' changeset='35489054' lat='50.106798' lon='14.4315167' />
  <node id='67465357' action='delete' timestamp='2016-12-29T15:08:52Z' uid='2169558' user='JandaM' visible='true' version='5' changeset='44759819' lat='50.1058088' lon='14.4311158' />
  <node id='67465361' action='delete' timestamp='2016-12-29T15:08:52Z' uid='2169558' user='JandaM' visible='true' version='5' changeset='44759819' lat='50.1057736' lon='14.4309822' />
  <node id='67465382' action='delete' timestamp='2016-12-29T15:08:52Z' uid='2169558' user='JandaM' visible='true' version='5' changeset='44759819' lat='50.1054883' lon='14.4318765' />
  <node id='67465387' action='delete' timestamp='2016-12-29T15:08:52Z' uid='2169558' user='JandaM' visible='true' version='5' changeset='44759819' lat='50.1055074' lon='14.4319397' />
  <node id='67465389' action='delete' timestamp='2016-12-29T15:08:52Z' uid='2169558' user='JandaM' visible='true' version='5' changeset='44759819' lat='50.1057865' lon='14.4317481' />
  <node id='67465392' action='delete' timestamp='2016-12-29T15:08:52Z' uid='2169558' user='JandaM' visible='true' version='5' changeset='44759819' lat='50.1057678' lon='14.4316825' />
  <node id='67465450' action='delete' timestamp='2016-12-29T15:08:52Z' uid='2169558' user='JandaM' visible='true' version='5' changeset='44759819' lat='50.1058978' lon='14.4315934' />
  <node id='67465457' action='delete' timestamp='2018-06-14T13:55:34Z' uid='2169558' user='JandaM' visible='true' version='6' changeset='59846121' lat='50.105768' lon='14.431144' />
  <node id='67469068' action='delete' timestamp='2015-11-21T15:01:20Z' uid='2169558' user='JandaM' visible='true' version='4' changeset='35489054' lat='50.1048726' lon='14.4304529' />
  <node id='67469072' action='delete' timestamp='2014-10-06T08:17:16Z' uid='25867' user='adamos' visible='true' version='3' changeset='25891574' lat='50.1047829' lon='14.4302441' />
  <node id='67469075' action='delete' timestamp='2015-11-21T15:01:20Z' uid='2169558' user='JandaM' visible='true' version='4' changeset='35489054' lat='50.1050698' lon='14.4300512' />
  <node id='67469079' action='delete' timestamp='2015-11-21T15:01:20Z' uid='2169558' user='JandaM' visible='true' version='4' changeset='35489054' lat='50.1049601' lon='14.4296744' />
  <node id='67469084' action='delete' timestamp='2015-11-21T15:01:20Z' uid='2169558' user='JandaM' visible='true' version='4' changeset='35489054' lat='50.1053312' lon='14.4295882' />
  <node id='67469090' action='delete' timestamp='2015-11-21T15:01:21Z' uid='2169558' user='JandaM' visible='true' version='4' changeset='35489054' lat='50.1054987' lon='14.4300196' />
  <node id='94050572' action='delete' timestamp='2022-09-28T09:30:37Z' uid='1641564' user='Jakuje' visible='true' version='4' changeset='126731429' lat='50.1044852' lon='14.409649'>
    <tag k='barrier' v='gate' />
  </node>
  <node id='242744132' timestamp='2015-11-21T15:01:05Z' uid='2169558' user='JandaM' visible='true' version='4' changeset='35489054' lat='50.1056843' lon='14.4273856' />
  <node id='242744135' timestamp='2015-11-21T15:01:05Z' uid='2169558' user='JandaM' visible='true' version='4' changeset='35489054' lat='50.1056194' lon='14.4277912' />
  <node id='242744136' timestamp='2015-11-21T15:01:05Z' uid='2169558' user='JandaM' visible='true' version='4' changeset='35489054' lat='50.1055221' lon='14.427842' />
  <node id='242744137' timestamp='2015-11-21T15:01:05Z' uid='2169558' user='JandaM' visible='true' version='4' changeset='35489054' lat='50.1054204' lon='14.4278118' />
  <node id='242744138' timestamp='2015-11-21T15:01:06Z' uid='2169558' user='JandaM' visible='true' version='4' changeset='35489054' lat='50.1053279' lon='14.4276646' />
  <node id='242744139' timestamp='2015-11-21T15:01:06Z' uid='2169558' user='JandaM' visible='true' version='4' changeset='35489054' lat='50.1053094' lon='14.4274979' />
  <node id='242744140' timestamp='2015-11-21T15:01:06Z' uid='2169558' user='JandaM' visible='true' version='4' changeset='35489054' lat='50.1053742' lon='14.4272995' />
  <node id='242744142' timestamp='2015-11-21T15:01:06Z' uid='2169558' user='JandaM' visible='true' version='4' changeset='35489054' lat='50.1055959' lon='14.4272539' />
  <node id='242744143' timestamp='2015-11-21T15:01:06Z' uid='2169558' user='JandaM' visible='true' version='4' changeset='35489054' lat='50.1056517' lon='14.4273179' />
  <node id='252418917' action='delete' timestamp='2012-09-10T22:37:42Z' uid='748291' user='Prot D' visible='true' version='2' changeset='13063421' lat='50.1079195' lon='14.4240872' />
  <node id='252418918' action='delete' timestamp='2008-03-16T15:21:07Z' uid='18003' user='Jozef Hovan' visible='true' version='1' changeset='335386' lat='50.1075507' lon='14.4241131' />
  <node id='252418919' action='delete' timestamp='2015-10-04T22:01:34Z' uid='17615' user='Petr Dlouhý' visible='true' version='2' changeset='34437751' lat='50.107188' lon='14.4240844' />
  <node id='252418920' action='delete' timestamp='2008-03-16T15:21:07Z' uid='18003' user='Jozef Hovan' visible='true' version='1' changeset='335386' lat='50.1068736' lon='14.4239414' />
  <node id='252418921' action='delete' timestamp='2009-01-06T23:26:59Z' uid='17615' user='Petr Dlouhý' visible='true' version='2' changeset='751468' lat='50.106573' lon='14.4237099' />
  <node id='252418922' action='delete' timestamp='2009-01-06T23:26:59Z' uid='17615' user='Petr Dlouhý' visible='true' version='2' changeset='751468' lat='50.1063904' lon='14.4235399' />
  <node id='252418946' action='delete' timestamp='2020-06-15T19:40:52Z' uid='1833010' user='M a r k u s' visible='true' version='6' changeset='86685388' lat='50.1074404' lon='14.4216336' />
  <node id='252418947' action='delete' timestamp='2010-11-27T20:12:56Z' uid='177221' user='reki' visible='true' version='2' changeset='6472762' lat='50.1074042' lon='14.4218386' />
  <node id='252418948' action='delete' timestamp='2010-12-05T21:17:45Z' uid='17615' user='Petr Dlouhý' visible='true' version='3' changeset='6556959' lat='50.1073089' lon='14.4220033' />
  <node id='252418949' action='delete' timestamp='2018-01-15T19:53:00Z' uid='969558' user='Matej Lieskovský' visible='true' version='4' changeset='55473937' lat='50.1070919' lon='14.4220763' />
  <node id='252418950' action='delete' timestamp='2018-01-15T19:53:00Z' uid='969558' user='Matej Lieskovský' visible='true' version='3' changeset='55473937' lat='50.106905' lon='14.4220033' />
  <node id='252418951' action='delete' timestamp='2012-09-09T09:36:03Z' uid='520972' user='Karl Von Bahnhoff' visible='true' version='4' changeset='13042303' lat='50.1067164' lon='14.4220034' />
  <node id='252418952' action='delete' timestamp='2015-10-04T22:01:34Z' uid='17615' user='Petr Dlouhý' visible='true' version='4' changeset='34437751' lat='50.106544' lon='14.4221679' />
  <node id='252418953' action='delete' timestamp='2010-11-27T20:12:57Z' uid='177221' user='reki' visible='true' version='3' changeset='6472762' lat='50.1063103' lon='14.4225982' />
  <node id='252418954' action='delete' timestamp='2015-10-04T22:01:34Z' uid='17615' user='Petr Dlouhý' visible='true' version='6' changeset='34437751' lat='50.1061394' lon='14.4231361' />
  <node id='252418958' action='delete' timestamp='2012-08-24T09:02:21Z' uid='238249' user='mapfactor' visible='true' version='7' changeset='12842449' lat='50.1060425' lon='14.4232244' />
  <node id='252419002' action='delete' timestamp='2022-01-05T10:03:03Z' uid='8971394' user='vojtechzaboril' visible='true' version='3' changeset='115789366' lat='50.1078593' lon='14.4240754' />
  <node id='252419263' timestamp='2012-09-09T09:36:03Z' uid='520972' user='Karl Von Bahnhoff' visible='true' version='3' changeset='13042303' lat='50.1059956' lon='14.4230498' />
  <node id='252419265' timestamp='2012-09-09T09:36:03Z' uid='520972' user='Karl Von Bahnhoff' visible='true' version='4' changeset='13042303' lat='50.1058723' lon='14.4231218' />
  <node id='252419266' timestamp='2023-07-28T12:45:27Z' uid='100163' user='Hlav' visible='true' version='2' changeset='139134143' lat='50.1057773' lon='14.423717' />
  <node id='252419267' timestamp='2012-09-09T09:36:03Z' uid='520972' user='Karl Von Bahnhoff' visible='true' version='2' changeset='13042303' lat='50.1056759' lon='14.4244998' />
  <node id='252419268' timestamp='2012-09-09T09:36:03Z' uid='520972' user='Karl Von Bahnhoff' visible='true' version='2' changeset='13042303' lat='50.1055629' lon='14.4253183' />
  <node id='252419269' timestamp='2008-03-16T15:24:47Z' uid='18003' user='Jozef Hovan' visible='true' version='1' changeset='335386' lat='50.1054534' lon='14.4262674' />
  <node id='252419271' timestamp='2016-09-19T10:18:08Z' uid='17615' user='Petr Dlouhý' visible='true' version='2' changeset='42266539' lat='50.1051273' lon='14.4274079' />
  <node id='252419273' timestamp='2021-06-21T09:15:02Z' uid='100163' user='Hlav' visible='true' version='3' changeset='106703903' lat='50.1051376' lon='14.4276708' />
  <node id='252419274' timestamp='2016-09-19T10:18:08Z' uid='17615' user='Petr Dlouhý' visible='true' version='2' changeset='42266539' lat='50.1051623' lon='14.4282456' />
  <node id='252419275' action='delete' timestamp='2016-09-19T10:18:08Z' uid='17615' user='Petr Dlouhý' visible='true' version='2' changeset='42266539' lat='50.1051835' lon='14.4286622' />
  <node id='252419276' action='delete' timestamp='2008-03-16T15:24:47Z' uid='18003' user='Jozef Hovan' visible='true' version='1' changeset='335386' lat='50.1049799' lon='14.4291857' />
  <node id='252419277' action='delete' timestamp='2019-04-14T19:20:07Z' uid='665336' user='Minimalis' visible='true' version='2' changeset='69211823' lat='50.1047762' lon='14.4296841' />
  <node id='252419278' action='delete' timestamp='2019-04-14T19:20:07Z' uid='665336' user='Minimalis' visible='true' version='2' changeset='69211823' lat='50.104582' lon='14.430174' />
  <node id='264830939' action='delete' timestamp='2015-06-04T15:32:09Z' uid='5748' user='pschonmann' visible='true' version='5' changeset='31721695' lat='50.1065023' lon='14.4274383' />
  <node id='264830940' action='delete' timestamp='2015-06-04T15:32:09Z' uid='5748' user='pschonmann' visible='true' version='5' changeset='31721695' lat='50.1067468' lon='14.4273465' />
  <node id='264830941' action='delete' timestamp='2015-06-04T15:32:09Z' uid='5748' user='pschonmann' visible='true' version='5' changeset='31721695' lat='50.1065472' lon='14.4273424' />
  <node id='264830942' action='delete' timestamp='2015-06-04T15:32:09Z' uid='5748' user='pschonmann' visible='true' version='5' changeset='31721695' lat='50.1067951' lon='14.4275134' />
  <node id='264830943' action='delete' timestamp='2015-06-04T15:32:09Z' uid='5748' user='pschonmann' visible='true' version='5' changeset='31721695' lat='50.1066171' lon='14.4272942' />
  <node id='264830944' action='delete' timestamp='2015-06-04T15:32:09Z' uid='5748' user='pschonmann' visible='true' version='5' changeset='31721695' lat='50.1067771' lon='14.4276023' />
  <node id='264830945' action='delete' timestamp='2015-06-04T15:32:09Z' uid='5748' user='pschonmann' visible='true' version='5' changeset='31721695' lat='50.1066925' lon='14.4273076' />
  <node id='264830946' action='delete' timestamp='2015-06-04T15:32:09Z' uid='5748' user='pschonmann' visible='true' version='5' changeset='31721695' lat='50.1067322' lon='14.4276986' />
  <node id='264830947' action='delete' timestamp='2015-06-04T15:32:10Z' uid='5748' user='pschonmann' visible='true' version='5' changeset='31721695' lat='50.1066624' lon='14.4277465' />
  <node id='264830948' action='delete' timestamp='2015-06-04T15:32:10Z' uid='5748' user='pschonmann' visible='true' version='5' changeset='31721695' lat='50.1065876' lon='14.427734' />
  <node id='264830949' action='delete' timestamp='2015-06-04T15:32:10Z' uid='5748' user='pschonmann' visible='true' version='5' changeset='31721695' lat='50.1065254' lon='14.4276645' />
  <node id='264830950' action='delete' timestamp='2015-06-04T15:32:10Z' uid='5748' user='pschonmann' visible='true' version='5' changeset='31721695' lat='50.1064951' lon='14.4275549' />
  <node id='275620092' action='delete' timestamp='2021-04-19T09:27:19Z' uid='873469' user='R3gi' visible='true' version='4' changeset='103184274' lat='50.1053797' lon='14.4155816' />
  <node id='275620093' action='delete' timestamp='2009-01-09T18:30:53Z' uid='17615' user='Petr Dlouhý' visible='true' version='2' changeset='764686' lat='50.1053222' lon='14.4161084' />
  <node id='275620094' action='delete' timestamp='2021-04-19T09:27:19Z' uid='873469' user='R3gi' visible='true' version='3' changeset='103184274' lat='50.1050266' lon='14.4192524' />
  <node id='275620097' timestamp='2023-07-28T12:45:27Z' uid='100163' user='Hlav' visible='true' version='4' changeset='139134143' lat='50.1054987' lon='14.421151' />
  <node id='275620100' timestamp='2009-01-06T23:27:06Z' uid='17615' user='Petr Dlouhý' visible='true' version='2' changeset='751468' lat='50.1052681' lon='14.4213775' />
  <node id='275620112' timestamp='2019-10-23T14:55:41Z' uid='1558400' user='Kudej' visible='true' version='5' changeset='76110720' lat='50.1051713' lon='14.4253271' />
  <node id='275620114' timestamp='2016-09-19T10:18:08Z' uid='17615' user='Petr Dlouhý' visible='true' version='6' changeset='42266539' lat='50.1049944' lon='14.4269229' />
  <node id='275620116' timestamp='2009-05-01T20:55:40Z' uid='17615' user='Petr Dlouhý' visible='true' version='3' changeset='1041618' lat='50.1042986' lon='14.4291699' />
  <node id='275620117' timestamp='2016-09-19T10:18:08Z' uid='17615' user='Petr Dlouhý' visible='true' version='3' changeset='42266539' lat='50.1042248' lon='14.4294504' />
  <node id='275620121' action='delete' timestamp='2019-04-14T19:20:07Z' uid='665336' user='Minimalis' visible='true' version='4' changeset='69211823' lat='50.1035693' lon='14.4273173'>
    <tag k='source' v='Bing;cuzk' />
  </node>
  <node id='275620122' action='delete' timestamp='2022-01-28T19:20:43Z' uid='1189910' user='Milancer' visible='true' version='5' changeset='116720050' lat='50.1034672' lon='14.4259532'>
    <tag k='source' v='Bing;cuzk' />
  </node>
  <node id='276825558' action='delete' timestamp='2022-01-05T10:03:03Z' uid='8971394' user='vojtechzaboril' visible='true' version='3' changeset='115789366' lat='50.106125' lon='14.4196186' />
  <node id='276825576' action='delete' timestamp='2015-10-04T22:01:34Z' uid='17615' user='Petr Dlouhý' visible='true' version='4' changeset='34437751' lat='50.1060878' lon='14.4202456' />
  <node id='276825578' action='delete' timestamp='2015-10-04T22:01:35Z' uid='17615' user='Petr Dlouhý' visible='true' version='4' changeset='34437751' lat='50.106492' lon='14.4213392' />
  <node id='276825643' action='delete' timestamp='2009-01-06T23:27:03Z' uid='17615' user='Petr Dlouhý' visible='true' version='2' changeset='751468' lat='50.1044239' lon='14.4147756'>
    <tag k='created_by' v='JOSM' />
  </node>
  <node id='276825654' action='delete' timestamp='2021-03-28T16:11:10Z' uid='873469' user='R3gi' visible='true' version='3' changeset='101880309' lat='50.1044834' lon='14.4155384' />
  <node id='280666698' action='delete' timestamp='2024-09-25T16:21:09Z' uid='8971394' user='vojtechzaboril' visible='true' version='7' changeset='157091549' lat='50.1041561' lon='14.4306137'>
    <tag k='source' v='Bing;cuzk' />
  </node>
  <node id='280666898' action='delete' timestamp='2017-02-11T16:53:37Z' uid='1340439' user='xtompok' visible='true' version='3' changeset='46002340' lat='50.1042647' lon='14.4304461' />
  <node id='280666902' action='delete' timestamp='2008-09-16T20:00:52Z' uid='17615' user='Petr Dlouhý' visible='true' version='2' changeset='647677' lat='50.1045708' lon='14.4298061' />
  <node id='280666904' action='delete' timestamp='2024-11-27T10:04:27Z' uid='718054' user='Piskvor' visible='true' version='4' changeset='159651624' lat='50.1048185' lon='14.4292133'>
    <tag k='railway' v='switch' />
    <tag k='railway:switch' v='default' />
  </node>
  <node id='280666907' action='delete' timestamp='2020-01-18T20:42:40Z' uid='8971394' user='vojtechzaboril' visible='true' version='4' changeset='79741100' lat='50.1048732' lon='14.4290268' />
  <node id='280666909' action='delete' timestamp='2017-02-11T16:53:37Z' uid='1340439' user='xtompok' visible='true' version='3' changeset='46002340' lat='50.1048' lon='14.4287333' />
  <node id='280666911' action='delete' timestamp='2017-02-11T16:53:37Z' uid='1340439' user='xtompok' visible='true' version='3' changeset='46002340' lat='50.104714' lon='14.4286507' />
  <node id='280666913' action='delete' timestamp='2017-02-11T16:53:37Z' uid='1340439' user='xtompok' visible='true' version='3' changeset='46002340' lat='50.1046022' lon='14.4286292' />
  <node id='280666915' action='delete' timestamp='2017-02-11T16:53:37Z' uid='1340439' user='xtompok' visible='true' version='3' changeset='46002340' lat='50.1045253' lon='14.4286627' />
  <node id='280666917' timestamp='2024-11-27T10:04:27Z' uid='718054' user='Piskvor' visible='true' version='6' changeset='159651624' lat='50.1044618' lon='14.4287676'>
    <tag k='railway' v='switch' />
    <tag k='railway:switch' v='default' />
  </node>
  <node id='280689814' action='delete' timestamp='2009-01-09T18:31:45Z' uid='17615' user='Petr Dlouhý' visible='true' version='2' changeset='764686' lat='50.1066698' lon='14.4056391'>
    <tag k='created_by' v='JOSM' />
  </node>
  <node id='280689815' action='delete' timestamp='2008-07-24T10:13:58Z' uid='17615' user='Petr Dlouhý' visible='true' version='1' changeset='580943' lat='50.1048939' lon='14.4072897'>
    <tag k='created_by' v='JOSM' />
  </node>
  <node id='280689816' action='delete' timestamp='2008-07-24T10:13:59Z' uid='17615' user='Petr Dlouhý' visible='true' version='1' changeset='580943' lat='50.1047677' lon='14.4073928'>
    <tag k='created_by' v='JOSM' />
  </node>
  <node id='280689818' action='delete' timestamp='2008-07-24T10:13:59Z' uid='17615' user='Petr Dlouhý' visible='true' version='1' changeset='580943' lat='50.1046295' lon='14.4127711'>
    <tag k='created_by' v='JOSM' />
  </node>
  <node id='280689819' action='delete' timestamp='2009-01-09T18:31:43Z' uid='17615' user='Petr Dlouhý' visible='true' version='2' changeset='764686' lat='50.1048054' lon='14.413589'>
    <tag k='created_by' v='JOSM' />
  </node>
  <node id='280689820' action='delete' timestamp='2009-01-09T18:31:44Z' uid='17615' user='Petr Dlouhý' visible='true' version='2' changeset='764686' lat='50.1047349' lon='14.4143008'>
    <tag k='created_by' v='JOSM' />
  </node>
  <node id='280689823' action='delete' timestamp='2018-10-26T19:12:30Z' uid='1189910' user='Milancer' visible='true' version='2' changeset='63911139' lat='50.1040866' lon='14.4162468' />
  <node id='280689824' action='delete' timestamp='2018-10-26T19:12:30Z' uid='1189910' user='Milancer' visible='true' version='2' changeset='63911139' lat='50.1038471' lon='14.4171713' />
  <node id='280689825' action='delete' timestamp='2018-10-26T19:12:30Z' uid='1189910' user='Milancer' visible='true' version='2' changeset='63911139' lat='50.1036928' lon='14.4178026' />
  <node id='280689826' action='delete' timestamp='2008-07-24T10:14:00Z' uid='17615' user='Petr Dlouhý' visible='true' version='1' changeset='580943' lat='50.1032933' lon='14.4180486'>
    <tag k='created_by' v='JOSM' />
  </node>
  <node id='280689828' action='delete' timestamp='2008-07-24T10:14:00Z' uid='17615' user='Petr Dlouhý' visible='true' version='1' changeset='580943' lat='50.1028262' lon='14.4231339'>
    <tag k='created_by' v='JOSM' />
  </node>
  <node id='280689831' action='delete' timestamp='2009-01-10T10:09:18Z' uid='17615' user='Petr Dlouhý' visible='true' version='2' changeset='765083' lat='50.1029802' lon='14.423343'>
    <tag k='created_by' v='JOSM' />
  </node>
  <node id='280689832' action='delete' timestamp='2009-01-10T10:09:17Z' uid='17615' user='Petr Dlouhý' visible='true' version='2' changeset='765083' lat='50.1030219' lon='14.4257626'>
    <tag k='created_by' v='JOSM' />
  </node>
  <node id='280689833' action='delete' timestamp='2022-10-01T14:08:07Z' uid='1189910' user='Milancer' visible='true' version='2' changeset='126861387' lat='50.1032154' lon='14.4275057' />
  <node id='280689836' action='delete' timestamp='2025-10-23T10:29:41Z' uid='10545359' user='kainloma' visible='true' version='3' changeset='173666530' lat='50.1040139' lon='14.4308477' />
  <node id='280689837' action='delete' timestamp='2008-07-24T10:14:01Z' uid='17615' user='Petr Dlouhý' visible='true' version='1' changeset='580943' lat='50.1039671' lon='14.4305471'>
    <tag k='created_by' v='JOSM' />
  </node>
  <node id='280689838' action='delete' timestamp='2011-10-15T11:04:18Z' uid='527259' user='Vratislav Filler' visible='true' version='2' changeset='9562482' lat='50.1042887' lon='14.4304636' />
  <node id='280689839' action='delete' timestamp='2021-05-26T14:44:01Z' uid='100163' user='Hlav' visible='true' version='4' changeset='105365179' lat='50.1045015' lon='14.4306178' />
  <node id='280689840' action='delete' timestamp='2015-11-21T15:01:08Z' uid='2169558' user='JandaM' visible='true' version='4' changeset='35489054' lat='50.1052846' lon='14.4286509' />
  <node id='280689841' action='delete' timestamp='2008-09-17T03:40:42Z' uid='3516' user='BiIbo' visible='true' version='2' changeset='654510' lat='50.1063518' lon='14.4278836'>
    <tag k='created_by' v='JOSM' />
  </node>
  <node id='280689842' action='delete' timestamp='2008-09-17T03:40:42Z' uid='3516' user='BiIbo' visible='true' version='2' changeset='654510' lat='50.1069392' lon='14.4257523'>
    <tag k='created_by' v='JOSM' />
  </node>
  <node id='280689843' action='delete' timestamp='2008-09-17T03:40:42Z' uid='3516' user='BiIbo' visible='true' version='2' changeset='654510' lat='50.1073645' lon='14.4248983'>
    <tag k='created_by' v='JOSM' />
  </node>
  <node id='280689844' action='delete' timestamp='2015-10-04T22:01:35Z' uid='17615' user='Petr Dlouhý' visible='true' version='3' changeset='34437751' lat='50.1080189' lon='14.4241964' />
  <node id='280689845' action='delete' timestamp='2015-10-04T22:01:35Z' uid='17615' user='Petr Dlouhý' visible='true' version='4' changeset='34437751' lat='50.1084963' lon='14.4236995' />
  <node id='280689847' action='delete' timestamp='2011-01-12T20:13:13Z' uid='177221' user='reki' visible='true' version='2' changeset='6950712' lat='50.1101177' lon='14.4232782' />
  <node id='296716742' action='delete' timestamp='2024-03-30T19:27:12Z' uid='10932047' user='Yakari (kleiner Indianer)' visible='true' version='3' changeset='149365609' lat='50.1055622' lon='14.4286387'>
    <tag k='addr:conscriptionnumber' v='391' />
    <tag k='addr:housenumber' v='391' />
    <tag k='addr:postcode' v='17000' />
    <tag k='addr:street' v='Královská obora' />
    <tag k='ref:ruian:addr' v='22294988' />
    <tag k='source:addr' v='cuzk:ruian' />
  </node>
  <node id='296745374' action='delete' timestamp='2017-11-17T21:16:43Z' uid='1942179' user='CzechAddress' visible='true' version='3' changeset='53886025' lat='50.1046159' lon='14.4305628'>
    <tag k='addr:conscriptionnumber' v='67' />
    <tag k='addr:housenumber' v='67' />
    <tag k='addr:place' v='Bubeneč' />
    <tag k='addr:postcode' v='17000' />
    <tag k='addr:street' v='Výstaviště' />
    <tag k='ref:ruian:addr' v='77801288' />
  </node>
  <node id='297543607' action='delete' timestamp='2022-03-31T11:26:02Z' uid='100163' user='Hlav' visible='true' version='3' changeset='119155260' lat='50.1063828' lon='14.4275508' />
  <node id='297543610' action='delete' timestamp='2008-09-16T20:00:29Z' uid='17615' user='Petr Dlouhý' visible='true' version='1' changeset='647677' lat='50.1059936' lon='14.4280448' />
  <node id='297543612' action='delete' timestamp='2019-04-14T19:20:08Z' uid='665336' user='Minimalis' visible='true' version='3' changeset='69211823' lat='50.1054174' lon='14.4282857' />
  <node id='297543615' timestamp='2016-09-19T10:18:08Z' uid='17615' user='Petr Dlouhý' visible='true' version='2' changeset='42266539' lat='50.1041576' lon='14.4297917' />
  <node id='297543620' action='delete' timestamp='2024-09-25T16:21:09Z' uid='8971394' user='vojtechzaboril' visible='true' version='5' changeset='157091549' lat='50.1041462' lon='14.4302439' />
  <node id='297543623' timestamp='2021-03-30T18:11:33Z' uid='11276832' user='HaPe-CZ' visible='true' version='3' changeset='102002843' lat='50.1042966' lon='14.4292968' />
  <node id='297543625' action='delete' timestamp='2017-02-11T16:53:38Z' uid='1340439' user='xtompok' visible='true' version='2' changeset='46002340' lat='50.1048626' lon='14.428874' />
  <node id='297543628' action='delete' timestamp='2008-09-16T20:00:30Z' uid='17615' user='Petr Dlouhý' visible='true' version='1' changeset='647677' lat='50.1048569' lon='14.4291106' />
  <node id='297543634' action='delete' timestamp='2025-05-08T08:15:39Z' uid='70938' user='isidor' visible='true' version='6' changeset='165970140' lat='50.1041678' lon='14.4307642'>
    <tag k='railway' v='switch' />
    <tag k='railway:switch' v='default' />
    <tag k='ref' v='784' />
  </node>
  <node id='297543637' action='delete' timestamp='2024-11-27T10:04:27Z' uid='718054' user='Piskvor' visible='true' version='4' changeset='159651624' lat='50.1044068' lon='14.4301925'>
    <tag k='railway' v='switch' />
    <tag k='railway:switch' v='default' />
  </node>
  <node id='297543651' action='delete' timestamp='2017-02-11T16:53:38Z' uid='1340439' user='xtompok' visible='true' version='2' changeset='46002340' lat='50.1043114' lon='14.430374' />
  <node id='297543655' action='delete' timestamp='2021-03-30T18:11:33Z' uid='11276832' user='HaPe-CZ' visible='true' version='3' changeset='102002843' lat='50.1042295' lon='14.4305034' />
  <node id='297543658' action='delete' timestamp='2025-05-15T16:37:51Z' uid='10317199' user='adam 12' visible='true' version='5' changeset='166314028' lat='50.1041808' lon='14.4306249'>
    <tag k='railway' v='tram_level_crossing' />
  </node>
  <node id='297543665' action='delete' timestamp='2022-01-28T19:20:43Z' uid='1189910' user='Milancer' visible='true' version='4' changeset='116720050' lat='50.1035282' lon='14.4261964'>
    <tag k='source' v='Bing;cuzk' />
  </node>
  <node id='297623973' action='delete' timestamp='2011-08-25T08:22:42Z' uid='84326' user='Mike Crash' visible='true' version='2' changeset='9119112' lat='50.1074196' lon='14.4313' />
  <node id='297623974' action='delete' timestamp='2008-09-17T03:27:47Z' uid='3516' user='BiIbo' visible='true' version='1' changeset='654510' lat='50.1070963' lon='14.4301508' />
  <node id='297623976' action='delete' timestamp='2010-12-05T21:17:41Z' uid='17615' user='Petr Dlouhý' visible='true' version='2' changeset='6556959' lat='50.1068718' lon='14.4291844' />
  <node id='297623977' action='delete' timestamp='2010-12-05T21:17:53Z' uid='17615' user='Petr Dlouhý' visible='true' version='2' changeset='6556959' lat='50.1067369' lon='14.4289128' />
  <node id='297623978' action='delete' timestamp='2022-03-31T11:26:02Z' uid='100163' user='Hlav' visible='true' version='2' changeset='119155260' lat='50.1064762' lon='14.4279537' />
  <node id='297623979' action='delete' timestamp='2010-12-05T21:18:15Z' uid='17615' user='Petr Dlouhý' visible='true' version='2' changeset='6556959' lat='50.1070571' lon='14.4275387' />
  <node id='297623981' action='delete' timestamp='2021-05-04T12:59:19Z' uid='100163' user='Hlav' visible='true' version='3' changeset='104126075' lat='50.1068152' lon='14.4290191' />
  <node id='297623982' action='delete' timestamp='2022-03-31T11:26:02Z' uid='100163' user='Hlav' visible='true' version='3' changeset='119155260' lat='50.1067506' lon='14.4277516' />
  <node id='297623983' action='delete' timestamp='2008-09-17T03:27:48Z' uid='3516' user='BiIbo' visible='true' version='1' changeset='654510' lat='50.1058636' lon='14.4283936' />
  <node id='297623984' action='delete' timestamp='2010-12-05T21:18:07Z' uid='17615' user='Petr Dlouhý' visible='true' version='2' changeset='6556959' lat='50.1058073' lon='14.4287754' />
  <node id='297623985' action='delete' timestamp='2020-06-05T04:28:54Z' uid='191339' user='hopet' visible='true' version='3' changeset='86218611' lat='50.1066714' lon='14.4317953' />
  <node id='297623986' action='delete' timestamp='2010-12-05T21:18:25Z' uid='17615' user='Petr Dlouhý' visible='true' version='2' changeset='6556959' lat='50.1056555' lon='14.4289294' />
  <node id='297623987' action='delete' timestamp='2008-09-17T03:27:48Z' uid='3516' user='BiIbo' visible='true' version='1' changeset='654510' lat='50.1057872' lon='14.4297977' />
  <node id='297623988' action='delete' timestamp='2020-06-05T04:28:54Z' uid='191339' user='hopet' visible='true' version='3' changeset='86218611' lat='50.1064236' lon='14.4319512' />
  <node id='297624005' action='delete' timestamp='2021-05-26T14:44:01Z' uid='100163' user='Hlav' visible='true' version='3' changeset='105365179' lat='50.1048391' lon='14.430618' />
  <node id='297624006' action='delete' timestamp='2010-12-05T21:17:54Z' uid='17615' user='Petr Dlouhý' visible='true' version='2' changeset='6556959' lat='50.1060842' lon='14.4307744' />
  <node id='297624007' action='delete' timestamp='2008-09-17T03:32:01Z' uid='3516' user='BiIbo' visible='true' version='2' changeset='654510' lat='50.1050167' lon='14.4313676' />
  <node id='297624008' action='delete' timestamp='2008-09-17T03:27:51Z' uid='3516' user='BiIbo' visible='true' version='1' changeset='654510' lat='50.1052212' lon='14.430333' />
  <node id='297624009' action='delete' timestamp='2021-05-26T14:44:01Z' uid='100163' user='Hlav' visible='true' version='2' changeset='105365179' lat='50.1052694' lon='14.43052' />
  <node id='297624010' action='delete' timestamp='2017-04-07T09:31:57Z' uid='100163' user='Hlav' visible='true' version='2' changeset='47533355' lat='50.1053864' lon='14.4309324' />
  <node id='297624011' action='delete' timestamp='2008-09-17T03:27:51Z' uid='3516' user='BiIbo' visible='true' version='1' changeset='654510' lat='50.1054255' lon='14.4310782' />
  <node id='297624012' action='delete' timestamp='2010-12-05T21:17:47Z' uid='17615' user='Petr Dlouhý' visible='true' version='2' changeset='6556959' lat='50.1060551' lon='14.4296122' />
  <node id='297624013' action='delete' timestamp='2008-09-17T03:27:52Z' uid='3516' user='BiIbo' visible='true' version='1' changeset='654510' lat='50.1057454' lon='14.4299634' />
  <node id='297624014' action='delete' timestamp='2021-05-26T14:44:01Z' uid='100163' user='Hlav' visible='true' version='2' changeset='105365179' lat='50.1057598' lon='14.4301226' />
  <node id='297624015' action='delete' timestamp='2021-05-26T14:44:01Z' uid='100163' user='Hlav' visible='true' version='3' changeset='105365179' lat='50.1049187' lon='14.4307554' />
  <node id='297624016' action='delete' timestamp='2017-04-07T09:31:57Z' uid='100163' user='Hlav' visible='true' version='3' changeset='47533355' lat='50.1049993' lon='14.431202' />
  <node id='297624017' action='delete' timestamp='2018-02-10T13:41:25Z' uid='969558' user='Matej Lieskovský' visible='true' version='3' changeset='56240989' lat='50.1058508' lon='14.4305811' />
  <node id='297624018' action='delete' timestamp='2008-09-17T03:27:52Z' uid='3516' user='BiIbo' visible='true' version='1' changeset='654510' lat='50.1059651' lon='14.4307116' />
  <node id='297624019' action='delete' timestamp='2010-12-05T21:18:17Z' uid='17615' user='Petr Dlouhý' visible='true' version='2' changeset='6556959' lat='50.1063423' lon='14.4306046' />
  <node id='297624069' action='delete' timestamp='2011-10-15T11:04:18Z' uid='527259' user='Vratislav Filler' visible='true' version='2' changeset='9562482' lat='50.1044146' lon='14.4305675' />
  <node id='297624070' action='delete' timestamp='2011-10-15T11:04:18Z' uid='527259' user='Vratislav Filler' visible='true' version='2' changeset='9562482' lat='50.1046251' lon='14.4306914' />
  <node id='297624071' action='delete' timestamp='2021-05-26T14:44:01Z' uid='100163' user='Hlav' visible='true' version='3' changeset='105365179' lat='50.1046424' lon='14.4307425' />
  <node id='297624072' action='delete' timestamp='2017-04-07T09:55:54Z' uid='100163' user='Hlav' visible='true' version='3' changeset='47533355' lat='50.1047978' lon='14.4309366' />
  <node id='297624074' action='delete' timestamp='2017-04-07T09:55:54Z' uid='100163' user='Hlav' visible='true' version='2' changeset='47533355' lat='50.1048385' lon='14.431387' />
  <node id='297624075' action='delete' timestamp='2011-10-15T11:04:18Z' uid='527259' user='Vratislav Filler' visible='true' version='4' changeset='9562482' lat='50.1048153' lon='14.4318037' />
  <node id='297624076' action='delete' timestamp='2021-05-26T14:44:01Z' uid='100163' user='Hlav' visible='true' version='4' changeset='105365179' lat='50.1051102' lon='14.43191' />
  <node id='297624081' action='delete' timestamp='2025-09-01T12:00:26Z' uid='21772938' user='316filip' visible='true' version='6' changeset='171310729' lat='50.1050966' lon='14.4320015'>
    <tag k='barrier' v='gate' />
    <tag k='maxwidth:physical' v='4.5' />
  </node>
  <node id='297624083' action='delete' timestamp='2017-04-07T09:45:17Z' uid='100163' user='Hlav' visible='true' version='2' changeset='47533355' lat='50.1057679' lon='14.4308641' />
  <node id='297624089' action='delete' timestamp='2019-10-24T06:27:15Z' uid='1558400' user='Kudej' visible='true' version='3' changeset='76134514' lat='50.1048326' lon='14.431059' />
  <node id='297624257' action='delete' timestamp='2010-12-05T21:17:41Z' uid='17615' user='Petr Dlouhý' visible='true' version='2' changeset='6556959' lat='50.1070828' lon='14.4299536' />
  <node id='297624395' action='delete' timestamp='2020-07-14T19:21:13Z' uid='6588887' user='Martin2035' visible='true' version='2' changeset='87993771' lat='50.1069741' lon='14.4266813' />
  <node id='297624396' action='delete' timestamp='2020-07-14T19:21:13Z' uid='6588887' user='Martin2035' visible='true' version='3' changeset='87993771' lat='50.1068159' lon='14.4267642'>
    <tag k='access' v='yes' />
    <tag k='barrier' v='gate' />
    <tag k='source' v='survey' />
  </node>
  <node id='297625289' action='delete' timestamp='2008-09-17T03:40:41Z' uid='3516' user='BiIbo' visible='true' version='1' changeset='654510' lat='50.1071272' lon='14.4252702' />
  <node id='297625290' action='delete' timestamp='2011-01-12T20:13:13Z' uid='177221' user='reki' visible='true' version='2' changeset='6950712' lat='50.1088035' lon='14.4231494' />
  <node id='297625291' action='delete' timestamp='2020-07-14T19:21:13Z' uid='6588887' user='Martin2035' visible='true' version='3' changeset='87993771' lat='50.1100109' lon='14.4225979' />
  <node id='329684259' action='delete' timestamp='2018-01-15T19:53:00Z' uid='969558' user='Matej Lieskovský' visible='true' version='3' changeset='55473937' lat='50.1062674' lon='14.4200491' />
  <node id='329684325' action='delete' timestamp='2018-01-15T19:53:00Z' uid='969558' user='Matej Lieskovský' visible='true' version='2' changeset='55473937' lat='50.1062224' lon='14.4200751' />
  <node id='329684328' action='delete' timestamp='2018-01-15T19:53:00Z' uid='969558' user='Matej Lieskovský' visible='true' version='2' changeset='55473937' lat='50.1061924' lon='14.420061' />
  <node id='329684330' action='delete' timestamp='2018-01-15T19:53:00Z' uid='969558' user='Matej Lieskovský' visible='true' version='2' changeset='55473937' lat='50.1061464' lon='14.4198386' />
  <node id='329684333' action='delete' timestamp='2018-01-15T19:53:00Z' uid='969558' user='Matej Lieskovský' visible='true' version='2' changeset='55473937' lat='50.1061487' lon='14.4196136' />
  <node id='329684337' action='delete' timestamp='2009-01-06T22:58:59Z' uid='17615' user='Petr Dlouhý' visible='true' version='1' changeset='751468' lat='50.1061504' lon='14.4194955' />
  <node id='329684341' action='delete' timestamp='2009-01-06T22:58:59Z' uid='17615' user='Petr Dlouhý' visible='true' version='1' changeset='751468' lat='50.1062205' lon='14.4194826' />
  <node id='329684343' action='delete' timestamp='2009-01-06T22:59:00Z' uid='17615' user='Petr Dlouhý' visible='true' version='1' changeset='751468' lat='50.1063823' lon='14.4194342' />
  <node id='329684347' action='delete' timestamp='2009-01-06T22:59:00Z' uid='17615' user='Petr Dlouhý' visible='true' version='1' changeset='751468' lat='50.106469' lon='14.4195028' />
  <node id='329684350' action='delete' timestamp='2018-01-15T19:53:00Z' uid='969558' user='Matej Lieskovský' visible='true' version='2' changeset='55473937' lat='50.1065179' lon='14.4196082' />
  <node id='329684352' action='delete' timestamp='2018-01-15T19:53:00Z' uid='969558' user='Matej Lieskovský' visible='true' version='2' changeset='55473937' lat='50.1064264' lon='14.4198164' />
  <node id='329684354' action='delete' timestamp='2010-12-05T21:18:14Z' uid='17615' user='Petr Dlouhý' visible='true' version='2' changeset='6556959' lat='50.1060546' lon='14.4200149' />
  <node id='329684369' action='delete' timestamp='2019-03-16T20:58:27Z' uid='969558' user='Matej Lieskovský' visible='true' version='2' changeset='68213598' lat='50.1054857' lon='14.4181108' />
  <node id='329684370' action='delete' timestamp='2009-01-06T22:59:02Z' uid='17615' user='Petr Dlouhý' visible='true' version='1' changeset='751468' lat='50.1053209' lon='14.4190971' />
  <node id='329684373' action='delete' timestamp='2019-03-16T20:58:27Z' uid='969558' user='Matej Lieskovský' visible='true' version='2' changeset='68213598' lat='50.1053536' lon='14.4183289' />
  <node id='329684377' action='delete' timestamp='2019-03-16T20:58:27Z' uid='969558' user='Matej Lieskovský' visible='true' version='2' changeset='68213598' lat='50.1053878' lon='14.4181137' />
  <node id='329684379' action='delete' timestamp='2019-03-16T20:58:27Z' uid='969558' user='Matej Lieskovský' visible='true' version='2' changeset='68213598' lat='50.1058843' lon='14.4187014' />
  <node id='329684381' action='delete' timestamp='2019-03-16T20:58:27Z' uid='969558' user='Matej Lieskovský' visible='true' version='2' changeset='68213598' lat='50.105748' lon='14.4184152' />
  <node id='329684384' action='delete' timestamp='2019-03-16T20:58:27Z' uid='969558' user='Matej Lieskovský' visible='true' version='2' changeset='68213598' lat='50.1055356' lon='14.4182105' />
  <node id='329684388' action='delete' timestamp='2019-03-16T20:58:27Z' uid='969558' user='Matej Lieskovský' visible='true' version='2' changeset='68213598' lat='50.1057003' lon='14.4183716' />
  <node id='329684391' action='delete' timestamp='2019-03-16T20:58:27Z' uid='969558' user='Matej Lieskovský' visible='true' version='2' changeset='68213598' lat='50.105617' lon='14.4183053' />
  <node id='329684395' action='delete' timestamp='2009-01-06T22:59:04Z' uid='17615' user='Petr Dlouhý' visible='true' version='1' changeset='751468' lat='50.106007' lon='14.4191639' />
  <node id='329684398' action='delete' timestamp='2009-01-06T22:59:04Z' uid='17615' user='Petr Dlouhý' visible='true' version='1' changeset='751468' lat='50.1060708' lon='14.4193045' />
  <node id='329684402' action='delete' timestamp='2009-01-06T22:59:05Z' uid='17615' user='Petr Dlouhý' visible='true' version='1' changeset='751468' lat='50.1060991' lon='14.4194711' />
  <node id='329684404' action='delete' timestamp='2019-03-16T20:58:27Z' uid='969558' user='Matej Lieskovský' visible='true' version='2' changeset='68213598' lat='50.1057588' lon='14.4195013' />
  <node id='329684407' action='delete' timestamp='2019-03-16T20:58:27Z' uid='969558' user='Matej Lieskovský' visible='true' version='2' changeset='68213598' lat='50.1054505' lon='14.4191672' />
  <node id='329684411' action='delete' timestamp='2009-01-06T22:59:06Z' uid='17615' user='Petr Dlouhý' visible='true' version='1' changeset='751468' lat='50.1055513' lon='14.419352' />
  <node id='329684416' action='delete' timestamp='2019-03-16T20:58:27Z' uid='969558' user='Matej Lieskovský' visible='true' version='2' changeset='68213598' lat='50.1055657' lon='14.4194362' />
  <node id='329684451' action='delete' timestamp='2019-03-16T20:58:27Z' uid='969558' user='Matej Lieskovský' visible='true' version='2' changeset='68213598' lat='50.1058475' lon='14.4196274' />
  <node id='329684455' action='delete' timestamp='2009-01-06T22:59:08Z' uid='17615' user='Petr Dlouhý' visible='true' version='1' changeset='751468' lat='50.1060003' lon='14.4196781' />
  <node id='329684459' action='delete' timestamp='2019-03-16T20:58:27Z' uid='969558' user='Matej Lieskovský' visible='true' version='2' changeset='68213598' lat='50.1058717' lon='14.4196718' />
  <node id='329684463' action='delete' timestamp='2018-01-15T19:53:00Z' uid='969558' user='Matej Lieskovský' visible='true' version='2' changeset='55473937' lat='50.106094' lon='14.419592' />
  <node id='329684499' action='delete' timestamp='2018-01-15T19:53:00Z' uid='969558' user='Matej Lieskovský' visible='true' version='3' changeset='55473937' lat='50.1054225' lon='14.4178617' />
  <node id='329684502' action='delete' timestamp='2015-10-04T22:01:35Z' uid='17615' user='Petr Dlouhý' visible='true' version='7' changeset='34437751' lat='50.10536' lon='14.418015' />
  <node id='329684505' action='delete' timestamp='2021-03-27T21:16:00Z' uid='873469' user='R3gi' visible='true' version='3' changeset='101854630' lat='50.1052489' lon='14.4188694' />
  <node id='329684507' action='delete' timestamp='2021-03-27T21:16:00Z' uid='873469' user='R3gi' visible='true' version='2' changeset='101854630' lat='50.10526' lon='14.4190871' />
  <node id='329684513' action='delete' timestamp='2009-01-06T22:59:11Z' uid='17615' user='Petr Dlouhý' visible='true' version='1' changeset='751468' lat='50.1053284' lon='14.4192303' />
  <node id='329684521' action='delete' timestamp='2015-10-04T22:01:35Z' uid='17615' user='Petr Dlouhý' visible='true' version='2' changeset='34437751' lat='50.1055696' lon='14.4195383' />
  <node id='329684525' action='delete' timestamp='2021-03-27T21:16:00Z' uid='873469' user='R3gi' visible='true' version='3' changeset='101854630' lat='50.1059007' lon='14.4198992' />
  <node id='329712759' timestamp='2019-10-23T14:55:41Z' uid='1558400' user='Kudej' visible='true' version='2' changeset='76110720' lat='50.1051726' lon='14.4215519' />
  <node id='329712763' action='delete' timestamp='2012-09-09T09:36:04Z' uid='520972' user='Karl Von Bahnhoff' visible='true' version='2' changeset='13042303' lat='50.105436' lon='14.4208989' />
  <node id='329712773' action='delete' timestamp='2019-10-23T14:55:41Z' uid='1558400' user='Kudej' visible='true' version='2' changeset='76110720' lat='50.1051488' lon='14.4213151' />
  <node id='329712781' timestamp='2019-10-23T14:55:41Z' uid='1558400' user='Kudej' visible='true' version='2' changeset='76110720' lat='50.1048489' lon='14.4217072' />
  <node id='329712789' action='delete' timestamp='2009-01-06T23:26:39Z' uid='17615' user='Petr Dlouhý' visible='true' version='1' changeset='751468' lat='50.1046606' lon='14.4218392' />
  <node id='329712798' timestamp='2009-01-06T23:26:39Z' uid='17615' user='Petr Dlouhý' visible='true' version='1' changeset='751468' lat='50.1044846' lon='14.4218907' />
  <node id='329712808' action='delete' timestamp='2009-01-06T23:26:39Z' uid='17615' user='Petr Dlouhý' visible='true' version='1' changeset='751468' lat='50.1043525' lon='14.4218449' />
  <node id='329712815' action='delete' timestamp='2009-01-06T23:26:40Z' uid='17615' user='Petr Dlouhý' visible='true' version='1' changeset='751468' lat='50.1042333' lon='14.4217277' />
  <node id='329712826' action='delete' timestamp='2009-01-06T23:26:40Z' uid='17615' user='Petr Dlouhý' visible='true' version='1' changeset='751468' lat='50.1041863' lon='14.4216255' />
  <node id='329712837' action='delete' timestamp='2009-01-06T23:26:40Z' uid='17615' user='Petr Dlouhý' visible='true' version='1' changeset='751468' lat='50.1041325' lon='14.4213417' />
  <node id='329712845' timestamp='2009-01-06T23:26:41Z' uid='17615' user='Petr Dlouhý' visible='true' version='1' changeset='751468' lat='50.1040866' lon='14.4193746' />
  <node id='329712859' action='delete' timestamp='2009-01-06T23:26:41Z' uid='17615' user='Petr Dlouhý' visible='true' version='1' changeset='751468' lat='50.1040885' lon='14.4184254' />
  <node id='329712873' action='delete' timestamp='2021-03-28T16:11:10Z' uid='873469' user='R3gi' visible='true' version='2' changeset='101880309' lat='50.1041208' lon='14.4178489' />
  <node id='329712911' action='delete' timestamp='2009-01-06T23:26:43Z' uid='17615' user='Petr Dlouhý' visible='true' version='1' changeset='751468' lat='50.1044843' lon='14.415135' />
  <node id='329712944' action='delete' timestamp='2022-01-05T10:03:03Z' uid='8971394' user='vojtechzaboril' visible='true' version='2' changeset='115789366' lat='50.1050067' lon='14.4186124' />
  <node id='329712951' action='delete' timestamp='2023-07-28T12:45:27Z' uid='100163' user='Hlav' visible='true' version='3' changeset='139134143' lat='50.1049775' lon='14.4189178' />
  <node id='329713016' action='delete' timestamp='2021-04-19T09:27:19Z' uid='873469' user='R3gi' visible='true' version='2' changeset='103184274' lat='50.1047972' lon='14.4193719' />
  <node id='329713028' action='delete' timestamp='2021-03-28T16:11:10Z' uid='873469' user='R3gi' visible='true' version='2' changeset='101880309' lat='50.1044771' lon='14.418892' />
  <node id='329713031' action='delete' timestamp='2021-03-28T16:11:10Z' uid='873469' user='R3gi' visible='true' version='2' changeset='101880309' lat='50.1045924' lon='14.4191136' />
  <node id='329713038' action='delete' timestamp='2021-04-19T09:27:19Z' uid='873469' user='R3gi' visible='true' version='3' changeset='103184274' lat='50.1046694' lon='14.4192411' />
  <node id='329713045' action='delete' timestamp='2023-07-28T12:45:27Z' uid='100163' user='Hlav' visible='true' version='2' changeset='139134143' lat='50.10522' lon='14.42077' />
  <node id='329713049' action='delete' timestamp='2009-01-06T23:26:48Z' uid='17615' user='Petr Dlouhý' visible='true' version='1' changeset='751468' lat='50.1053277' lon='14.4209657' />
  <node id='329713102' action='delete' timestamp='2023-07-28T12:45:27Z' uid='100163' user='Hlav' visible='true' version='2' changeset='139134143' lat='50.1051541' lon='14.4209755' />
  <node id='329713111' action='delete' timestamp='2023-07-28T12:45:27Z' uid='100163' user='Hlav' visible='true' version='2' changeset='139134143' lat='50.1050558' lon='14.4211765' />
  <node id='329713118' action='delete' timestamp='2009-01-06T23:26:51Z' uid='17615' user='Petr Dlouhý' visible='true' version='1' changeset='751468' lat='50.1049947' lon='14.4213043' />
  <node id='329713125' action='delete' timestamp='2010-02-21T17:43:53Z' uid='162287' user='zby-cz' visible='true' version='2' changeset='3936397' lat='50.1048989' lon='14.4214224' />
  <node id='329713129' action='delete' timestamp='2009-01-06T23:26:51Z' uid='17615' user='Petr Dlouhý' visible='true' version='1' changeset='751468' lat='50.1047634' lon='14.4215448' />
  <node id='329713134' action='delete' timestamp='2009-01-06T23:26:51Z' uid='17615' user='Petr Dlouhý' visible='true' version='1' changeset='751468' lat='50.1046441' lon='14.4216265' />
  <node id='329713139' action='delete' timestamp='2009-01-06T23:26:52Z' uid='17615' user='Petr Dlouhý' visible='true' version='1' changeset='751468' lat='50.1045073' lon='14.42169' />
  <node id='329713147' action='delete' timestamp='2009-01-06T23:26:52Z' uid='17615' user='Petr Dlouhý' visible='true' version='1' changeset='751468' lat='50.1044317' lon='14.4216877' />
  <node id='329713154' action='delete' timestamp='2009-01-06T23:26:52Z' uid='17615' user='Petr Dlouhý' visible='true' version='1' changeset='751468' lat='50.1043677' lon='14.4216446' />
  <node id='329713159' action='delete' timestamp='2009-01-06T23:26:52Z' uid='17615' user='Petr Dlouhý' visible='true' version='1' changeset='751468' lat='50.1043244' lon='14.4215825' />
  <node id='329713164' action='delete' timestamp='2009-01-06T23:26:52Z' uid='17615' user='Petr Dlouhý' visible='true' version='1' changeset='751468' lat='50.1043013' lon='14.4215419' />
  <node id='329713168' action='delete' timestamp='2009-01-06T23:26:52Z' uid='17615' user='Petr Dlouhý' visible='true' version='1' changeset='751468' lat='50.1042879' lon='14.4214896' />
  <node id='329713173' action='delete' timestamp='2009-01-06T23:26:53Z' uid='17615' user='Petr Dlouhý' visible='true' version='1' changeset='751468' lat='50.1042916' lon='14.4214373' />
  <node id='329713176' action='delete' timestamp='2009-01-06T23:26:53Z' uid='17615' user='Petr Dlouhý' visible='true' version='1' changeset='751468' lat='50.1043103' lon='14.4213665' />
  <node id='329713181' action='delete' timestamp='2009-01-06T23:26:53Z' uid='17615' user='Petr Dlouhý' visible='true' version='1' changeset='751468' lat='50.1043512' lon='14.4212085' />
  <node id='329713189' action='delete' timestamp='2016-09-19T10:18:09Z' uid='17615' user='Petr Dlouhý' visible='true' version='2' changeset='42266539' lat='50.1043646' lon='14.4210477' />
  <node id='329713196' action='delete' timestamp='2016-09-19T10:18:09Z' uid='17615' user='Petr Dlouhý' visible='true' version='2' changeset='42266539' lat='50.1043627' lon='14.4208619' />
  <node id='329713207' action='delete' timestamp='2016-09-19T10:18:09Z' uid='17615' user='Petr Dlouhý' visible='true' version='2' changeset='42266539' lat='50.1043169' lon='14.420012' />
  <node id='329713213' action='delete' timestamp='2016-09-19T10:18:09Z' uid='17615' user='Petr Dlouhý' visible='true' version='2' changeset='42266539' lat='50.1040937' lon='14.4195642' />
  <node id='329713224' action='delete' timestamp='2009-01-06T23:26:55Z' uid='17615' user='Petr Dlouhý' visible='true' version='1' changeset='751468' lat='50.1041488' lon='14.4214961' />
  <node id='330588289' action='delete' timestamp='2019-03-16T20:58:27Z' uid='969558' user='Matej Lieskovský' visible='true' version='2' changeset='68213598' lat='50.1054662' lon='14.4180466' />
  <node id='330588292' action='delete' timestamp='2019-03-16T20:58:27Z' uid='969558' user='Matej Lieskovský' visible='true' version='3' changeset='68213598' lat='50.1054327' lon='14.4180599' />
  <node id='330588361' action='delete' timestamp='2023-07-28T12:45:27Z' uid='100163' user='Hlav' visible='true' version='3' changeset='139134143' lat='50.1046111' lon='14.4169783' />
  <node id='330588489' action='delete' timestamp='2018-10-26T19:12:30Z' uid='1189910' user='Milancer' visible='true' version='2' changeset='63911139' lat='50.1043672' lon='14.4146927' />
  <node id='330799196' timestamp='2015-11-22T10:37:28Z' uid='2169558' user='JandaM' visible='true' version='2' changeset='35505393' lat='50.1049951' lon='14.4220749' />
  <node id='330799197' timestamp='2015-11-22T10:37:28Z' uid='2169558' user='JandaM' visible='true' version='3' changeset='35505393' lat='50.1051666' lon='14.4220648' />
  <node id='330799198' timestamp='2015-11-22T10:37:28Z' uid='2169558' user='JandaM' visible='true' version='3' changeset='35505393' lat='50.1051732' lon='14.4223208' />
  <node id='330799199' timestamp='2015-11-22T10:37:28Z' uid='2169558' user='JandaM' visible='true' version='2' changeset='35505393' lat='50.1050423' lon='14.4223274' />
  <node id='330799200' timestamp='2015-11-22T10:37:28Z' uid='2169558' user='JandaM' visible='true' version='2' changeset='35505393' lat='50.1050406' lon='14.4221602' />
  <node id='330799201' timestamp='2015-11-22T10:37:28Z' uid='2169558' user='JandaM' visible='true' version='2' changeset='35505393' lat='50.1049985' lon='14.4221641' />
  <node id='330799324' action='delete' timestamp='2009-01-10T10:09:17Z' uid='17615' user='Petr Dlouhý' visible='true' version='1' changeset='765083' lat='50.103122' lon='14.4248854' />
  <node id='331184316' timestamp='2015-11-21T15:01:10Z' uid='2169558' user='JandaM' visible='true' version='3' changeset='35489054' lat='50.1057015' lon='14.4274581' />
  <node id='331184318' timestamp='2015-11-21T15:01:10Z' uid='2169558' user='JandaM' visible='true' version='2' changeset='35489054' lat='50.105525' lon='14.4272233' />
  <node id='331184320' timestamp='2015-11-21T15:01:10Z' uid='2169558' user='JandaM' visible='true' version='3' changeset='35489054' lat='50.1054258' lon='14.4272602' />
  <node id='331184324' timestamp='2015-11-21T15:01:10Z' uid='2169558' user='JandaM' visible='true' version='3' changeset='35489054' lat='50.1053098' lon='14.427563' />
  <node id='331184326' timestamp='2015-11-21T15:01:10Z' uid='2169558' user='JandaM' visible='true' version='3' changeset='35489054' lat='50.1053885' lon='14.4277804' />
  <node id='331184328' timestamp='2015-11-21T15:01:10Z' uid='2169558' user='JandaM' visible='true' version='3' changeset='35489054' lat='50.1054871' lon='14.4278412' />
  <node id='331184330' timestamp='2012-06-12T11:45:14Z' uid='102554' user='Jezevec' visible='true' version='2' changeset='11873484' lat='50.1056473' lon='14.4277564' />
  <node id='331184336' timestamp='2015-11-21T15:01:10Z' uid='2169558' user='JandaM' visible='true' version='3' changeset='35489054' lat='50.1055901' lon='14.4278162' />
  <node id='331184337' timestamp='2015-11-21T15:01:10Z' uid='2169558' user='JandaM' visible='true' version='3' changeset='35489054' lat='50.1055755' lon='14.4278251' />
  <node id='331184338' timestamp='2015-11-21T15:01:10Z' uid='2169558' user='JandaM' visible='true' version='3' changeset='35489054' lat='50.1055934' lon='14.4278339' />
  <node id='331184339' timestamp='2015-11-21T15:01:10Z' uid='2169558' user='JandaM' visible='true' version='3' changeset='35489054' lat='50.1055799' lon='14.4278419' />
  <node id='331184340' timestamp='2015-11-21T15:01:10Z' uid='2169558' user='JandaM' visible='true' version='3' changeset='35489054' lat='50.1054534' lon='14.4278313' />
  <node id='331184341' timestamp='2015-11-21T15:01:10Z' uid='2169558' user='JandaM' visible='true' version='3' changeset='35489054' lat='50.1053671' lon='14.4278093' />
  <node id='331184342' timestamp='2015-11-21T15:01:10Z' uid='2169558' user='JandaM' visible='true' version='3' changeset='35489054' lat='50.1053091' lon='14.4276923' />
  <node id='331184343' timestamp='2015-11-21T15:01:10Z' uid='2169558' user='JandaM' visible='true' version='3' changeset='35489054' lat='50.1054306' lon='14.4272434' />
  <node id='331184344' timestamp='2015-11-21T15:01:10Z' uid='2169558' user='JandaM' visible='true' version='3' changeset='35489054' lat='50.1054264' lon='14.4272027' />
  <node id='331184345' timestamp='2015-11-21T15:01:10Z' uid='2169558' user='JandaM' visible='true' version='3' changeset='35489054' lat='50.1055214' lon='14.4271798' />
  <node id='331184346' timestamp='2015-11-21T15:01:10Z' uid='2169558' user='JandaM' visible='true' version='3' changeset='35489054' lat='50.105691' lon='14.4274063' />
  <node id='331184347' timestamp='2015-11-21T15:01:10Z' uid='2169558' user='JandaM' visible='true' version='3' changeset='35489054' lat='50.1056951' lon='14.4273786' />
  <node id='331184348' timestamp='2015-11-21T15:01:10Z' uid='2169558' user='JandaM' visible='true' version='3' changeset='35489054' lat='50.1057012' lon='14.4273984' />
  <node id='331184349' timestamp='2015-11-21T15:01:10Z' uid='2169558' user='JandaM' visible='true' version='3' changeset='35489054' lat='50.1057081' lon='14.4275172' />
  <node id='331184350' action='delete' timestamp='2015-06-04T15:32:10Z' uid='5748' user='pschonmann' visible='true' version='3' changeset='31721695' lat='50.1067822' lon='14.4275225' />
  <node id='331184351' action='delete' timestamp='2015-06-04T15:32:10Z' uid='5748' user='pschonmann' visible='true' version='3' changeset='31721695' lat='50.1067345' lon='14.4273549' />
  <node id='388382561' timestamp='2016-09-19T10:18:09Z' uid='17615' user='Petr Dlouhý' visible='true' version='2' changeset='42266539' lat='50.1036413' lon='14.4251119' />
  <node id='388382562' timestamp='2016-09-19T10:18:09Z' uid='17615' user='Petr Dlouhý' visible='true' version='4' changeset='42266539' lat='50.1037372' lon='14.4245754' />
  <node id='388382563' timestamp='2016-09-19T10:18:09Z' uid='17615' user='Petr Dlouhý' visible='true' version='2' changeset='42266539' lat='50.1038394' lon='14.4236341' />
  <node id='388382564' timestamp='2009-05-01T20:55:27Z' uid='17615' user='Petr Dlouhý' visible='true' version='1' changeset='1041618' lat='50.1038396' lon='14.4228826' />
  <node id='388382565' timestamp='2016-09-19T10:18:09Z' uid='17615' user='Petr Dlouhý' visible='true' version='2' changeset='42266539' lat='50.1039981' lon='14.4222667' />
  <node id='388382567' timestamp='2016-09-19T10:18:09Z' uid='17615' user='Petr Dlouhý' visible='true' version='2' changeset='42266539' lat='50.1040752' lon='14.4221877' />
  <node id='388382568' timestamp='2016-09-19T10:18:09Z' uid='17615' user='Petr Dlouhý' visible='true' version='2' changeset='42266539' lat='50.1042763' lon='14.4220484' />
  <node id='388382571' timestamp='2009-05-01T20:55:28Z' uid='17615' user='Petr Dlouhý' visible='true' version='1' changeset='1041618' lat='50.1043713' lon='14.4220345' />
  <node id='388382573' timestamp='2009-05-01T20:55:28Z' uid='17615' user='Petr Dlouhý' visible='true' version='1' changeset='1041618' lat='50.1044673' lon='14.422069' />
  <node id='388382575' timestamp='2009-05-01T20:55:28Z' uid='17615' user='Petr Dlouhý' visible='true' version='1' changeset='1041618' lat='50.1044988' lon='14.4219914' />
  <node id='388382580' timestamp='2016-09-19T10:18:09Z' uid='17615' user='Petr Dlouhý' visible='true' version='2' changeset='42266539' lat='50.1039921' lon='14.4218438' />
  <node id='388382582' timestamp='2016-09-19T10:18:09Z' uid='17615' user='Petr Dlouhý' visible='true' version='2' changeset='42266539' lat='50.1038663' lon='14.4211726' />
  <node id='388382584' timestamp='2009-05-01T20:55:28Z' uid='17615' user='Petr Dlouhý' visible='true' version='1' changeset='1041618' lat='50.1038838' lon='14.420048' />
  <node id='388382586' timestamp='2009-05-01T20:55:28Z' uid='17615' user='Petr Dlouhý' visible='true' version='1' changeset='1041618' lat='50.1039972' lon='14.4194448' />
  <node id='388382593' timestamp='2016-09-19T10:18:09Z' uid='17615' user='Petr Dlouhý' visible='true' version='2' changeset='42266539' lat='50.1040116' lon='14.4220091' />
  <node id='388382594' timestamp='2016-09-19T10:18:09Z' uid='17615' user='Petr Dlouhý' visible='true' version='2' changeset='42266539' lat='50.103873' lon='14.4237217' />
  <node id='388382595' timestamp='2009-05-01T20:55:29Z' uid='17615' user='Petr Dlouhý' visible='true' version='1' changeset='1041618' lat='50.1041776' lon='14.4244763' />
  <node id='388382596' timestamp='2009-05-01T20:55:29Z' uid='17615' user='Petr Dlouhý' visible='true' version='1' changeset='1041618' lat='50.1046428' lon='14.4252784' />
  <node id='388382597' timestamp='2016-09-19T10:18:09Z' uid='17615' user='Petr Dlouhý' visible='true' version='2' changeset='42266539' lat='50.1046668' lon='14.4254538' />
  <node id='388382598' timestamp='2016-09-19T10:18:09Z' uid='17615' user='Petr Dlouhý' visible='true' version='2' changeset='42266539' lat='50.1046662' lon='14.4256603' />
  <node id='388382599' timestamp='2016-09-19T10:18:09Z' uid='17615' user='Petr Dlouhý' visible='true' version='2' changeset='42266539' lat='50.1046382' lon='14.4258709' />
  <node id='388382600' timestamp='2016-09-19T10:18:09Z' uid='17615' user='Petr Dlouhý' visible='true' version='2' changeset='42266539' lat='50.1045998' lon='14.4260263' />
  <node id='388382601' timestamp='2016-09-19T10:18:09Z' uid='17615' user='Petr Dlouhý' visible='true' version='2' changeset='42266539' lat='50.1045269' lon='14.4260997' />
  <node id='388382602' timestamp='2009-05-01T20:55:30Z' uid='17615' user='Petr Dlouhý' visible='true' version='1' changeset='1041618' lat='50.1043105' lon='14.426591' />
  <node id='388382603' timestamp='2009-05-01T20:55:30Z' uid='17615' user='Petr Dlouhý' visible='true' version='1' changeset='1041618' lat='50.1042096' lon='14.4272165' />
  <node id='388382604' timestamp='2009-05-01T20:55:30Z' uid='17615' user='Petr Dlouhý' visible='true' version='1' changeset='1041618' lat='50.104185' lon='14.4276157' />
  <node id='388382605' timestamp='2016-09-19T10:18:09Z' uid='17615' user='Petr Dlouhý' visible='true' version='2' changeset='42266539' lat='50.1042676' lon='14.4284497' />
  <node id='388382606' timestamp='2016-09-19T10:18:09Z' uid='17615' user='Petr Dlouhý' visible='true' version='2' changeset='42266539' lat='50.1042847' lon='14.4286552' />
  <node id='388382607' timestamp='2016-09-19T10:18:09Z' uid='17615' user='Petr Dlouhý' visible='true' version='2' changeset='42266539' lat='50.1042879' lon='14.4288426' />
  <node id='388382608' action='delete' timestamp='2022-12-25T16:30:04Z' uid='8971394' user='vojtechzaboril' visible='true' version='3' changeset='130487759' lat='50.1037296' lon='14.4285234'>
    <tag k='source' v='Bing;cuzk' />
  </node>
  <node id='388382609' timestamp='2022-08-01T18:47:17Z' uid='8971394' user='vojtechzaboril' visible='true' version='2' changeset='124360374' lat='50.1038739' lon='14.4286096' />
  <node id='388382610' timestamp='2009-05-01T20:55:30Z' uid='17615' user='Petr Dlouhý' visible='true' version='1' changeset='1041618' lat='50.1040447' lon='14.4286749' />
  <node id='388382611' timestamp='2009-05-01T20:55:30Z' uid='17615' user='Petr Dlouhý' visible='true' version='1' changeset='1041618' lat='50.1041923' lon='14.4285905' />
  <node id='388382612' timestamp='2016-09-19T10:18:09Z' uid='17615' user='Petr Dlouhý' visible='true' version='2' changeset='42266539' lat='50.1044013' lon='14.4282786' />
  <node id='388382613' timestamp='2009-05-01T20:55:31Z' uid='17615' user='Petr Dlouhý' visible='true' version='1' changeset='1041618' lat='50.1045197' lon='14.4281798' />
  <node id='388382614' timestamp='2016-09-19T10:18:09Z' uid='17615' user='Petr Dlouhý' visible='true' version='3' changeset='42266539' lat='50.1046573' lon='14.4280387' />
  <node id='388382616' timestamp='2023-07-28T12:45:27Z' uid='100163' user='Hlav' visible='true' version='5' changeset='139134143' lat='50.1063027' lon='14.4242501' />
  <node id='388382619' timestamp='2009-05-01T20:55:31Z' uid='17615' user='Petr Dlouhý' visible='true' version='1' changeset='1041618' lat='50.1053466' lon='14.4269874' />
  <node id='388382620' action='delete' timestamp='2022-03-31T11:26:02Z' uid='100163' user='Hlav' visible='true' version='2' changeset='119155260' lat='50.1065118' lon='14.4271059' />
  <node id='388382621' action='delete' timestamp='2015-11-21T15:01:14Z' uid='2169558' user='JandaM' visible='true' version='2' changeset='35489054' lat='50.1053644' lon='14.4292406' />
  <node id='388382622' action='delete' timestamp='2015-11-21T15:01:14Z' uid='2169558' user='JandaM' visible='true' version='2' changeset='35489054' lat='50.1053913' lon='14.4292218' />
  <node id='388382623' action='delete' timestamp='2015-11-21T15:03:08Z' uid='2169558' user='JandaM' visible='true' version='3' changeset='35489115' lat='50.1054075' lon='14.4292785' />
  <node id='388382624' action='delete' timestamp='2015-11-21T15:01:14Z' uid='2169558' user='JandaM' visible='true' version='2' changeset='35489054' lat='50.1054623' lon='14.4292405' />
  <node id='388382625' action='delete' timestamp='2015-11-21T15:03:08Z' uid='2169558' user='JandaM' visible='true' version='3' changeset='35489115' lat='50.1054771' lon='14.4292923' />
  <node id='388382626' action='delete' timestamp='2015-11-21T15:03:08Z' uid='2169558' user='JandaM' visible='true' version='3' changeset='35489115' lat='50.105502' lon='14.4292752' />
  <node id='388382627' action='delete' timestamp='2015-11-21T15:03:08Z' uid='2169558' user='JandaM' visible='true' version='3' changeset='35489115' lat='50.1055137' lon='14.4293147' />
  <node id='388382628' action='delete' timestamp='2015-11-21T15:01:14Z' uid='2169558' user='JandaM' visible='true' version='2' changeset='35489054' lat='50.1055361' lon='14.4292992' />
  <node id='388382629' action='delete' timestamp='2015-11-21T15:03:08Z' uid='2169558' user='JandaM' visible='true' version='3' changeset='35489115' lat='50.1055679' lon='14.4294096' />
  <node id='388382630' action='delete' timestamp='2015-11-21T15:01:14Z' uid='2169558' user='JandaM' visible='true' version='2' changeset='35489054' lat='50.1055453' lon='14.4294254' />
  <node id='388382631' action='delete' timestamp='2015-11-21T15:01:14Z' uid='2169558' user='JandaM' visible='true' version='2' changeset='35489054' lat='50.1055565' lon='14.4294645' />
  <node id='388382632' action='delete' timestamp='2015-11-21T15:01:14Z' uid='2169558' user='JandaM' visible='true' version='2' changeset='35489054' lat='50.1055312' lon='14.4294822' />
  <node id='388382633' action='delete' timestamp='2015-11-21T15:03:08Z' uid='2169558' user='JandaM' visible='true' version='3' changeset='35489115' lat='50.1055463' lon='14.4295337' />
  <node id='388382634' action='delete' timestamp='2015-11-21T15:03:08Z' uid='2169558' user='JandaM' visible='true' version='3' changeset='35489115' lat='50.1055231' lon='14.42955' />
  <node id='388382635' action='delete' timestamp='2015-11-21T15:01:14Z' uid='2169558' user='JandaM' visible='true' version='2' changeset='35489054' lat='50.1055387' lon='14.4296041' />
  <node id='388382636' action='delete' timestamp='2015-11-21T15:03:08Z' uid='2169558' user='JandaM' visible='true' version='3' changeset='35489115' lat='50.105487' lon='14.42964' />
  <node id='388382637' action='delete' timestamp='2015-11-21T15:01:14Z' uid='2169558' user='JandaM' visible='true' version='2' changeset='35489054' lat='50.1054453' lon='14.4295018' />
  <node id='388382638' action='delete' timestamp='2015-11-21T15:01:14Z' uid='2169558' user='JandaM' visible='true' version='2' changeset='35489054' lat='50.1054285' lon='14.4295134' />
  <node id='388382639' action='delete' timestamp='2015-11-21T15:01:14Z' uid='2169558' user='JandaM' visible='true' version='2' changeset='35489054' lat='50.1053944' lon='14.4293943' />
  <node id='388382640' action='delete' timestamp='2015-11-21T15:01:14Z' uid='2169558' user='JandaM' visible='true' version='2' changeset='35489054' lat='50.1053869' lon='14.4293996' />
  <node id='388382641' action='delete' timestamp='2015-11-21T15:01:14Z' uid='2169558' user='JandaM' visible='true' version='2' changeset='35489054' lat='50.1053618' lon='14.4293111' />
  <node id='388382642' action='delete' timestamp='2015-11-21T15:01:15Z' uid='2169558' user='JandaM' visible='true' version='2' changeset='35489054' lat='50.1053809' lon='14.429298' />
  <node id='388382644' action='delete' timestamp='2015-11-21T15:01:15Z' uid='2169558' user='JandaM' visible='true' version='3' changeset='35489054' lat='50.1058432' lon='14.4282626' />
  <node id='388382645' action='delete' timestamp='2015-11-21T15:01:15Z' uid='2169558' user='JandaM' visible='true' version='2' changeset='35489054' lat='50.1058572' lon='14.428312' />
  <node id='388382646' action='delete' timestamp='2015-11-21T15:01:15Z' uid='2169558' user='JandaM' visible='true' version='3' changeset='35489054' lat='50.1057732' lon='14.4283666' />
  <node id='388382647' action='delete' timestamp='2015-11-21T15:01:15Z' uid='2169558' user='JandaM' visible='true' version='3' changeset='35489054' lat='50.1057865' lon='14.4284077' />
  <node id='388382649' action='delete' timestamp='2015-11-21T15:01:15Z' uid='2169558' user='JandaM' visible='true' version='3' changeset='35489054' lat='50.1057531' lon='14.4285477' />
  <node id='388382650' action='delete' timestamp='2015-11-21T15:01:15Z' uid='2169558' user='JandaM' visible='true' version='3' changeset='35489054' lat='50.1057874' lon='14.4286625' />
  <node id='388382651' action='delete' timestamp='2015-11-21T15:01:15Z' uid='2169558' user='JandaM' visible='true' version='3' changeset='35489054' lat='50.105585' lon='14.4288193' />
  <node id='388382652' action='delete' timestamp='2015-11-21T15:01:15Z' uid='2169558' user='JandaM' visible='true' version='3' changeset='35489054' lat='50.1055812' lon='14.4288062' />
  <node id='388382653' action='delete' timestamp='2015-11-21T15:01:15Z' uid='2169558' user='JandaM' visible='true' version='3' changeset='35489054' lat='50.105513' lon='14.4288539' />
  <node id='388382654' action='delete' timestamp='2015-11-21T15:01:15Z' uid='2169558' user='JandaM' visible='true' version='3' changeset='35489054' lat='50.1054792' lon='14.4287365' />
  <node id='388382655' action='delete' timestamp='2015-11-21T15:01:15Z' uid='2169558' user='JandaM' visible='true' version='3' changeset='35489054' lat='50.105436' lon='14.4287309' />
  <node id='388382656' action='delete' timestamp='2015-11-21T15:01:15Z' uid='2169558' user='JandaM' visible='true' version='3' changeset='35489054' lat='50.1054023' lon='14.4287008' />
  <node id='388382657' action='delete' timestamp='2015-11-21T15:01:15Z' uid='2169558' user='JandaM' visible='true' version='3' changeset='35489054' lat='50.1053798' lon='14.4286397' />
  <node id='388382659' action='delete' timestamp='2015-11-21T15:01:15Z' uid='2169558' user='JandaM' visible='true' version='3' changeset='35489054' lat='50.105298' lon='14.428699' />
  <node id='388382660' action='delete' timestamp='2015-11-21T15:01:15Z' uid='2169558' user='JandaM' visible='true' version='2' changeset='35489054' lat='50.1045958' lon='14.4304732' />
  <node id='388382661' action='delete' timestamp='2015-11-21T15:01:15Z' uid='2169558' user='JandaM' visible='true' version='2' changeset='35489054' lat='50.1047214' lon='14.4304003' />
  <node id='388382662' action='delete' timestamp='2015-11-21T15:01:15Z' uid='2169558' user='JandaM' visible='true' version='2' changeset='35489054' lat='50.1047573' lon='14.4305235' />
  <node id='388382663' action='delete' timestamp='2015-11-21T15:01:15Z' uid='2169558' user='JandaM' visible='true' version='2' changeset='35489054' lat='50.1047005' lon='14.4305695' />
  <node id='388382664' action='delete' timestamp='2015-11-21T15:01:15Z' uid='2169558' user='JandaM' visible='true' version='2' changeset='35489054' lat='50.1047088' lon='14.4305987' />
  <node id='388382665' action='delete' timestamp='2015-11-21T15:01:15Z' uid='2169558' user='JandaM' visible='true' version='2' changeset='35489054' lat='50.1046622' lon='14.4306309' />
  <node id='388382666' action='delete' timestamp='2015-11-21T15:01:15Z' uid='2169558' user='JandaM' visible='true' version='2' changeset='35489054' lat='50.1046538' lon='14.4306021' />
  <node id='388382667' action='delete' timestamp='2015-11-21T15:01:15Z' uid='2169558' user='JandaM' visible='true' version='2' changeset='35489054' lat='50.104623' lon='14.4306236' />
  <node id='388382668' action='delete' timestamp='2015-11-21T15:01:15Z' uid='2169558' user='JandaM' visible='true' version='2' changeset='35489054' lat='50.1046013' lon='14.4305466' />
  <node id='388382669' action='delete' timestamp='2015-11-21T15:01:15Z' uid='2169558' user='JandaM' visible='true' version='2' changeset='35489054' lat='50.1046142' lon='14.4305373' />
  <node id='388382681' timestamp='2009-05-01T20:55:37Z' uid='17615' user='Petr Dlouhý' visible='true' version='1' changeset='1041618' lat='50.1046696' lon='14.4264369' />
  <node id='388382682' timestamp='2016-09-19T10:18:09Z' uid='17615' user='Petr Dlouhý' visible='true' version='2' changeset='42266539' lat='50.1048329' lon='14.4267334' />
  <node id='449734819' timestamp='2024-03-30T19:28:27Z' uid='10932047' user='Yakari (kleiner Indianer)' visible='true' version='2' changeset='149365646' lat='50.1050521' lon='14.4222566'>
    <tag k='addr:conscriptionnumber' v='2' />
    <tag k='addr:housenumber' v='2' />
    <tag k='addr:postcode' v='17000' />
    <tag k='addr:street' v='Královská obora' />
    <tag k='ref:ruian:addr' v='22292535' />
    <tag k='source:addr' v='cuzk:ruian' />
  </node>
  <node id='449749752' action='delete' timestamp='2024-03-30T19:28:28Z' uid='10932047' user='Yakari (kleiner Indianer)' visible='true' version='2' changeset='149365646' lat='50.1054235' lon='14.4294304'>
    <tag k='addr:conscriptionnumber' v='415' />
    <tag k='addr:housenumber' v='415' />
    <tag k='addr:postcode' v='17000' />
    <tag k='addr:street' v='Výstaviště' />
    <tag k='ref:ruian:addr' v='22295011' />
    <tag k='source:addr' v='cuzk:ruian' />
  </node>
  <node id='515026810' action='delete' timestamp='2018-04-09T15:54:46Z' uid='2169558' user='JandaM' visible='true' version='2' changeset='57944899' lat='50.1046409' lon='14.4076736' />
  <node id='515027031' action='delete' timestamp='2015-09-04T14:29:39Z' uid='2169558' user='JandaM' visible='true' version='2' changeset='33795412' lat='50.1044918' lon='14.4095947' />
  <node id='515027038' action='delete' timestamp='2015-09-04T14:29:40Z' uid='2169558' user='JandaM' visible='true' version='2' changeset='33795412' lat='50.1045292' lon='14.4093702' />
  <node id='515027070' action='delete' timestamp='2009-09-30T21:07:53Z' uid='17615' user='Petr Dlouhý' visible='true' version='1' changeset='2693252' lat='50.1048034' lon='14.4136711' />
  <node id='515027071' action='delete' timestamp='2021-07-14T05:50:34Z' uid='10317199' user='adam 12' visible='true' version='2' changeset='107949265' lat='50.1048013' lon='14.4136914' />
  <node id='515027072' action='delete' timestamp='2009-09-30T21:07:53Z' uid='17615' user='Petr Dlouhý' visible='true' version='1' changeset='2693252' lat='50.1047872' lon='14.4136872' />
  <node id='515027079' action='delete' timestamp='2018-04-09T15:20:22Z' uid='2169558' user='JandaM' visible='true' version='4' changeset='57944051' lat='50.1047546' lon='14.4138059' />
  <node id='558361014' timestamp='2010-11-28T12:35:56Z' uid='177221' user='reki' visible='true' version='2' changeset='6477590' lat='50.1063272' lon='14.4247675' />
  <node id='558361015' timestamp='2009-11-06T15:04:11Z' uid='194363' user='robotour' visible='true' version='1' changeset='3048970' lat='50.1059126' lon='14.4237746' />
  <node id='558361016' timestamp='2009-11-06T15:04:11Z' uid='194363' user='robotour' visible='true' version='1' changeset='3048970' lat='50.1059606' lon='14.4234504' />
  <node id='558379268' timestamp='2010-12-05T21:17:40Z' uid='17615' user='Petr Dlouhý' visible='true' version='2' changeset='6556959' lat='50.1056567' lon='14.4270206' />
  <node id='558379270' timestamp='2010-12-05T21:18:05Z' uid='17615' user='Petr Dlouhý' visible='true' version='2' changeset='6556959' lat='50.1058154' lon='14.4278269' />
  <node id='558379272' timestamp='2009-11-06T15:17:15Z' uid='194363' user='robotour' visible='true' version='1' changeset='3049062' lat='50.1058515' lon='14.4273746' />
  <node id='558379274' timestamp='2021-06-21T09:15:02Z' uid='100163' user='Hlav' visible='true' version='3' changeset='106703903' lat='50.1051529' lon='14.4279333' />
  <node id='558379276' timestamp='2010-12-05T21:17:57Z' uid='17615' user='Petr Dlouhý' visible='true' version='2' changeset='6556959' lat='50.1055336' lon='14.4280786' />
  <node id='558379278' timestamp='2009-11-06T15:17:15Z' uid='194363' user='robotour' visible='true' version='1' changeset='3049062' lat='50.1056702' lon='14.4280148' />
  <node id='558379279' timestamp='2009-11-06T15:17:15Z' uid='194363' user='robotour' visible='true' version='1' changeset='3049062' lat='50.1059928' lon='14.4263438' />
  <node id='558379281' timestamp='2010-12-05T21:18:05Z' uid='17615' user='Petr Dlouhý' visible='true' version='2' changeset='6556959' lat='50.1059883' lon='14.4273466' />
  <node id='558379282' timestamp='2009-11-06T15:17:15Z' uid='194363' user='robotour' visible='true' version='1' changeset='3049062' lat='50.1061551' lon='14.4271158' />
  <node id='558379284' timestamp='2009-11-06T15:17:15Z' uid='194363' user='robotour' visible='true' version='1' changeset='3049062' lat='50.1061267' lon='14.4265778' />
  <node id='558379286' timestamp='2009-11-06T15:17:15Z' uid='194363' user='robotour' visible='true' version='1' changeset='3049062' lat='50.1061434' lon='14.4279442' />
  <node id='644851657' action='delete' timestamp='2010-02-18T14:18:05Z' uid='138613' user='kubiik' visible='true' version='1' changeset='3909211' lat='50.1101248' lon='14.4258456' />
  <node id='644851663' action='delete' timestamp='2010-02-18T14:18:05Z' uid='138613' user='kubiik' visible='true' version='1' changeset='3909211' lat='50.1100879' lon='14.4268229' />
  <node id='644851665' action='delete' timestamp='2010-02-18T14:18:05Z' uid='138613' user='kubiik' visible='true' version='1' changeset='3909211' lat='50.1100969' lon='14.4266443' />
  <node id='644851671' action='delete' timestamp='2010-02-18T14:18:05Z' uid='138613' user='kubiik' visible='true' version='1' changeset='3909211' lat='50.1094967' lon='14.4302731' />
  <node id='644851676' action='delete' timestamp='2010-02-18T14:18:05Z' uid='138613' user='kubiik' visible='true' version='1' changeset='3909211' lat='50.1099553' lon='14.4279346' />
  <node id='644851743' action='delete' timestamp='2010-02-18T14:18:07Z' uid='138613' user='kubiik' visible='true' version='1' changeset='3909211' lat='50.1092072' lon='14.4313417' />
  <node id='649214945' action='delete' timestamp='2010-02-21T17:43:51Z' uid='162287' user='zby-cz' visible='true' version='1' changeset='3936397' lat='50.104507' lon='14.4206709' />
  <node id='649214949' action='delete' timestamp='2016-09-19T10:18:10Z' uid='17615' user='Petr Dlouhý' visible='true' version='2' changeset='42266539' lat='50.1044543' lon='14.4207472' />
  <node id='649214953' action='delete' timestamp='2010-02-21T17:43:51Z' uid='162287' user='zby-cz' visible='true' version='1' changeset='3936397' lat='50.1044807' lon='14.420818' />
  <node id='649214956' action='delete' timestamp='2010-02-21T17:43:51Z' uid='162287' user='zby-cz' visible='true' version='1' changeset='3936397' lat='50.1044741' lon='14.4209103' />
  <node id='649214959' action='delete' timestamp='2016-09-19T10:18:10Z' uid='17615' user='Petr Dlouhý' visible='true' version='2' changeset='42266539' lat='50.104342' lon='14.4207145' />
  <node id='649214962' action='delete' timestamp='2010-02-21T17:43:51Z' uid='162287' user='zby-cz' visible='true' version='1' changeset='3936397' lat='50.1044632' lon='14.4210505' />
  <node id='649214965' action='delete' timestamp='2010-02-21T17:43:52Z' uid='162287' user='zby-cz' visible='true' version='1' changeset='3936397' lat='50.104507' lon='14.4211394' />
  <node id='649214967' action='delete' timestamp='2010-02-21T17:43:52Z' uid='162287' user='zby-cz' visible='true' version='1' changeset='3936397' lat='50.1046408' lon='14.4206538' />
  <node id='649214970' action='delete' timestamp='2010-02-21T17:43:52Z' uid='162287' user='zby-cz' visible='true' version='1' changeset='3936397' lat='50.1045838' lon='14.4206025' />
  <node id='649214972' action='delete' timestamp='2010-02-21T17:43:52Z' uid='162287' user='zby-cz' visible='true' version='1' changeset='3936397' lat='50.1045334' lon='14.4206128' />
  <node id='649214973' action='delete' timestamp='2010-02-21T17:43:52Z' uid='162287' user='zby-cz' visible='true' version='1' changeset='3936397' lat='50.1046979' lon='14.4209206' />
  <node id='649214975' action='delete' timestamp='2010-02-21T17:43:52Z' uid='162287' user='zby-cz' visible='true' version='1' changeset='3936397' lat='50.1046935' lon='14.4208043' />
  <node id='649214977' action='delete' timestamp='2010-02-21T17:43:52Z' uid='162287' user='zby-cz' visible='true' version='1' changeset='3936397' lat='50.1046715' lon='14.4207154' />
  <node id='649214979' action='delete' timestamp='2010-02-21T17:43:52Z' uid='162287' user='zby-cz' visible='true' version='1' changeset='3936397' lat='50.1045663' lon='14.4211873' />
  <node id='649214981' action='delete' timestamp='2010-02-21T17:43:52Z' uid='162287' user='zby-cz' visible='true' version='1' changeset='3936397' lat='50.1046211' lon='14.4212728' />
  <node id='649214983' action='delete' timestamp='2010-02-21T17:43:52Z' uid='162287' user='zby-cz' visible='true' version='1' changeset='3936397' lat='50.104665' lon='14.4212728' />
  <node id='649214986' action='delete' timestamp='2010-02-21T17:43:52Z' uid='162287' user='zby-cz' visible='true' version='1' changeset='3936397' lat='50.1046299' lon='14.4211941' />
  <node id='649214993' action='delete' timestamp='2010-02-21T17:43:52Z' uid='162287' user='zby-cz' visible='true' version='1' changeset='3936397' lat='50.1046693' lon='14.4211121' />
  <node id='649214995' action='delete' timestamp='2010-02-21T17:43:52Z' uid='162287' user='zby-cz' visible='true' version='1' changeset='3936397' lat='50.1046935' lon='14.4210197' />
  <node id='649214996' action='delete' timestamp='2010-02-21T17:43:52Z' uid='162287' user='zby-cz' visible='true' version='1' changeset='3936397' lat='50.1047417' lon='14.4213446' />
  <node id='649214997' action='delete' timestamp='2010-02-21T17:43:52Z' uid='162287' user='zby-cz' visible='true' version='1' changeset='3936397' lat='50.1048509' lon='14.4214013' />
  <node id='649214998' action='delete' timestamp='2019-10-23T14:55:41Z' uid='1558400' user='Kudej' visible='true' version='2' changeset='76110720' lat='50.1049854' lon='14.4215591' />
  <node id='658007684' action='delete' timestamp='2010-03-01T11:11:36Z' uid='84326' user='Mike Crash' visible='true' version='1' changeset='4007484' lat='50.1096328' lon='14.4297295' />
  <node id='658007685' action='delete' timestamp='2010-03-01T11:11:36Z' uid='84326' user='Mike Crash' visible='true' version='1' changeset='4007484' lat='50.1089865' lon='14.4320692' />
  <node id='658007699' action='delete' timestamp='2010-03-01T11:11:37Z' uid='84326' user='Mike Crash' visible='true' version='1' changeset='4007484' lat='50.1098167' lon='14.4287305' />
  <node id='702487445' action='delete' timestamp='2015-10-04T22:01:36Z' uid='17615' user='Petr Dlouhý' visible='true' version='2' changeset='34437751' lat='50.1054877' lon='14.4197241' />
  <node id='702487446' action='delete' timestamp='2019-03-16T20:58:27Z' uid='969558' user='Matej Lieskovský' visible='true' version='3' changeset='68213598' lat='50.1055182' lon='14.4195678' />
  <node id='702487447' action='delete' timestamp='2015-10-04T22:01:36Z' uid='17615' user='Petr Dlouhý' visible='true' version='2' changeset='34437751' lat='50.1055126' lon='14.4200358' />
  <node id='702487448' action='delete' timestamp='2015-10-04T22:01:36Z' uid='17615' user='Petr Dlouhý' visible='true' version='2' changeset='34437751' lat='50.1055659' lon='14.4202696' />
  <node id='702487449' action='delete' timestamp='2015-10-04T22:01:36Z' uid='17615' user='Petr Dlouhý' visible='true' version='2' changeset='34437751' lat='50.1057983' lon='14.4201798' />
  <node id='702487450' action='delete' timestamp='2015-10-04T22:01:36Z' uid='17615' user='Petr Dlouhý' visible='true' version='2' changeset='34437751' lat='50.1057225' lon='14.4199653' />
  <node id='702487451' action='delete' timestamp='2010-04-20T12:19:16Z' uid='172147' user='&lt;0174' visible='true' version='1' changeset='4476785' lat='50.1057039' lon='14.4204587' />
  <node id='702487452' action='delete' timestamp='2015-10-04T22:01:36Z' uid='17615' user='Petr Dlouhý' visible='true' version='2' changeset='34437751' lat='50.1057581' lon='14.4204402' />
  <node id='702487453' action='delete' timestamp='2015-10-04T22:01:36Z' uid='17615' user='Petr Dlouhý' visible='true' version='2' changeset='34437751' lat='50.1058059' lon='14.4203568' />
  <node id='702487454' action='delete' timestamp='2015-10-04T22:01:36Z' uid='17615' user='Petr Dlouhý' visible='true' version='3' changeset='34437751' lat='50.1063031' lon='14.4200682' />
  <node id='702487455' action='delete' timestamp='2015-10-04T22:01:36Z' uid='17615' user='Petr Dlouhý' visible='true' version='2' changeset='34437751' lat='50.1062998' lon='14.4201869' />
  <node id='702487456' action='delete' timestamp='2015-10-04T22:01:36Z' uid='17615' user='Petr Dlouhý' visible='true' version='2' changeset='34437751' lat='50.1064293' lon='14.4200904' />
  <node id='702487457' action='delete' timestamp='2015-10-04T22:01:36Z' uid='17615' user='Petr Dlouhý' visible='true' version='2' changeset='34437751' lat='50.1063919' lon='14.4203969' />
  <node id='702487458' action='delete' timestamp='2015-10-04T22:01:36Z' uid='17615' user='Petr Dlouhý' visible='true' version='2' changeset='34437751' lat='50.1071929' lon='14.4208744' />
  <node id='702487459' action='delete' timestamp='2019-03-16T20:58:27Z' uid='969558' user='Matej Lieskovský' visible='true' version='3' changeset='68213598' lat='50.1068899' lon='14.4204879' />
  <node id='702487460' action='delete' timestamp='2010-04-20T12:19:17Z' uid='172147' user='&lt;0174' visible='true' version='1' changeset='4476785' lat='50.1066185' lon='14.4202726' />
  <node id='702487461' action='delete' timestamp='2015-10-04T22:01:36Z' uid='17615' user='Petr Dlouhý' visible='true' version='2' changeset='34437751' lat='50.1063963' lon='14.4207041' />
  <node id='702487462' action='delete' timestamp='2015-10-04T22:01:36Z' uid='17615' user='Petr Dlouhý' visible='true' version='2' changeset='34437751' lat='50.1066121' lon='14.42149' />
  <node id='702487463' action='delete' timestamp='2010-04-20T12:19:17Z' uid='172147' user='&lt;0174' visible='true' version='1' changeset='4476785' lat='50.1072536' lon='14.4219076' />
  <node id='702487464' action='delete' timestamp='2010-04-20T12:19:17Z' uid='172147' user='&lt;0174' visible='true' version='1' changeset='4476785' lat='50.1070136' lon='14.4219434' />
  <node id='702487465' action='delete' timestamp='2015-10-04T22:01:36Z' uid='17615' user='Petr Dlouhý' visible='true' version='2' changeset='34437751' lat='50.1068047' lon='14.4217686' />
  <node id='702487466' action='delete' timestamp='2010-04-20T12:19:17Z' uid='172147' user='&lt;0174' visible='true' version='1' changeset='4476785' lat='50.1073758' lon='14.4215145' />
  <node id='702487467' action='delete' timestamp='2015-10-04T22:01:36Z' uid='17615' user='Petr Dlouhý' visible='true' version='2' changeset='34437751' lat='50.1072642' lon='14.4210393' />
  <node id='702487468' action='delete' timestamp='2010-04-20T12:19:17Z' uid='172147' user='&lt;0174' visible='true' version='1' changeset='4476785' lat='50.1073296' lon='14.4217694' />
  <node id='1005679052' timestamp='2019-10-23T14:55:41Z' uid='1558400' user='Kudej' visible='true' version='6' changeset='76110720' lat='50.1051246' lon='14.4225849' />
  <node id='1005679054' timestamp='2019-10-23T14:55:41Z' uid='1558400' user='Kudej' visible='true' version='5' changeset='76110720' lat='50.1051986' lon='14.4225805' />
  <node id='1005679055' timestamp='2019-10-23T14:55:41Z' uid='1558400' user='Kudej' visible='true' version='5' changeset='76110720' lat='50.1052315' lon='14.4234909' />
  <node id='1005679056' timestamp='2019-10-23T14:55:41Z' uid='1558400' user='Kudej' visible='true' version='8' changeset='76110720' lat='50.1051447' lon='14.423592' />
  <node id='1008712303' timestamp='2012-09-09T09:36:03Z' uid='520972' user='Karl Von Bahnhoff' visible='true' version='3' changeset='13042303' lat='50.104025' lon='14.4242121' />
  <node id='1008712310' timestamp='2012-09-09T09:36:03Z' uid='520972' user='Karl Von Bahnhoff' visible='true' version='3' changeset='13042303' lat='50.1043121' lon='14.4239044' />
  <node id='1008712314' timestamp='2019-10-23T14:55:41Z' uid='1558400' user='Kudej' visible='true' version='3' changeset='76110720' lat='50.104673' lon='14.4235839' />
  <node id='1008712319' timestamp='2019-10-23T14:55:41Z' uid='1558400' user='Kudej' visible='true' version='3' changeset='76110720' lat='50.1048749' lon='14.4234802' />
  <node id='1008712324' timestamp='2019-10-23T14:55:41Z' uid='1558400' user='Kudej' visible='true' version='6' changeset='76110720' lat='50.1051225' lon='14.4232563' />
  <node id='1008712332' timestamp='2019-10-23T14:55:41Z' uid='1558400' user='Kudej' visible='true' version='3' changeset='76110720' lat='50.1055971' lon='14.4229792' />
  <node id='1008755882' action='delete' timestamp='2019-03-16T20:58:27Z' uid='969558' user='Matej Lieskovský' visible='true' version='7' changeset='68213598' lat='50.1054032' lon='14.4193262' />
  <node id='1008764657' action='delete' timestamp='2023-07-28T12:45:27Z' uid='100163' user='Hlav' visible='true' version='2' changeset='139134143' lat='50.1050904' lon='14.4195076' />
  <node id='1010691864' timestamp='2023-07-28T12:45:27Z' uid='100163' user='Hlav' visible='true' version='3' changeset='139134143' lat='50.1062621' lon='14.424293' />
  <node id='1010691867' timestamp='2023-07-28T12:45:27Z' uid='100163' user='Hlav' visible='true' version='2' changeset='139134143' lat='50.1063572' lon='14.4250538' />
  <node id='1010691871' timestamp='2023-07-28T12:45:27Z' uid='100163' user='Hlav' visible='true' version='2' changeset='139134143' lat='50.1063384' lon='14.4253576' />
  <node id='1010691873' timestamp='2023-07-28T12:45:27Z' uid='100163' user='Hlav' visible='true' version='2' changeset='139134143' lat='50.1062493' lon='14.4257486' />
  <node id='1010691876' timestamp='2010-11-28T12:37:32Z' uid='177221' user='reki' visible='true' version='1' changeset='6477590' lat='50.1061448' lon='14.4260228' />
  <node id='1010691878' timestamp='2010-12-05T21:17:32Z' uid='17615' user='Petr Dlouhý' visible='true' version='2' changeset='6556959' lat='50.1057939' lon='14.426697' />
  <node id='1010691881' timestamp='2010-12-05T21:18:19Z' uid='17615' user='Petr Dlouhý' visible='true' version='2' changeset='6556959' lat='50.1056827' lon='14.426834' />
  <node id='1010691884' timestamp='2010-11-28T12:37:32Z' uid='177221' user='reki' visible='true' version='1' changeset='6477590' lat='50.1052359' lon='14.427063' />
  <node id='1023769454' action='delete' timestamp='2025-03-05T17:51:03Z' uid='8971394' user='vojtechzaboril' visible='true' version='4' changeset='163254476' lat='50.1040011' lon='14.4305037'>
    <tag k='source' v='Bing;cuzk' />
  </node>
  <node id='1023769495' timestamp='2019-10-23T14:55:41Z' uid='1558400' user='Kudej' visible='true' version='2' changeset='76110720' lat='50.1051237' lon='14.4260784' />
  <node id='1023769652' timestamp='2010-12-05T21:16:56Z' uid='17615' user='Petr Dlouhý' visible='true' version='1' changeset='6556959' lat='50.1057472' lon='14.4271086' />
  <node id='1023769693' timestamp='2010-12-05T21:16:57Z' uid='17615' user='Petr Dlouhý' visible='true' version='1' changeset='6556959' lat='50.1054448' lon='14.4280876' />
  <node id='1023769700' timestamp='2010-12-05T21:16:57Z' uid='17615' user='Petr Dlouhý' visible='true' version='1' changeset='6556959' lat='50.1059376' lon='14.427247' />
  <node id='1023769787' timestamp='2010-12-05T21:16:59Z' uid='17615' user='Petr Dlouhý' visible='true' version='1' changeset='6556959' lat='50.1058708' lon='14.4275155' />
  <node id='1023769867' action='delete' timestamp='2010-12-05T21:17:01Z' uid='17615' user='Petr Dlouhý' visible='true' version='1' changeset='6556959' lat='50.1072149' lon='14.4220637' />
  <node id='1023769972' action='delete' timestamp='2015-10-04T22:01:33Z' uid='17615' user='Petr Dlouhý' visible='true' version='2' changeset='34437751' lat='50.1062932' lon='14.4208906' />
  <node id='1023769999' timestamp='2010-12-05T21:17:04Z' uid='17615' user='Petr Dlouhý' visible='true' version='1' changeset='6556959' lat='50.1058602' lon='14.4271429' />
  <node id='1023770101' action='delete' timestamp='2010-12-05T21:17:06Z' uid='17615' user='Petr Dlouhý' visible='true' version='1' changeset='6556959' lat='50.1061868' lon='14.420604' />
  <node id='1023770111' timestamp='2010-12-05T21:17:07Z' uid='17615' user='Petr Dlouhý' visible='true' version='1' changeset='6556959' lat='50.1051988' lon='14.4279079' />
  <node id='1023770114' timestamp='2010-12-05T21:17:07Z' uid='17615' user='Petr Dlouhý' visible='true' version='1' changeset='6556959' lat='50.1059611' lon='14.4275226' />
  <node id='1023770192' timestamp='2010-12-05T21:17:08Z' uid='17615' user='Petr Dlouhý' visible='true' version='1' changeset='6556959' lat='50.105864' lon='14.4276657' />
  <node id='1023770218' timestamp='2010-12-05T21:17:09Z' uid='17615' user='Petr Dlouhý' visible='true' version='1' changeset='6556959' lat='50.1059027' lon='14.4276847' />
  <node id='1023770298' timestamp='2020-01-18T20:42:40Z' uid='8971394' user='vojtechzaboril' visible='true' version='2' changeset='79741100' lat='50.1049454' lon='14.4271337' />
  <node id='1023770456' timestamp='2010-12-05T21:17:15Z' uid='17615' user='Petr Dlouhý' visible='true' version='1' changeset='6556959' lat='50.1060658' lon='14.4275711' />
  <node id='1023770547' action='delete' timestamp='2010-12-05T21:17:16Z' uid='17615' user='Petr Dlouhý' visible='true' version='1' changeset='6556959' lat='50.1056243' lon='14.4291236' />
  <node id='1023770577' action='delete' timestamp='2010-12-05T21:17:17Z' uid='17615' user='Petr Dlouhý' visible='true' version='1' changeset='6556959' lat='50.1073631' lon='14.4219436' />
  <node id='1023770598' timestamp='2010-12-05T21:17:18Z' uid='17615' user='Petr Dlouhý' visible='true' version='1' changeset='6556959' lat='50.1052981' lon='14.4280067' />
  <node id='1023770686' timestamp='2021-06-21T09:15:02Z' uid='100163' user='Hlav' visible='true' version='2' changeset='106703903' lat='50.1051469' lon='14.4277968' />
  <node id='1023770705' timestamp='2010-12-05T21:17:20Z' uid='17615' user='Petr Dlouhý' visible='true' version='1' changeset='6556959' lat='50.1058139' lon='14.4272269' />
  <node id='1023770713' timestamp='2010-12-05T21:17:20Z' uid='17615' user='Petr Dlouhý' visible='true' version='1' changeset='6556959' lat='50.1053722' lon='14.4280691' />
  <node id='1023770718' timestamp='2010-12-05T21:17:20Z' uid='17615' user='Petr Dlouhý' visible='true' version='1' changeset='6556959' lat='50.1057631' lon='14.427059' />
  <node id='1023770758' timestamp='2019-10-23T14:55:41Z' uid='1558400' user='Kudej' visible='true' version='2' changeset='76110720' lat='50.1050706' lon='14.4264816' />
  <node id='1085511576' action='delete' timestamp='2024-09-25T16:21:09Z' uid='8971394' user='vojtechzaboril' visible='true' version='3' changeset='157091549' lat='50.1051922' lon='14.432883' />
  <node id='1085511581' action='delete' timestamp='2024-09-25T16:21:09Z' uid='8971394' user='vojtechzaboril' visible='true' version='4' changeset='157091549' lat='50.1049188' lon='14.4325684' />
  <node id='1085520692' action='delete' timestamp='2014-11-10T11:09:48Z' uid='17615' user='Petr Dlouhý' visible='true' version='2' changeset='26685276' lat='50.1050047' lon='14.4324548' />
  <node id='1085531525' action='delete' timestamp='2021-05-26T14:44:01Z' uid='100163' user='Hlav' visible='true' version='4' changeset='105365179' lat='50.1050164' lon='14.4318772' />
  <node id='1100498666' action='delete' timestamp='2011-01-12T19:43:46Z' uid='177221' user='reki' visible='true' version='1' changeset='6950712' lat='50.1045837' lon='14.430445' />
  <node id='1100513226' action='delete' timestamp='2015-03-16T10:22:28Z' uid='100163' user='Hlav' visible='true' version='2' changeset='29514165' lat='50.1048405' lon='14.4298018' />
  <node id='1100513229' action='delete' timestamp='2015-03-16T10:22:27Z' uid='100163' user='Hlav' visible='true' version='3' changeset='29514165' lat='50.1049656' lon='14.4294885'>
    <tag k='barrier' v='gate' />
  </node>
  <node id='1100513231' action='delete' timestamp='2011-01-12T19:54:27Z' uid='177221' user='reki' visible='true' version='1' changeset='6950712' lat='50.1051084' lon='14.4291307' />
  <node id='1100513232' action='delete' timestamp='2011-04-16T19:57:00Z' uid='177221' user='reki' visible='true' version='2' changeset='7881572' lat='50.1051359' lon='14.4290664'>
    <tag k='barrier' v='entrance' />
  </node>
  <node id='1100513237' action='delete' timestamp='2022-03-31T11:26:02Z' uid='100163' user='Hlav' visible='true' version='3' changeset='119155260' lat='50.1065127' lon='14.4272273' />
  <node id='1100513240' action='delete' timestamp='2022-03-31T11:26:02Z' uid='100163' user='Hlav' visible='true' version='2' changeset='119155260' lat='50.1067697' lon='14.4263893' />
  <node id='1100513274' action='delete' timestamp='2017-04-18T11:20:35Z' uid='100163' user='Hlav' visible='true' version='2' changeset='47902510' lat='50.106881' lon='14.426993' />
  <node id='1100513275' action='delete' timestamp='2011-01-12T19:54:29Z' uid='177221' user='reki' visible='true' version='1' changeset='6950712' lat='50.1067702' lon='14.4266148' />
  <node id='1100513276' action='delete' timestamp='2011-01-12T19:54:29Z' uid='177221' user='reki' visible='true' version='1' changeset='6950712' lat='50.106827' lon='14.4264244' />
  <node id='1100532928' action='delete' timestamp='2011-01-12T20:13:13Z' uid='177221' user='reki' visible='true' version='1' changeset='6950712' lat='50.1090374' lon='14.4225486' />
  <node id='1192709754' action='delete' timestamp='2019-03-16T20:58:27Z' uid='969558' user='Matej Lieskovský' visible='true' version='3' changeset='68213598' lat='50.1052852' lon='14.4189887' />
  <node id='1192709779' timestamp='2011-03-08T15:08:32Z' uid='13114' user='nijel' visible='true' version='1' changeset='7494627' lat='50.10391' lon='14.4196064' />
  <node id='1192709784' timestamp='2011-03-08T15:08:33Z' uid='13114' user='nijel' visible='true' version='1' changeset='7494627' lat='50.1038478' lon='14.4196323' />
  <node id='1192709787' timestamp='2011-03-08T15:08:33Z' uid='13114' user='nijel' visible='true' version='1' changeset='7494627' lat='50.1038612' lon='14.4197108' />
  <node id='1192709788' timestamp='2011-03-08T15:08:33Z' uid='13114' user='nijel' visible='true' version='1' changeset='7494627' lat='50.1039235' lon='14.4196849' />
  <node id='1218971217' timestamp='2019-10-23T14:55:41Z' uid='1558400' user='Kudej' visible='true' version='2' changeset='76110720' lat='50.1051093' lon='14.4223447' />
  <node id='1218971219' timestamp='2019-10-23T14:55:41Z' uid='1558400' user='Kudej' visible='true' version='2' changeset='76110720' lat='50.1051846' lon='14.4223405' />
  <node id='1236398791' action='delete' timestamp='2024-09-25T16:21:09Z' uid='8971394' user='vojtechzaboril' visible='true' version='3' changeset='157091549' lat='50.1040801' lon='14.4313468' />
  <node id='1247325793' action='delete' timestamp='2011-04-16T18:04:04Z' uid='190711' user='av223119' visible='true' version='1' changeset='7880587' lat='50.1029566' lon='14.4207449' />
  <node id='1248080196' action='delete' timestamp='2022-12-25T16:44:16Z' uid='8971394' user='vojtechzaboril' visible='true' version='3' changeset='130488108' lat='50.1033162' lon='14.428146' />
  <node id='1248080200' action='delete' timestamp='2018-02-14T11:01:54Z' uid='969558' user='Matej Lieskovský' visible='true' version='2' changeset='56349519' lat='50.1030439' lon='14.4259709' />
  <node id='1248080210' action='delete' timestamp='2018-04-09T15:54:48Z' uid='2169558' user='JandaM' visible='true' version='2' changeset='57944899' lat='50.102793' lon='14.4233973' />
  <node id='1248080215' action='delete' timestamp='2022-12-25T16:44:16Z' uid='8971394' user='vojtechzaboril' visible='true' version='3' changeset='130488108' lat='50.1034566' lon='14.4298197' />
  <node id='1248080217' action='delete' timestamp='2022-12-25T16:44:16Z' uid='8971394' user='vojtechzaboril' visible='true' version='3' changeset='130488108' lat='50.1036342' lon='14.4305439' />
  <node id='1267925297' action='delete' timestamp='2018-04-09T15:54:48Z' uid='2169558' user='JandaM' visible='true' version='2' changeset='57944899' lat='50.1048443' lon='14.4072901' />
  <node id='1286401708' action='delete' timestamp='2011-05-15T14:00:19Z' uid='3516' user='BiIbo' visible='true' version='1' changeset='8151921' lat='50.1049926' lon='14.4190871' />
  <node id='1286453144' timestamp='2011-05-15T14:23:35Z' uid='3516' user='BiIbo' visible='true' version='1' changeset='8151921' lat='50.1052287' lon='14.4283078' />
  <node id='1286453162' timestamp='2019-03-28T11:04:29Z' uid='100163' user='Hlav' visible='true' version='2' changeset='68620797' lat='50.1052775' lon='14.4279825' />
  <node id='1286453181' timestamp='2019-04-14T19:20:09Z' uid='665336' user='Minimalis' visible='true' version='2' changeset='69211823' lat='50.1052728' lon='14.4284506' />
  <node id='1286453201' timestamp='2011-05-15T14:23:36Z' uid='3516' user='BiIbo' visible='true' version='1' changeset='8151921' lat='50.105231' lon='14.4281635' />
  <node id='1362484022' action='delete' timestamp='2016-09-19T10:18:08Z' uid='17615' user='Petr Dlouhý' visible='true' version='2' changeset='42266539' lat='50.1044254' lon='14.4199274' />
  <node id='1362484025' action='delete' timestamp='2016-09-19T10:18:08Z' uid='17615' user='Petr Dlouhý' visible='true' version='2' changeset='42266539' lat='50.1045823' lon='14.4199078' />
  <node id='1362484030' action='delete' timestamp='2023-07-28T12:45:27Z' uid='100163' user='Hlav' visible='true' version='2' changeset='139134143' lat='50.1046796' lon='14.4199095' />
  <node id='1362484040' action='delete' timestamp='2011-07-15T08:49:33Z' uid='411213' user='pedro&apos;' visible='true' version='1' changeset='8729143' lat='50.1047609' lon='14.4196437' />
  <node id='1362484042' action='delete' timestamp='2023-07-28T12:45:27Z' uid='100163' user='Hlav' visible='true' version='2' changeset='139134143' lat='50.1048368' lon='14.4207537' />
  <node id='1411915112' action='delete' timestamp='2018-12-09T17:16:51Z' uid='3003739' user='r00tcz' visible='true' version='3' changeset='65320361' lat='50.1079584' lon='14.4344473' />
  <node id='1411915160' action='delete' timestamp='2011-08-25T08:22:38Z' uid='84326' user='Mike Crash' visible='true' version='1' changeset='9119112' lat='50.1067243' lon='14.4350928' />
  <node id='1411915162' action='delete' timestamp='2011-08-25T08:22:38Z' uid='84326' user='Mike Crash' visible='true' version='1' changeset='9119112' lat='50.1068498' lon='14.4350182' />
  <node id='1411915253' action='delete' timestamp='2015-06-04T15:32:09Z' uid='5748' user='pschonmann' visible='true' version='3' changeset='31721695' lat='50.1066309' lon='14.4281032' />
  <node id='1411915254' action='delete' timestamp='2015-06-04T15:32:09Z' uid='5748' user='pschonmann' visible='true' version='3' changeset='31721695' lat='50.1067734' lon='14.4280052' />
  <node id='1411915256' action='delete' timestamp='2015-06-04T15:32:09Z' uid='5748' user='pschonmann' visible='true' version='3' changeset='31721695' lat='50.1068156' lon='14.4281504' />
  <node id='1411915257' action='delete' timestamp='2015-06-04T15:32:09Z' uid='5748' user='pschonmann' visible='true' version='3' changeset='31721695' lat='50.1067623' lon='14.4281872' />
  <node id='1411915258' action='delete' timestamp='2015-06-04T15:32:09Z' uid='5748' user='pschonmann' visible='true' version='3' changeset='31721695' lat='50.106755' lon='14.4281618' />
  <node id='1411915259' action='delete' timestamp='2015-06-04T15:32:09Z' uid='5748' user='pschonmann' visible='true' version='3' changeset='31721695' lat='50.1067059' lon='14.4281957' />
  <node id='1411915260' action='delete' timestamp='2015-06-04T15:32:09Z' uid='5748' user='pschonmann' visible='true' version='3' changeset='31721695' lat='50.1066862' lon='14.4281251' />
  <node id='1411915262' action='delete' timestamp='2015-06-04T15:32:09Z' uid='5748' user='pschonmann' visible='true' version='3' changeset='31721695' lat='50.1066461' lon='14.428155' />
  <node id='1411915307' action='delete' timestamp='2021-05-04T12:59:19Z' uid='100163' user='Hlav' visible='true' version='2' changeset='104126075' lat='50.1069493' lon='14.4294596' />
  <node id='1411915317' action='delete' timestamp='2021-05-04T12:59:19Z' uid='100163' user='Hlav' visible='true' version='2' changeset='104126075' lat='50.1070021' lon='14.429653' />
  <node id='1468049325' action='delete' timestamp='2025-03-05T17:51:03Z' uid='8971394' user='vojtechzaboril' visible='true' version='5' changeset='163254476' lat='50.1040858' lon='14.4305922'>
    <tag k='source' v='Bing;cuzk' />
  </node>
  <node id='1468049338' action='delete' timestamp='2011-10-15T11:03:44Z' uid='527259' user='Vratislav Filler' visible='true' version='1' changeset='9562482' lat='50.1045665' lon='14.4307476' />
  <node id='1629549498' action='delete' timestamp='2026-09-08T12:39:46Z' uid='12087838' user='Bilykralik16' visible='true' version='5' changeset='188720495' lat='50.1041016' lon='14.4312291'>
    <tag k='source' v='Bing;cuzk' />
  </node>
  <node id='1629549503' action='delete' timestamp='2024-09-25T16:21:09Z' uid='8971394' user='vojtechzaboril' visible='true' version='4' changeset='157091549' lat='50.1041911' lon='14.4307724' />
  <node id='1631808203' action='delete' timestamp='2026-09-08T12:39:46Z' uid='12087838' user='Bilykralik16' visible='true' version='13' changeset='188720495' lat='50.1041671' lon='14.4307865'>
    <tag k='local_ref' v='D' />
    <tag k='name' v='Výstaviště' />
    <tag k='name:de' v='Messegelände' />
    <tag k='public_transport' v='stop_position' />
    <tag k='railway' v='tram_stop' />
    <tag k='ref:PID' v='U532Z4P' />
    <tag k='source' v='cz:IPRPraha:ortofoto' />
    <tag k='tram' v='yes' />
    <tag k='wheelchair' v='no' />
  </node>
  <node id='1631897248' action='delete' timestamp='2026-09-08T12:39:46Z' uid='12087838' user='Bilykralik16' visible='true' version='14' changeset='188720495' lat='50.1041275' lon='14.4312229'>
    <tag k='blind:description' v='Odjezdová tabule je vybavena Tyflosetem, návod na obsluhu https://cs.wikibooks.org/wiki/VPN_vys%C3%ADla%C4%8Dka_pro_nevidom%C3%A9' />
    <tag k='departures_board' v='realtime' />
    <tag k='departures_board:speech_output' v='yes' />
    <tag k='local_ref' v='C' />
    <tag k='name' v='Výstaviště' />
    <tag k='name:de' v='Messegelände' />
    <tag k='public_transport' v='stop_position' />
    <tag k='railway' v='tram_stop' />
    <tag k='ref:PID' v='U532Z3P' />
    <tag k='source' v='cz:IPRPraha:ortofoto' />
    <tag k='tram' v='yes' />
    <tag k='wheelchair' v='no' />
  </node>
  <node id='1631897256' action='delete' timestamp='2012-02-13T21:44:54Z' uid='595326' user='viduka' visible='true' version='1' changeset='10678108' lat='50.1041978' lon='14.4304887' />
  <node id='1631897268' action='delete' timestamp='2024-09-25T16:21:09Z' uid='8971394' user='vojtechzaboril' visible='true' version='2' changeset='157091549' lat='50.1042063' lon='14.4314747' />
  <node id='1631897269' action='delete' timestamp='2024-09-25T16:21:09Z' uid='8971394' user='vojtechzaboril' visible='true' version='2' changeset='157091549' lat='50.1042347' lon='14.4305429' />
  <node id='1631897271' action='delete' timestamp='2024-09-25T16:21:09Z' uid='8971394' user='vojtechzaboril' visible='true' version='2' changeset='157091549' lat='50.1043888' lon='14.4317423' />
  <node id='1631897280' action='delete' timestamp='2024-09-25T16:21:09Z' uid='8971394' user='vojtechzaboril' visible='true' version='2' changeset='157091549' lat='50.1048465' lon='14.4324582' />
  <node id='1642881499' action='delete' timestamp='2021-04-22T12:02:19Z' uid='873469' user='R3gi' visible='true' version='5' changeset='103410947' lat='50.104221' lon='14.4133961'>
    <tag k='barrier' v='gate' />
    <tag k='bicycle' v='yes' />
    <tag k='foot' v='yes' />
    <tag k='motor_vehicle' v='no' />
  </node>
  <node id='1643962721' action='delete' timestamp='2018-12-09T17:16:51Z' uid='3003739' user='r00tcz' visible='true' version='2' changeset='65320361' lat='50.1072068' lon='14.4349797' />
  <node id='1643962725' action='delete' timestamp='2018-12-09T17:16:51Z' uid='3003739' user='r00tcz' visible='true' version='2' changeset='65320361' lat='50.1075794' lon='14.4349115' />
  <node id='1643962736' action='delete' timestamp='2018-12-09T17:16:51Z' uid='3003739' user='r00tcz' visible='true' version='2' changeset='65320361' lat='50.1083872' lon='14.433501' />
  <node id='1643962740' action='delete' timestamp='2018-12-09T17:16:51Z' uid='3003739' user='r00tcz' visible='true' version='2' changeset='65320361' lat='50.1085408' lon='14.4331156' />
  <node id='1643966252' action='delete' timestamp='2024-09-25T16:21:09Z' uid='8971394' user='vojtechzaboril' visible='true' version='3' changeset='157091549' lat='50.1041502' lon='14.4307551'>
    <tag k='source' v='Bing;cuzk' />
  </node>
  <node id='1643966253' action='delete' timestamp='2021-05-26T14:44:01Z' uid='100163' user='Hlav' visible='true' version='3' changeset='105365179' lat='50.1044626' lon='14.4311022' />
  <node id='1722803295' action='delete' timestamp='2026-01-08T00:14:34Z' uid='3003739' user='r00tcz' visible='true' version='2' changeset='176964724' lat='50.1060187' lon='14.4309088' />
  <node id='1722803306' action='delete' timestamp='2026-01-08T00:14:34Z' uid='3003739' user='r00tcz' visible='true' version='2' changeset='176964724' lat='50.1060356' lon='14.4308267' />
  <node id='1722803308' action='delete' timestamp='2026-01-08T00:14:34Z' uid='3003739' user='r00tcz' visible='true' version='2' changeset='176964724' lat='50.1059616' lon='14.4308799' />
  <node id='1722803310' action='delete' timestamp='2026-01-08T00:14:34Z' uid='3003739' user='r00tcz' visible='true' version='2' changeset='176964724' lat='50.1059785' lon='14.4307977' />
  <node id='1784567671' action='delete' timestamp='2016-12-29T15:08:59Z' uid='2169558' user='JandaM' visible='true' version='2' changeset='44759819' lat='50.1055302' lon='14.4310941' />
  <node id='1784567672' action='delete' timestamp='2018-06-14T13:55:34Z' uid='2169558' user='JandaM' visible='true' version='3' changeset='59846121' lat='50.1055452' lon='14.4311404' />
  <node id='1784567702' action='delete' timestamp='2015-11-21T15:00:59Z' uid='2169558' user='JandaM' visible='true' version='2' changeset='35489054' lat='50.1059297' lon='14.4284939' />
  <node id='1784567704' action='delete' timestamp='2015-11-21T15:00:59Z' uid='2169558' user='JandaM' visible='true' version='2' changeset='35489054' lat='50.1059319' lon='14.4284941' />
  <node id='1784567705' action='delete' timestamp='2015-11-21T15:00:59Z' uid='2169558' user='JandaM' visible='true' version='2' changeset='35489054' lat='50.1059362' lon='14.4285097' />
  <node id='1784567706' action='delete' timestamp='2015-11-21T15:00:59Z' uid='2169558' user='JandaM' visible='true' version='2' changeset='35489054' lat='50.1059389' lon='14.4285083' />
  <node id='1784567707' action='delete' timestamp='2015-11-21T15:00:59Z' uid='2169558' user='JandaM' visible='true' version='2' changeset='35489054' lat='50.1059429' lon='14.4284566' />
  <node id='1784567708' action='delete' timestamp='2015-11-21T15:00:59Z' uid='2169558' user='JandaM' visible='true' version='2' changeset='35489054' lat='50.1059446' lon='14.4284633' />
  <node id='1784567709' action='delete' timestamp='2015-11-21T15:00:59Z' uid='2169558' user='JandaM' visible='true' version='2' changeset='35489054' lat='50.1059658' lon='14.4286126' />
  <node id='1784567710' action='delete' timestamp='2015-11-21T15:00:59Z' uid='2169558' user='JandaM' visible='true' version='2' changeset='35489054' lat='50.1059683' lon='14.4286109' />
  <node id='1784567711' action='delete' timestamp='2015-11-21T15:00:59Z' uid='2169558' user='JandaM' visible='true' version='2' changeset='35489054' lat='50.1059798' lon='14.4286614' />
  <node id='1784567712' action='delete' timestamp='2015-11-21T15:00:59Z' uid='2169558' user='JandaM' visible='true' version='2' changeset='35489054' lat='50.1059823' lon='14.4286596' />
  <node id='1784567713' action='delete' timestamp='2015-11-21T15:00:59Z' uid='2169558' user='JandaM' visible='true' version='2' changeset='35489054' lat='50.1059872' lon='14.4283972' />
  <node id='1784567714' action='delete' timestamp='2015-11-21T15:00:59Z' uid='2169558' user='JandaM' visible='true' version='2' changeset='35489054' lat='50.105996' lon='14.4284275' />
  <node id='1784567715' action='delete' timestamp='2015-11-21T15:00:59Z' uid='2169558' user='JandaM' visible='true' version='2' changeset='35489054' lat='50.1060093' lon='14.4287642' />
  <node id='1784567716' action='delete' timestamp='2015-11-21T15:00:59Z' uid='2169558' user='JandaM' visible='true' version='2' changeset='35489054' lat='50.1060118' lon='14.4287624' />
  <node id='1784567731' action='delete' timestamp='2015-11-21T15:00:59Z' uid='2169558' user='JandaM' visible='true' version='2' changeset='35489054' lat='50.106018' lon='14.4283755' />
  <node id='1784567733' action='delete' timestamp='2015-11-21T15:00:59Z' uid='2169558' user='JandaM' visible='true' version='2' changeset='35489054' lat='50.1060232' lon='14.4288129' />
  <node id='1784567735' action='delete' timestamp='2015-11-21T15:00:59Z' uid='2169558' user='JandaM' visible='true' version='2' changeset='35489054' lat='50.1060258' lon='14.4288112' />
  <node id='1784567737' action='delete' timestamp='2015-11-21T15:00:59Z' uid='2169558' user='JandaM' visible='true' version='2' changeset='35489054' lat='50.1060288' lon='14.4284126' />
  <node id='1784567745' action='delete' timestamp='2015-11-21T15:00:59Z' uid='2169558' user='JandaM' visible='true' version='2' changeset='35489054' lat='50.1060527' lon='14.4289156' />
  <node id='1784567746' action='delete' timestamp='2015-11-21T15:00:59Z' uid='2169558' user='JandaM' visible='true' version='2' changeset='35489054' lat='50.1060553' lon='14.428914' />
  <node id='1784567747' action='delete' timestamp='2015-11-21T15:00:59Z' uid='2169558' user='JandaM' visible='true' version='2' changeset='35489054' lat='50.1060666' lon='14.4289642' />
  <node id='1784567748' action='delete' timestamp='2015-11-21T15:00:59Z' uid='2169558' user='JandaM' visible='true' version='2' changeset='35489054' lat='50.1060692' lon='14.4289623' />
  <node id='1784567749' action='delete' timestamp='2015-11-21T15:00:59Z' uid='2169558' user='JandaM' visible='true' version='2' changeset='35489054' lat='50.1060961' lon='14.4290672' />
  <node id='1784567750' action='delete' timestamp='2015-11-21T15:00:59Z' uid='2169558' user='JandaM' visible='true' version='2' changeset='35489054' lat='50.1060987' lon='14.4290654' />
  <node id='1784567751' action='delete' timestamp='2015-11-21T15:00:59Z' uid='2169558' user='JandaM' visible='true' version='2' changeset='35489054' lat='50.10611' lon='14.4291155' />
  <node id='1784567752' action='delete' timestamp='2015-11-21T15:00:59Z' uid='2169558' user='JandaM' visible='true' version='2' changeset='35489054' lat='50.1061125' lon='14.4291137' />
  <node id='1784567753' action='delete' timestamp='2015-11-21T15:00:59Z' uid='2169558' user='JandaM' visible='true' version='2' changeset='35489054' lat='50.1061396' lon='14.4292185' />
  <node id='1784567754' action='delete' timestamp='2015-11-21T15:00:59Z' uid='2169558' user='JandaM' visible='true' version='2' changeset='35489054' lat='50.1061421' lon='14.4292167' />
  <node id='1784567756' action='delete' timestamp='2015-11-21T15:00:59Z' uid='2169558' user='JandaM' visible='true' version='2' changeset='35489054' lat='50.1061535' lon='14.4292671' />
  <node id='1784567758' action='delete' timestamp='2015-11-21T15:00:59Z' uid='2169558' user='JandaM' visible='true' version='2' changeset='35489054' lat='50.1061561' lon='14.4292654' />
  <node id='1784567772' action='delete' timestamp='2015-11-21T15:00:59Z' uid='2169558' user='JandaM' visible='true' version='2' changeset='35489054' lat='50.106183' lon='14.4293698' />
  <node id='1784567774' action='delete' timestamp='2015-11-21T15:00:59Z' uid='2169558' user='JandaM' visible='true' version='2' changeset='35489054' lat='50.1061856' lon='14.4293681' />
  <node id='1784567776' action='delete' timestamp='2015-11-21T15:00:59Z' uid='2169558' user='JandaM' visible='true' version='2' changeset='35489054' lat='50.1061968' lon='14.4294181' />
  <node id='1784567778' action='delete' timestamp='2015-11-21T15:00:59Z' uid='2169558' user='JandaM' visible='true' version='2' changeset='35489054' lat='50.1061993' lon='14.4294163' />
  <node id='1784567782' action='delete' timestamp='2015-11-21T15:00:59Z' uid='2169558' user='JandaM' visible='true' version='2' changeset='35489054' lat='50.1062236' lon='14.4298762' />
  <node id='1784567783' action='delete' timestamp='2015-11-21T15:00:59Z' uid='2169558' user='JandaM' visible='true' version='2' changeset='35489054' lat='50.1062264' lon='14.4295213' />
  <node id='1784567784' action='delete' timestamp='2015-11-21T15:00:59Z' uid='2169558' user='JandaM' visible='true' version='2' changeset='35489054' lat='50.1062287' lon='14.429893' />
  <node id='1784567785' action='delete' timestamp='2015-11-21T15:00:59Z' uid='2169558' user='JandaM' visible='true' version='2' changeset='35489054' lat='50.1062393' lon='14.4282212' />
  <node id='1784567786' action='delete' timestamp='2015-11-21T15:00:59Z' uid='2169558' user='JandaM' visible='true' version='2' changeset='35489054' lat='50.1062402' lon='14.4295695' />
  <node id='1784567787' action='delete' timestamp='2015-11-21T15:00:59Z' uid='2169558' user='JandaM' visible='true' version='2' changeset='35489054' lat='50.1062428' lon='14.4295677' />
  <node id='1784567788' action='delete' timestamp='2015-11-21T15:00:59Z' uid='2169558' user='JandaM' visible='true' version='2' changeset='35489054' lat='50.1062501' lon='14.428259' />
  <node id='1784567789' action='delete' timestamp='2015-11-21T15:01:00Z' uid='2169558' user='JandaM' visible='true' version='2' changeset='35489054' lat='50.1062528' lon='14.4298772' />
  <node id='1784567790' action='delete' timestamp='2015-11-21T15:01:00Z' uid='2169558' user='JandaM' visible='true' version='2' changeset='35489054' lat='50.106259' lon='14.4297044' />
  <node id='1784567792' action='delete' timestamp='2015-11-21T15:01:00Z' uid='2169558' user='JandaM' visible='true' version='2' changeset='35489054' lat='50.1062671' lon='14.4282033' />
  <node id='1784567793' action='delete' timestamp='2015-11-21T15:01:00Z' uid='2169558' user='JandaM' visible='true' version='2' changeset='35489054' lat='50.1062696' lon='14.4296721' />
  <node id='1784567794' action='delete' timestamp='2015-11-21T15:01:00Z' uid='2169558' user='JandaM' visible='true' version='2' changeset='35489054' lat='50.1062702' lon='14.4299828' />
  <node id='1784567796' action='delete' timestamp='2015-11-21T15:01:00Z' uid='2169558' user='JandaM' visible='true' version='2' changeset='35489054' lat='50.1062722' lon='14.4296702' />
  <node id='1784567798' action='delete' timestamp='2015-11-21T15:01:00Z' uid='2169558' user='JandaM' visible='true' version='2' changeset='35489054' lat='50.106273' lon='14.4296836' />
  <node id='1784567810' action='delete' timestamp='2015-11-21T15:01:00Z' uid='2169558' user='JandaM' visible='true' version='2' changeset='35489054' lat='50.1062758' lon='14.4296829' />
  <node id='1784567813' action='delete' timestamp='2015-11-21T15:01:00Z' uid='2169558' user='JandaM' visible='true' version='2' changeset='35489054' lat='50.1062782' lon='14.4296911' />
  <node id='1784567815' action='delete' timestamp='2015-11-21T15:01:00Z' uid='2169558' user='JandaM' visible='true' version='2' changeset='35489054' lat='50.106279' lon='14.4282308' />
  <node id='1784567817' action='delete' timestamp='2015-11-21T15:01:00Z' uid='2169558' user='JandaM' visible='true' version='2' changeset='35489054' lat='50.1062804' lon='14.4300182' />
  <node id='1784567819' action='delete' timestamp='2015-11-21T15:01:00Z' uid='2169558' user='JandaM' visible='true' version='2' changeset='35489054' lat='50.1062811' lon='14.4299753' />
  <node id='1784567821' action='delete' timestamp='2015-11-21T15:01:00Z' uid='2169558' user='JandaM' visible='true' version='2' changeset='35489054' lat='50.1062913' lon='14.4300106' />
  <node id='1784567823' action='delete' timestamp='2015-11-21T15:01:00Z' uid='2169558' user='JandaM' visible='true' version='2' changeset='35489054' lat='50.1062956' lon='14.4300704' />
  <node id='1784567824' action='delete' timestamp='2015-11-21T15:01:00Z' uid='2169558' user='JandaM' visible='true' version='2' changeset='35489054' lat='50.1063059' lon='14.4301059' />
  <node id='1784567825' action='delete' timestamp='2015-11-21T15:01:00Z' uid='2169558' user='JandaM' visible='true' version='2' changeset='35489054' lat='50.1063063' lon='14.4300629' />
  <node id='1784567826' action='delete' timestamp='2015-11-21T15:01:00Z' uid='2169558' user='JandaM' visible='true' version='2' changeset='35489054' lat='50.1063166' lon='14.4300983' />
  <node id='1784567827' action='delete' timestamp='2015-11-21T15:01:00Z' uid='2169558' user='JandaM' visible='true' version='2' changeset='35489054' lat='50.1063206' lon='14.4302138' />
  <node id='1784567828' action='delete' timestamp='2017-01-09T17:37:56Z' uid='1189910' user='Milancer' visible='true' version='3' changeset='45031936' lat='50.1063222' lon='14.4302324' />
  <node id='1784567829' action='delete' timestamp='2015-11-21T15:01:00Z' uid='2169558' user='JandaM' visible='true' version='2' changeset='35489054' lat='50.1063255' lon='14.4302309' />
  <node id='1784567830' action='delete' timestamp='2015-11-21T15:01:00Z' uid='2169558' user='JandaM' visible='true' version='2' changeset='35489054' lat='50.1063279' lon='14.4281896' />
  <node id='1784567831' action='delete' timestamp='2015-11-21T15:01:00Z' uid='2169558' user='JandaM' visible='true' version='2' changeset='35489054' lat='50.1063292' lon='14.4281964' />
  <node id='1784567832' action='delete' timestamp='2015-11-21T15:01:00Z' uid='2169558' user='JandaM' visible='true' version='2' changeset='35489054' lat='50.1063449' lon='14.4301966' />
  <node id='1784567833' action='delete' timestamp='2015-11-21T15:01:00Z' uid='2169558' user='JandaM' visible='true' version='2' changeset='35489054' lat='50.1063483' lon='14.4281752' />
  <node id='1784567834' action='delete' timestamp='2012-06-12T11:28:28Z' uid='102554' user='Jezevec' visible='true' version='1' changeset='11873345' lat='50.1063504' lon='14.4281815' />
  <node id='1784567835' action='delete' timestamp='2015-11-21T15:01:00Z' uid='2169558' user='JandaM' visible='true' version='2' changeset='35489054' lat='50.1063536' lon='14.4282002' />
  <node id='1784567837' action='delete' timestamp='2015-11-21T15:01:00Z' uid='2169558' user='JandaM' visible='true' version='2' changeset='35489054' lat='50.1063553' lon='14.4281988' />
  <node id='1784567853' action='delete' timestamp='2015-11-21T15:01:00Z' uid='2169558' user='JandaM' visible='true' version='2' changeset='35489054' lat='50.1063585' lon='14.4282172' />
  <node id='1784567871' action='delete' timestamp='2015-11-21T15:01:00Z' uid='2169558' user='JandaM' visible='true' version='2' changeset='35489054' lat='50.1063856' lon='14.4283222' />
  <node id='1784567873' action='delete' timestamp='2015-11-21T15:01:00Z' uid='2169558' user='JandaM' visible='true' version='2' changeset='35489054' lat='50.1063881' lon='14.4283205' />
  <node id='1784567877' action='delete' timestamp='2015-11-21T15:01:00Z' uid='2169558' user='JandaM' visible='true' version='2' changeset='35489054' lat='50.1063993' lon='14.4283702' />
  <node id='1784567879' action='delete' timestamp='2015-11-21T15:01:00Z' uid='2169558' user='JandaM' visible='true' version='2' changeset='35489054' lat='50.1064018' lon='14.4283684' />
  <node id='1784567881' action='delete' timestamp='2015-11-21T15:01:00Z' uid='2169558' user='JandaM' visible='true' version='2' changeset='35489054' lat='50.1064288' lon='14.428473' />
  <node id='1784567883' action='delete' timestamp='2015-11-21T15:01:00Z' uid='2169558' user='JandaM' visible='true' version='2' changeset='35489054' lat='50.1064312' lon='14.4284712' />
  <node id='1784567884' action='delete' timestamp='2015-11-21T15:01:00Z' uid='2169558' user='JandaM' visible='true' version='2' changeset='35489054' lat='50.1064315' lon='14.4303055' />
  <node id='1784567888' action='delete' timestamp='2015-11-21T15:01:00Z' uid='2169558' user='JandaM' visible='true' version='2' changeset='35489054' lat='50.1064427' lon='14.4285215' />
  <node id='1784567902' action='delete' timestamp='2015-11-21T15:01:00Z' uid='2169558' user='JandaM' visible='true' version='2' changeset='35489054' lat='50.1064452' lon='14.4285199' />
  <node id='1784567904' action='delete' timestamp='2015-11-21T15:01:00Z' uid='2169558' user='JandaM' visible='true' version='2' changeset='35489054' lat='50.106451' lon='14.4303015' />
  <node id='1784567906' action='delete' timestamp='2015-11-21T15:01:00Z' uid='2169558' user='JandaM' visible='true' version='2' changeset='35489054' lat='50.1064513' lon='14.4302921' />
  <node id='1784567909' action='delete' timestamp='2015-11-21T15:01:00Z' uid='2169558' user='JandaM' visible='true' version='2' changeset='35489054' lat='50.1064535' lon='14.4302996' />
  <node id='1784567911' action='delete' timestamp='2015-11-21T15:01:01Z' uid='2169558' user='JandaM' visible='true' version='2' changeset='35489054' lat='50.1064545' lon='14.4303138' />
  <node id='1784567913' action='delete' timestamp='2015-11-21T15:01:01Z' uid='2169558' user='JandaM' visible='true' version='2' changeset='35489054' lat='50.1064571' lon='14.430312' />
  <node id='1784567917' action='delete' timestamp='2015-11-21T15:01:01Z' uid='2169558' user='JandaM' visible='true' version='2' changeset='35489054' lat='50.1064721' lon='14.4286246' />
  <node id='1784567920' action='delete' timestamp='2015-11-21T15:01:01Z' uid='2169558' user='JandaM' visible='true' version='2' changeset='35489054' lat='50.1064747' lon='14.4286228' />
  <node id='1784567921' action='delete' timestamp='2015-11-21T15:01:01Z' uid='2169558' user='JandaM' visible='true' version='2' changeset='35489054' lat='50.106484' lon='14.4304167' />
  <node id='1784567922' action='delete' timestamp='2015-11-21T15:01:01Z' uid='2169558' user='JandaM' visible='true' version='2' changeset='35489054' lat='50.1064859' lon='14.4286724' />
  <node id='1784567923' action='delete' timestamp='2015-11-21T15:01:01Z' uid='2169558' user='JandaM' visible='true' version='2' changeset='35489054' lat='50.1064866' lon='14.4304151' />
  <node id='1784567925' action='delete' timestamp='2015-11-21T15:01:01Z' uid='2169558' user='JandaM' visible='true' version='2' changeset='35489054' lat='50.1064885' lon='14.4286708' />
  <node id='1784567927' action='delete' timestamp='2015-11-21T15:01:01Z' uid='2169558' user='JandaM' visible='true' version='2' changeset='35489054' lat='50.1064978' lon='14.4304649' />
  <node id='1784567929' action='delete' timestamp='2015-11-21T15:01:01Z' uid='2169558' user='JandaM' visible='true' version='2' changeset='35489054' lat='50.1065004' lon='14.4304631' />
  <node id='1784567943' action='delete' timestamp='2015-11-21T15:01:01Z' uid='2169558' user='JandaM' visible='true' version='2' changeset='35489054' lat='50.1065154' lon='14.4287756' />
  <node id='1784567946' action='delete' timestamp='2015-11-21T15:01:01Z' uid='2169558' user='JandaM' visible='true' version='2' changeset='35489054' lat='50.1065179' lon='14.4287738' />
  <node id='1784567950' action='delete' timestamp='2015-11-21T15:01:01Z' uid='2169558' user='JandaM' visible='true' version='2' changeset='35489054' lat='50.1065275' lon='14.4305683' />
  <node id='1784567951' action='delete' timestamp='2015-11-21T15:01:01Z' uid='2169558' user='JandaM' visible='true' version='2' changeset='35489054' lat='50.1065292' lon='14.4288238' />
  <node id='1784567953' action='delete' timestamp='2015-11-21T15:01:01Z' uid='2169558' user='JandaM' visible='true' version='2' changeset='35489054' lat='50.10653' lon='14.4305665' />
  <node id='1784567954' action='delete' timestamp='2015-11-21T15:01:01Z' uid='2169558' user='JandaM' visible='true' version='2' changeset='35489054' lat='50.1065318' lon='14.428822' />
  <node id='1784567955' action='delete' timestamp='2015-11-21T15:01:01Z' uid='2169558' user='JandaM' visible='true' version='2' changeset='35489054' lat='50.1065411' lon='14.4306158' />
  <node id='1784567956' action='delete' timestamp='2015-11-21T15:01:01Z' uid='2169558' user='JandaM' visible='true' version='2' changeset='35489054' lat='50.1065437' lon='14.4306141' />
  <node id='1784567957' action='delete' timestamp='2015-11-21T15:01:01Z' uid='2169558' user='JandaM' visible='true' version='2' changeset='35489054' lat='50.1065587' lon='14.4289267' />
  <node id='1784567959' action='delete' timestamp='2015-11-21T15:01:01Z' uid='2169558' user='JandaM' visible='true' version='2' changeset='35489054' lat='50.1065612' lon='14.428925' />
  <node id='1784567961' action='delete' timestamp='2015-11-21T15:01:01Z' uid='2169558' user='JandaM' visible='true' version='2' changeset='35489054' lat='50.1065707' lon='14.430719' />
  <node id='1784567962' action='delete' timestamp='2015-11-21T15:01:01Z' uid='2169558' user='JandaM' visible='true' version='2' changeset='35489054' lat='50.1065726' lon='14.4289751' />
  <node id='1784567963' action='delete' timestamp='2015-11-21T15:01:01Z' uid='2169558' user='JandaM' visible='true' version='2' changeset='35489054' lat='50.1065732' lon='14.4307173' />
  <node id='1784567964' action='delete' timestamp='2015-11-21T15:01:01Z' uid='2169558' user='JandaM' visible='true' version='2' changeset='35489054' lat='50.1065751' lon='14.4289733' />
  <node id='1784567966' action='delete' timestamp='2015-11-21T15:01:01Z' uid='2169558' user='JandaM' visible='true' version='2' changeset='35489054' lat='50.1065844' lon='14.430767' />
  <node id='1784567968' action='delete' timestamp='2015-11-21T15:01:01Z' uid='2169558' user='JandaM' visible='true' version='2' changeset='35489054' lat='50.106587' lon='14.4307652' />
  <node id='1784567983' action='delete' timestamp='2015-11-21T15:01:01Z' uid='2169558' user='JandaM' visible='true' version='2' changeset='35489054' lat='50.1066021' lon='14.4290781' />
  <node id='1784567986' action='delete' timestamp='2015-11-21T15:01:01Z' uid='2169558' user='JandaM' visible='true' version='2' changeset='35489054' lat='50.1066046' lon='14.4290763' />
  <node id='1784567988' action='delete' timestamp='2015-11-21T15:01:01Z' uid='2169558' user='JandaM' visible='true' version='2' changeset='35489054' lat='50.1066137' lon='14.4308688' />
  <node id='1784567990' action='delete' timestamp='2015-11-21T15:01:01Z' uid='2169558' user='JandaM' visible='true' version='2' changeset='35489054' lat='50.1066159' lon='14.4291264' />
  <node id='1784567992' action='delete' timestamp='2015-11-21T15:01:01Z' uid='2169558' user='JandaM' visible='true' version='2' changeset='35489054' lat='50.1066162' lon='14.4308671' />
  <node id='1784567993' action='delete' timestamp='2015-11-21T15:01:01Z' uid='2169558' user='JandaM' visible='true' version='2' changeset='35489054' lat='50.1066185' lon='14.4291247' />
  <node id='1784567994' action='delete' timestamp='2015-11-21T15:01:01Z' uid='2169558' user='JandaM' visible='true' version='2' changeset='35489054' lat='50.1066277' lon='14.430918' />
  <node id='1784567995' action='delete' timestamp='2015-11-21T15:01:01Z' uid='2169558' user='JandaM' visible='true' version='2' changeset='35489054' lat='50.1066303' lon='14.4309162' />
  <node id='1784567996' action='delete' timestamp='2015-11-21T15:01:01Z' uid='2169558' user='JandaM' visible='true' version='2' changeset='35489054' lat='50.106645' lon='14.4292281' />
  <node id='1784567997' action='delete' timestamp='2015-11-21T15:01:01Z' uid='2169558' user='JandaM' visible='true' version='2' changeset='35489054' lat='50.1066476' lon='14.4292263' />
  <node id='1784567999' action='delete' timestamp='2015-11-21T15:01:01Z' uid='2169558' user='JandaM' visible='true' version='2' changeset='35489054' lat='50.1066574' lon='14.4310215' />
  <node id='1784568000' action='delete' timestamp='2015-11-21T15:01:01Z' uid='2169558' user='JandaM' visible='true' version='2' changeset='35489054' lat='50.1066593' lon='14.4292779' />
  <node id='1784568001' action='delete' timestamp='2015-11-21T15:01:01Z' uid='2169558' user='JandaM' visible='true' version='2' changeset='35489054' lat='50.10666' lon='14.4310198' />
  <node id='1784568002' action='delete' timestamp='2015-11-21T15:01:01Z' uid='2169558' user='JandaM' visible='true' version='2' changeset='35489054' lat='50.1066618' lon='14.4292761' />
  <node id='1784568004' action='delete' timestamp='2015-11-21T15:01:02Z' uid='2169558' user='JandaM' visible='true' version='2' changeset='35489054' lat='50.1066711' lon='14.4310692' />
  <node id='1784568005' action='delete' timestamp='2015-11-21T15:01:02Z' uid='2169558' user='JandaM' visible='true' version='2' changeset='35489054' lat='50.1066736' lon='14.4310675' />
  <node id='1784568007' action='delete' timestamp='2015-11-21T15:01:02Z' uid='2169558' user='JandaM' visible='true' version='2' changeset='35489054' lat='50.1066889' lon='14.4293813' />
  <node id='1784568021' action='delete' timestamp='2015-11-21T15:01:02Z' uid='2169558' user='JandaM' visible='true' version='2' changeset='35489054' lat='50.1066914' lon='14.4293795' />
  <node id='1784568023' action='delete' timestamp='2015-11-21T15:01:02Z' uid='2169558' user='JandaM' visible='true' version='2' changeset='35489054' lat='50.1066923' lon='14.4293929' />
  <node id='1784568025' action='delete' timestamp='2015-11-21T15:01:02Z' uid='2169558' user='JandaM' visible='true' version='2' changeset='35489054' lat='50.1066945' lon='14.429401' />
  <node id='1784568027' action='delete' timestamp='2015-11-21T15:01:02Z' uid='2169558' user='JandaM' visible='true' version='2' changeset='35489054' lat='50.1066948' lon='14.4293912' />
  <node id='1784568031' action='delete' timestamp='2015-11-21T15:01:02Z' uid='2169558' user='JandaM' visible='true' version='2' changeset='35489054' lat='50.1067008' lon='14.4311727' />
  <node id='1784568033' action='delete' timestamp='2015-11-21T15:01:02Z' uid='2169558' user='JandaM' visible='true' version='2' changeset='35489054' lat='50.1067033' lon='14.4311709' />
  <node id='1784568034' action='delete' timestamp='2015-11-21T15:01:02Z' uid='2169558' user='JandaM' visible='true' version='2' changeset='35489054' lat='50.1067145' lon='14.4293877' />
  <node id='1784568035' action='delete' timestamp='2015-11-21T15:01:02Z' uid='2169558' user='JandaM' visible='true' version='2' changeset='35489054' lat='50.1067145' lon='14.4312207' />
  <node id='1784568036' action='delete' timestamp='2015-11-21T15:01:02Z' uid='2169558' user='JandaM' visible='true' version='2' changeset='35489054' lat='50.106717' lon='14.4312189' />
  <node id='1784568037' action='delete' timestamp='2015-11-21T15:01:02Z' uid='2169558' user='JandaM' visible='true' version='2' changeset='35489054' lat='50.1067181' lon='14.4294001' />
  <node id='1784568040' action='delete' timestamp='2015-11-21T15:01:02Z' uid='2169558' user='JandaM' visible='true' version='2' changeset='35489054' lat='50.1067441' lon='14.431324' />
  <node id='1784568041' action='delete' timestamp='2015-11-21T15:01:02Z' uid='2169558' user='JandaM' visible='true' version='2' changeset='35489054' lat='50.1067467' lon='14.4313223' />
  <node id='1784568043' action='delete' timestamp='2015-11-21T15:01:02Z' uid='2169558' user='JandaM' visible='true' version='2' changeset='35489054' lat='50.1067578' lon='14.4313716' />
  <node id='1784568044' action='delete' timestamp='2015-11-21T15:01:02Z' uid='2169558' user='JandaM' visible='true' version='2' changeset='35489054' lat='50.1067604' lon='14.4313699' />
  <node id='1784568062' action='delete' timestamp='2012-06-12T11:28:32Z' uid='102554' user='Jezevec' visible='true' version='1' changeset='11873345' lat='50.1067694' lon='14.4293581' />
  <node id='1784568076' action='delete' timestamp='2015-11-21T15:01:02Z' uid='2169558' user='JandaM' visible='true' version='2' changeset='35489054' lat='50.1067877' lon='14.4314752' />
  <node id='1784568077' action='delete' timestamp='2015-11-21T15:01:02Z' uid='2169558' user='JandaM' visible='true' version='2' changeset='35489054' lat='50.10679' lon='14.4314735' />
  <node id='1784568078' action='delete' timestamp='2015-11-21T15:01:02Z' uid='2169558' user='JandaM' visible='true' version='2' changeset='35489054' lat='50.1067914' lon='14.4314937' />
  <node id='1784568079' action='delete' timestamp='2015-11-21T15:01:02Z' uid='2169558' user='JandaM' visible='true' version='2' changeset='35489054' lat='50.1067929' lon='14.4314922' />
  <node id='1784568083' action='delete' timestamp='2015-11-21T15:01:02Z' uid='2169558' user='JandaM' visible='true' version='2' changeset='35489054' lat='50.106797' lon='14.4293369' />
  <node id='1784568085' action='delete' timestamp='2015-11-21T15:01:02Z' uid='2169558' user='JandaM' visible='true' version='2' changeset='35489054' lat='50.1068007' lon='14.4294961' />
  <node id='1784568086' action='delete' timestamp='2015-11-21T15:01:02Z' uid='2169558' user='JandaM' visible='true' version='2' changeset='35489054' lat='50.1068159' lon='14.4314951' />
  <node id='1784568100' action='delete' timestamp='2015-11-21T15:01:02Z' uid='2169558' user='JandaM' visible='true' version='2' changeset='35489054' lat='50.1068179' lon='14.431503' />
  <node id='1784568102' action='delete' timestamp='2015-11-21T15:01:02Z' uid='2169558' user='JandaM' visible='true' version='2' changeset='35489054' lat='50.1068204' lon='14.4294517' />
  <node id='1784568103' action='delete' timestamp='2015-11-21T15:01:02Z' uid='2169558' user='JandaM' visible='true' version='2' changeset='35489054' lat='50.1068204' lon='14.429462' />
  <node id='1784568104' action='delete' timestamp='2015-11-21T15:01:02Z' uid='2169558' user='JandaM' visible='true' version='2' changeset='35489054' lat='50.1068229' lon='14.4294603' />
  <node id='1784568105' action='delete' timestamp='2015-11-21T15:01:02Z' uid='2169558' user='JandaM' visible='true' version='2' changeset='35489054' lat='50.1068253' lon='14.429479' />
  <node id='1784568106' action='delete' timestamp='2015-11-21T15:01:02Z' uid='2169558' user='JandaM' visible='true' version='2' changeset='35489054' lat='50.1068256' lon='14.4294482' />
  <node id='1784568107' action='delete' timestamp='2015-11-21T15:01:02Z' uid='2169558' user='JandaM' visible='true' version='2' changeset='35489054' lat='50.1068292' lon='14.4295936' />
  <node id='1784568110' action='delete' timestamp='2015-11-21T15:01:02Z' uid='2169558' user='JandaM' visible='true' version='2' changeset='35489054' lat='50.1068392' lon='14.4296293' />
  <node id='1784568111' action='delete' timestamp='2015-11-21T15:01:02Z' uid='2169558' user='JandaM' visible='true' version='2' changeset='35489054' lat='50.1068398' lon='14.4295866' />
  <node id='1784568113' action='delete' timestamp='2015-11-21T15:01:02Z' uid='2169558' user='JandaM' visible='true' version='2' changeset='35489054' lat='50.10685' lon='14.4296214' />
  <node id='1784568114' action='delete' timestamp='2015-11-21T15:01:02Z' uid='2169558' user='JandaM' visible='true' version='2' changeset='35489054' lat='50.106855' lon='14.4296814' />
  <node id='1784568116' action='delete' timestamp='2015-11-21T15:01:03Z' uid='2169558' user='JandaM' visible='true' version='2' changeset='35489054' lat='50.1068649' lon='14.429717' />
  <node id='1784568117' action='delete' timestamp='2015-11-21T15:01:03Z' uid='2169558' user='JandaM' visible='true' version='2' changeset='35489054' lat='50.1068654' lon='14.4296742' />
  <node id='1784568118' action='delete' timestamp='2015-11-21T15:01:03Z' uid='2169558' user='JandaM' visible='true' version='2' changeset='35489054' lat='50.1068663' lon='14.4314613' />
  <node id='1784568119' action='delete' timestamp='2015-11-21T15:01:03Z' uid='2169558' user='JandaM' visible='true' version='2' changeset='35489054' lat='50.106867' lon='14.4300004' />
  <node id='1784568120' action='delete' timestamp='2015-11-21T15:01:03Z' uid='2169558' user='JandaM' visible='true' version='2' changeset='35489054' lat='50.1068693' lon='14.4300087' />
  <node id='1784568121' action='delete' timestamp='2015-11-21T15:01:03Z' uid='2169558' user='JandaM' visible='true' version='2' changeset='35489054' lat='50.1068718' lon='14.4300069' />
  <node id='1784568122' action='delete' timestamp='2015-11-21T15:01:03Z' uid='2169558' user='JandaM' visible='true' version='2' changeset='35489054' lat='50.1068726' lon='14.4300203' />
  <node id='1784568123' action='delete' timestamp='2015-11-21T15:01:03Z' uid='2169558' user='JandaM' visible='true' version='2' changeset='35489054' lat='50.1068752' lon='14.4300184' />
  <node id='1784568124' action='delete' timestamp='2015-11-21T15:01:03Z' uid='2169558' user='JandaM' visible='true' version='2' changeset='35489054' lat='50.1068754' lon='14.4297099' />
  <node id='1784568125' action='delete' timestamp='2015-11-21T15:01:03Z' uid='2169558' user='JandaM' visible='true' version='2' changeset='35489054' lat='50.1068758' lon='14.4314916' />
  <node id='1784568126' action='delete' timestamp='2015-11-21T15:01:03Z' uid='2169558' user='JandaM' visible='true' version='2' changeset='35489054' lat='50.1068833' lon='14.4299751' />
  <node id='1784568127' action='delete' timestamp='2015-11-21T15:01:03Z' uid='2169558' user='JandaM' visible='true' version='2' changeset='35489054' lat='50.106887' lon='14.4299878' />
  <node id='1784568128' action='delete' timestamp='2015-11-21T15:01:03Z' uid='2169558' user='JandaM' visible='true' version='2' changeset='35489054' lat='50.1068931' lon='14.4298156' />
  <node id='1784568129' action='delete' timestamp='2015-11-21T15:01:03Z' uid='2169558' user='JandaM' visible='true' version='2' changeset='35489054' lat='50.1068958' lon='14.4314334' />
  <node id='1784568130' action='delete' timestamp='2015-11-21T15:01:03Z' uid='2169558' user='JandaM' visible='true' version='2' changeset='35489054' lat='50.1069023' lon='14.4301237' />
  <node id='1784568131' action='delete' timestamp='2015-11-21T15:01:03Z' uid='2169558' user='JandaM' visible='true' version='2' changeset='35489054' lat='50.1069048' lon='14.4301219' />
  <node id='1784568132' action='delete' timestamp='2015-11-21T15:01:03Z' uid='2169558' user='JandaM' visible='true' version='2' changeset='35489054' lat='50.1069066' lon='14.4314702' />
  <node id='1784568133' action='delete' timestamp='2015-11-21T15:01:03Z' uid='2169558' user='JandaM' visible='true' version='2' changeset='35489054' lat='50.1069162' lon='14.4301722' />
  <node id='1784568134' action='delete' timestamp='2015-11-21T15:01:03Z' uid='2169558' user='JandaM' visible='true' version='2' changeset='35489054' lat='50.1069171' lon='14.4297991' />
  <node id='1784568136' action='delete' timestamp='2015-11-21T15:01:03Z' uid='2169558' user='JandaM' visible='true' version='2' changeset='35489054' lat='50.1069188' lon='14.4301704' />
  <node id='1784568137' action='delete' timestamp='2015-11-21T15:01:03Z' uid='2169558' user='JandaM' visible='true' version='2' changeset='35489054' lat='50.1069223' lon='14.429816' />
  <node id='1784568138' action='delete' timestamp='2015-11-21T15:01:03Z' uid='2169558' user='JandaM' visible='true' version='2' changeset='35489054' lat='50.1069245' lon='14.4298146' />
  <node id='1784568139' action='delete' timestamp='2015-11-21T15:01:03Z' uid='2169558' user='JandaM' visible='true' version='2' changeset='35489054' lat='50.1069357' lon='14.4298537' />
  <node id='1784568140' action='delete' timestamp='2012-06-12T11:28:34Z' uid='102554' user='Jezevec' visible='true' version='1' changeset='11873345' lat='50.1069386' lon='14.4299429' />
  <node id='1784568142' action='delete' timestamp='2015-11-21T15:01:03Z' uid='2169558' user='JandaM' visible='true' version='2' changeset='35489054' lat='50.1069457' lon='14.4302747' />
  <node id='1784568143' action='delete' timestamp='2015-11-21T15:01:03Z' uid='2169558' user='JandaM' visible='true' version='2' changeset='35489054' lat='50.1069465' lon='14.4298464' />
  <node id='1784568144' action='delete' timestamp='2015-11-21T15:01:03Z' uid='2169558' user='JandaM' visible='true' version='2' changeset='35489054' lat='50.1069482' lon='14.4302731' />
  <node id='1784568146' action='delete' timestamp='2015-11-21T15:01:03Z' uid='2169558' user='JandaM' visible='true' version='2' changeset='35489054' lat='50.1069596' lon='14.4303233' />
  <node id='1784568147' action='delete' timestamp='2015-11-21T15:01:03Z' uid='2169558' user='JandaM' visible='true' version='2' changeset='35489054' lat='50.1069621' lon='14.4303216' />
  <node id='1784568148' action='delete' timestamp='2015-11-21T15:01:03Z' uid='2169558' user='JandaM' visible='true' version='2' changeset='35489054' lat='50.1069648' lon='14.4299253' />
  <node id='1784568150' action='delete' timestamp='2015-11-21T15:01:03Z' uid='2169558' user='JandaM' visible='true' version='2' changeset='35489054' lat='50.1069891' lon='14.4304263' />
  <node id='1784568151' action='delete' timestamp='2015-11-21T15:01:03Z' uid='2169558' user='JandaM' visible='true' version='2' changeset='35489054' lat='50.1069917' lon='14.4304245' />
  <node id='1784568153' action='delete' timestamp='2015-11-21T15:01:03Z' uid='2169558' user='JandaM' visible='true' version='2' changeset='35489054' lat='50.1070029' lon='14.4304746' />
  <node id='1784568154' action='delete' timestamp='2015-11-21T15:01:03Z' uid='2169558' user='JandaM' visible='true' version='2' changeset='35489054' lat='50.1070055' lon='14.4304728' />
  <node id='1784568157' action='delete' timestamp='2015-11-21T15:01:03Z' uid='2169558' user='JandaM' visible='true' version='2' changeset='35489054' lat='50.1070325' lon='14.4305775' />
  <node id='1784568158' action='delete' timestamp='2015-11-21T15:01:03Z' uid='2169558' user='JandaM' visible='true' version='2' changeset='35489054' lat='50.107035' lon='14.4305758' />
  <node id='1784568159' action='delete' timestamp='2015-11-21T15:01:03Z' uid='2169558' user='JandaM' visible='true' version='2' changeset='35489054' lat='50.1070465' lon='14.4306263' />
  <node id='1784568160' action='delete' timestamp='2015-11-21T15:01:03Z' uid='2169558' user='JandaM' visible='true' version='2' changeset='35489054' lat='50.107049' lon='14.4306246' />
  <node id='1784568162' action='delete' timestamp='2015-11-21T15:01:03Z' uid='2169558' user='JandaM' visible='true' version='2' changeset='35489054' lat='50.1070759' lon='14.4307288' />
  <node id='1784568163' action='delete' timestamp='2015-11-21T15:01:03Z' uid='2169558' user='JandaM' visible='true' version='2' changeset='35489054' lat='50.1070784' lon='14.430727' />
  <node id='1784568166' action='delete' timestamp='2015-11-21T15:01:03Z' uid='2169558' user='JandaM' visible='true' version='2' changeset='35489054' lat='50.1070898' lon='14.4307774' />
  <node id='1784568167' action='delete' timestamp='2015-11-21T15:01:03Z' uid='2169558' user='JandaM' visible='true' version='2' changeset='35489054' lat='50.1070923' lon='14.4307755' />
  <node id='1784568169' action='delete' timestamp='2015-11-21T15:01:03Z' uid='2169558' user='JandaM' visible='true' version='2' changeset='35489054' lat='50.1071177' lon='14.4312804' />
  <node id='1784568170' action='delete' timestamp='2015-11-21T15:01:03Z' uid='2169558' user='JandaM' visible='true' version='2' changeset='35489054' lat='50.1071195' lon='14.4308811' />
  <node id='1784568171' action='delete' timestamp='2015-11-21T15:01:03Z' uid='2169558' user='JandaM' visible='true' version='2' changeset='35489054' lat='50.1071221' lon='14.4308792' />
  <node id='1784568172' action='delete' timestamp='2015-11-21T15:01:03Z' uid='2169558' user='JandaM' visible='true' version='2' changeset='35489054' lat='50.1071279' lon='14.4313165' />
  <node id='1784568173' action='delete' timestamp='2015-11-21T15:01:03Z' uid='2169558' user='JandaM' visible='true' version='2' changeset='35489054' lat='50.1071335' lon='14.4309296' />
  <node id='1784568174' action='delete' timestamp='2015-11-21T15:01:03Z' uid='2169558' user='JandaM' visible='true' version='2' changeset='35489054' lat='50.107136' lon='14.4309278' />
  <node id='1784568175' action='delete' timestamp='2015-11-21T15:01:04Z' uid='2169558' user='JandaM' visible='true' version='2' changeset='35489054' lat='50.10715' lon='14.4312645' />
  <node id='1784568176' action='delete' timestamp='2015-11-21T15:01:04Z' uid='2169558' user='JandaM' visible='true' version='2' changeset='35489054' lat='50.1071584' lon='14.4312954' />
  <node id='1784568177' action='delete' timestamp='2015-11-21T15:01:04Z' uid='2169558' user='JandaM' visible='true' version='2' changeset='35489054' lat='50.107163' lon='14.4310325' />
  <node id='1784568178' action='delete' timestamp='2015-11-21T15:01:04Z' uid='2169558' user='JandaM' visible='true' version='2' changeset='35489054' lat='50.1071655' lon='14.4310307' />
  <node id='1784568179' action='delete' timestamp='2015-11-21T15:01:04Z' uid='2169558' user='JandaM' visible='true' version='2' changeset='35489054' lat='50.1071769' lon='14.431081' />
  <node id='1784568180' action='delete' timestamp='2015-11-21T15:01:04Z' uid='2169558' user='JandaM' visible='true' version='2' changeset='35489054' lat='50.1071794' lon='14.4310792' />
  <node id='1784568183' action='delete' timestamp='2015-11-21T15:01:04Z' uid='2169558' user='JandaM' visible='true' version='2' changeset='35489054' lat='50.1072007' lon='14.4312295' />
  <node id='1784568184' action='delete' timestamp='2015-11-21T15:01:04Z' uid='2169558' user='JandaM' visible='true' version='2' changeset='35489054' lat='50.1072027' lon='14.431236' />
  <node id='1784568185' action='delete' timestamp='2015-11-21T15:01:04Z' uid='2169558' user='JandaM' visible='true' version='2' changeset='35489054' lat='50.1072065' lon='14.4311842' />
  <node id='1784568187' action='delete' timestamp='2015-11-21T15:01:04Z' uid='2169558' user='JandaM' visible='true' version='2' changeset='35489054' lat='50.1072089' lon='14.4311823' />
  <node id='1784568188' action='delete' timestamp='2015-11-21T15:01:04Z' uid='2169558' user='JandaM' visible='true' version='2' changeset='35489054' lat='50.107214' lon='14.4311996' />
  <node id='1784568189' action='delete' timestamp='2015-11-21T15:01:04Z' uid='2169558' user='JandaM' visible='true' version='2' changeset='35489054' lat='50.1072153' lon='14.4311984' />
  <node id='1784576427' timestamp='2015-11-21T15:01:04Z' uid='2169558' user='JandaM' visible='true' version='2' changeset='35489054' lat='50.1053188' lon='14.4275604' />
  <node id='1784576428' timestamp='2015-11-21T15:01:04Z' uid='2169558' user='JandaM' visible='true' version='2' changeset='35489054' lat='50.1053163' lon='14.4274446' />
  <node id='1784576429' timestamp='2015-11-21T15:01:04Z' uid='2169558' user='JandaM' visible='true' version='2' changeset='35489054' lat='50.1053235' lon='14.4276493' />
  <node id='1784576430' timestamp='2015-11-21T15:01:04Z' uid='2169558' user='JandaM' visible='true' version='2' changeset='35489054' lat='50.105334' lon='14.4273789' />
  <node id='1784576431' timestamp='2015-11-21T15:01:04Z' uid='2169558' user='JandaM' visible='true' version='2' changeset='35489054' lat='50.1053466' lon='14.4273467' />
  <node id='1784576432' timestamp='2015-11-21T15:01:04Z' uid='2169558' user='JandaM' visible='true' version='2' changeset='35489054' lat='50.1053798' lon='14.4273107' />
  <node id='1784576433' action='delete' timestamp='2015-11-21T15:01:04Z' uid='2169558' user='JandaM' visible='true' version='2' changeset='35489054' lat='50.1053807' lon='14.4286486' />
  <node id='1784576434' action='delete' timestamp='2015-11-21T15:01:04Z' uid='2169558' user='JandaM' visible='true' version='2' changeset='35489054' lat='50.1053822' lon='14.4286574' />
  <node id='1784576435' action='delete' timestamp='2015-11-21T15:01:04Z' uid='2169558' user='JandaM' visible='true' version='2' changeset='35489054' lat='50.1053869' lon='14.428674' />
  <node id='1784576436' action='delete' timestamp='2015-11-21T15:01:04Z' uid='2169558' user='JandaM' visible='true' version='2' changeset='35489054' lat='50.10539' lon='14.4286816' />
  <node id='1784576437' action='delete' timestamp='2015-11-21T15:01:04Z' uid='2169558' user='JandaM' visible='true' version='2' changeset='35489054' lat='50.1053978' lon='14.4286951' />
  <node id='1784576438' timestamp='2015-11-21T15:01:04Z' uid='2169558' user='JandaM' visible='true' version='2' changeset='35489054' lat='50.1054215' lon='14.427249' />
  <node id='1784576439' action='delete' timestamp='2015-11-21T15:01:04Z' uid='2169558' user='JandaM' visible='true' version='2' changeset='35489054' lat='50.1054277' lon='14.4287267' />
  <node id='1784576441' action='delete' timestamp='2012-06-12T11:45:10Z' uid='102554' user='Jezevec' visible='true' version='1' changeset='11873484' lat='50.1054586' lon='14.428737' />
  <node id='1784576442' action='delete' timestamp='2021-07-14T05:50:34Z' uid='10317199' user='adam 12' visible='true' version='2' changeset='107949265' lat='50.10547' lon='14.4287374' />
  <node id='1784576443' timestamp='2015-11-21T15:01:04Z' uid='2169558' user='JandaM' visible='true' version='2' changeset='35489054' lat='50.1055564' lon='14.4278344' />
  <node id='1784576444' timestamp='2015-11-21T15:01:04Z' uid='2169558' user='JandaM' visible='true' version='2' changeset='35489054' lat='50.1055634' lon='14.4272345' />
  <node id='1784576446' action='delete' timestamp='2015-11-21T15:01:04Z' uid='2169558' user='JandaM' visible='true' version='2' changeset='35489054' lat='50.1056109' lon='14.4288013' />
  <node id='1784576447' action='delete' timestamp='2015-11-21T15:01:04Z' uid='2169558' user='JandaM' visible='true' version='2' changeset='35489054' lat='50.1056129' lon='14.4288084' />
  <node id='1784576448' timestamp='2015-11-21T15:01:04Z' uid='2169558' user='JandaM' visible='true' version='2' changeset='35489054' lat='50.1056261' lon='14.4272812' />
  <node id='1784576449' timestamp='2015-11-21T15:01:04Z' uid='2169558' user='JandaM' visible='true' version='2' changeset='35489054' lat='50.1056745' lon='14.4273594' />
  <node id='1784576451' action='delete' timestamp='2015-11-21T15:01:05Z' uid='2169558' user='JandaM' visible='true' version='2' changeset='35489054' lat='50.105697' lon='14.4287405' />
  <node id='1784576452' action='delete' timestamp='2015-11-21T15:01:05Z' uid='2169558' user='JandaM' visible='true' version='2' changeset='35489054' lat='50.1056991' lon='14.4287477' />
  <node id='1784576453' action='delete' timestamp='2015-11-21T15:01:05Z' uid='2169558' user='JandaM' visible='true' version='2' changeset='35489054' lat='50.1057186' lon='14.4287116' />
  <node id='1784576454' action='delete' timestamp='2015-11-21T15:01:05Z' uid='2169558' user='JandaM' visible='true' version='2' changeset='35489054' lat='50.1057223' lon='14.4287227' />
  <node id='1784576455' action='delete' timestamp='2015-11-21T15:01:05Z' uid='2169558' user='JandaM' visible='true' version='2' changeset='35489054' lat='50.1057583' lon='14.4285413' />
  <node id='1784576456' action='delete' timestamp='2012-06-12T11:45:11Z' uid='102554' user='Jezevec' visible='true' version='1' changeset='11873484' lat='50.1057658' lon='14.4285301' />
  <node id='1784576457' action='delete' timestamp='2012-06-12T11:45:11Z' uid='102554' user='Jezevec' visible='true' version='1' changeset='11873484' lat='50.1057698' lon='14.4285223' />
  <node id='1784576458' action='delete' timestamp='2012-06-12T11:45:11Z' uid='102554' user='Jezevec' visible='true' version='1' changeset='11873484' lat='50.1057744' lon='14.4285121' />
  <node id='1784576459' action='delete' timestamp='2015-11-21T15:01:05Z' uid='2169558' user='JandaM' visible='true' version='2' changeset='35489054' lat='50.1057785' lon='14.4285003' />
  <node id='1784576460' action='delete' timestamp='2012-06-12T11:45:11Z' uid='102554' user='Jezevec' visible='true' version='1' changeset='11873484' lat='50.1057779' lon='14.4283752' />
  <node id='1784576461' action='delete' timestamp='2012-06-12T11:45:11Z' uid='102554' user='Jezevec' visible='true' version='1' changeset='11873484' lat='50.1057808' lon='14.428492' />
  <node id='1784576462' action='delete' timestamp='2012-06-12T11:45:11Z' uid='102554' user='Jezevec' visible='true' version='1' changeset='11873484' lat='50.1057816' lon='14.4283852' />
  <node id='1784576465' action='delete' timestamp='2015-11-21T15:01:05Z' uid='2169558' user='JandaM' visible='true' version='2' changeset='35489054' lat='50.1057869' lon='14.4284447' />
  <node id='1784576466' action='delete' timestamp='2012-06-12T11:45:11Z' uid='102554' user='Jezevec' visible='true' version='1' changeset='11873484' lat='50.105788' lon='14.428435' />
  <node id='1844440086' action='delete' timestamp='2024-09-25T16:21:09Z' uid='8971394' user='vojtechzaboril' visible='true' version='2' changeset='157091549' lat='50.1042024' lon='14.4306353' />
  <node id='1850289471' action='delete' timestamp='2012-08-03T17:47:24Z' uid='623625' user='Kozuch-EEA' visible='true' version='1' changeset='12601043' lat='50.1027991' lon='14.4231202' />
  <node id='1850289475' action='delete' timestamp='2012-08-03T17:47:24Z' uid='623625' user='Kozuch-EEA' visible='true' version='1' changeset='12601043' lat='50.1029029' lon='14.4233896' />
  <node id='1850289486' action='delete' timestamp='2012-08-03T17:47:24Z' uid='623625' user='Kozuch-EEA' visible='true' version='1' changeset='12601043' lat='50.1029771' lon='14.4234879' />
  <node id='1850289487' action='delete' timestamp='2012-08-03T17:47:24Z' uid='623625' user='Kozuch-EEA' visible='true' version='1' changeset='12601043' lat='50.1029841' lon='14.4202538' />
  <node id='1850289490' action='delete' timestamp='2012-08-03T17:47:24Z' uid='623625' user='Kozuch-EEA' visible='true' version='1' changeset='12601043' lat='50.1030187' lon='14.4257687' />
  <node id='1850289493' action='delete' timestamp='2012-08-03T17:47:24Z' uid='623625' user='Kozuch-EEA' visible='true' version='1' changeset='12601043' lat='50.1030315' lon='14.4259846' />
  <node id='1850289497' action='delete' timestamp='2012-08-03T17:47:24Z' uid='623625' user='Kozuch-EEA' visible='true' version='1' changeset='12601043' lat='50.1030411' lon='14.4259772' />
  <node id='1850289499' action='delete' timestamp='2012-08-03T17:47:24Z' uid='623625' user='Kozuch-EEA' visible='true' version='1' changeset='12601043' lat='50.1030696' lon='14.4254714' />
  <node id='1850289503' action='delete' timestamp='2012-08-03T17:47:24Z' uid='623625' user='Kozuch-EEA' visible='true' version='1' changeset='12601043' lat='50.1031096' lon='14.4257244' />
  <node id='1850289515' action='delete' timestamp='2012-08-03T17:47:25Z' uid='623625' user='Kozuch-EEA' visible='true' version='1' changeset='12601043' lat='50.1031171' lon='14.4248526' />
  <node id='1850289518' action='delete' timestamp='2012-08-03T17:47:25Z' uid='623625' user='Kozuch-EEA' visible='true' version='1' changeset='12601043' lat='50.1031401' lon='14.4181621' />
  <node id='1850289522' action='delete' timestamp='2012-08-03T17:47:25Z' uid='623625' user='Kozuch-EEA' visible='true' version='1' changeset='12601043' lat='50.1031879' lon='14.4272158' />
  <node id='1850289525' action='delete' timestamp='2012-08-03T17:47:25Z' uid='623625' user='Kozuch-EEA' visible='true' version='1' changeset='12601043' lat='50.1032154' lon='14.4277866' />
  <node id='1850289526' action='delete' timestamp='2012-08-03T17:47:25Z' uid='623625' user='Kozuch-EEA' visible='true' version='1' changeset='12601043' lat='50.103233' lon='14.418406' />
  <node id='1850289527' action='delete' timestamp='2012-08-03T17:47:25Z' uid='623625' user='Kozuch-EEA' visible='true' version='1' changeset='12601043' lat='50.1032861' lon='14.4279017' />
  <node id='1850289530' action='delete' timestamp='2025-12-24T12:36:26Z' uid='10932047' user='Yakari (kleiner Indianer)' visible='true' version='2' changeset='176360375' lat='50.1033096' lon='14.4179888' />
  <node id='1850289533' action='delete' timestamp='2012-08-03T17:47:25Z' uid='623625' user='Kozuch-EEA' visible='true' version='1' changeset='12601043' lat='50.103312' lon='14.4281329' />
  <node id='1850289545' action='delete' timestamp='2012-08-03T17:47:25Z' uid='623625' user='Kozuch-EEA' visible='true' version='1' changeset='12601043' lat='50.1033164' lon='14.4285851' />
  <node id='1850289547' action='delete' timestamp='2012-08-03T17:47:25Z' uid='623625' user='Kozuch-EEA' visible='true' version='1' changeset='12601043' lat='50.103319' lon='14.4178171' />
  <node id='1850289556' action='delete' timestamp='2025-12-24T12:36:26Z' uid='10932047' user='Yakari (kleiner Indianer)' visible='true' version='2' changeset='176360375' lat='50.1033647' lon='14.4177654' />
  <node id='1850289571' action='delete' timestamp='2012-08-03T17:47:25Z' uid='623625' user='Kozuch-EEA' visible='true' version='1' changeset='12601043' lat='50.1034582' lon='14.4297917' />
  <node id='1850289574' action='delete' timestamp='2012-08-03T17:47:25Z' uid='623625' user='Kozuch-EEA' visible='true' version='1' changeset='12601043' lat='50.1035392' lon='14.4302369' />
  <node id='1850289587' action='delete' timestamp='2012-08-03T17:47:26Z' uid='623625' user='Kozuch-EEA' visible='true' version='1' changeset='12601043' lat='50.1035402' lon='14.4268419' />
  <node id='1850289591' action='delete' timestamp='2012-08-03T17:47:26Z' uid='623625' user='Kozuch-EEA' visible='true' version='1' changeset='12601043' lat='50.1035528' lon='14.4263769' />
  <node id='1850289597' action='delete' timestamp='2012-08-03T17:47:26Z' uid='623625' user='Kozuch-EEA' visible='true' version='1' changeset='12601043' lat='50.1035787' lon='14.427266' />
  <node id='1850289600' action='delete' timestamp='2012-08-03T17:47:26Z' uid='623625' user='Kozuch-EEA' visible='true' version='1' changeset='12601043' lat='50.1035791' lon='14.4268464' />
  <node id='1850289605' action='delete' timestamp='2012-08-03T17:47:26Z' uid='623625' user='Kozuch-EEA' visible='true' version='1' changeset='12601043' lat='50.1035843' lon='14.4262016' />
  <node id='1850289621' action='delete' timestamp='2012-08-03T17:47:26Z' uid='623625' user='Kozuch-EEA' visible='true' version='1' changeset='12601043' lat='50.1036092' lon='14.4178656' />
  <node id='1850289624' action='delete' timestamp='2012-08-03T17:47:26Z' uid='623625' user='Kozuch-EEA' visible='true' version='1' changeset='12601043' lat='50.103615' lon='14.4272548' />
  <node id='1850289626' action='delete' timestamp='2012-08-03T17:47:26Z' uid='623625' user='Kozuch-EEA' visible='true' version='1' changeset='12601043' lat='50.1037569' lon='14.430877' />
  <node id='1850289629' action='delete' timestamp='2012-08-03T17:47:26Z' uid='623625' user='Kozuch-EEA' visible='true' version='1' changeset='12601043' lat='50.1037884' lon='14.4284626' />
  <node id='1850289630' action='delete' timestamp='2025-12-24T12:36:26Z' uid='10932047' user='Yakari (kleiner Indianer)' visible='true' version='2' changeset='176360375' lat='50.1038904' lon='14.416633' />
  <node id='1850289639' action='delete' timestamp='2025-12-24T12:36:26Z' uid='10932047' user='Yakari (kleiner Indianer)' visible='true' version='2' changeset='176360375' lat='50.1039134' lon='14.4115122' />
  <node id='1850289643' action='delete' timestamp='2025-12-24T12:36:26Z' uid='10932047' user='Yakari (kleiner Indianer)' visible='true' version='2' changeset='176360375' lat='50.1039361' lon='14.411448' />
  <node id='1850289646' action='delete' timestamp='2025-12-24T12:36:26Z' uid='10932047' user='Yakari (kleiner Indianer)' visible='true' version='2' changeset='176360375' lat='50.1039953' lon='14.4147735' />
  <node id='1850289649' action='delete' timestamp='2025-12-24T12:36:26Z' uid='10932047' user='Yakari (kleiner Indianer)' visible='true' version='2' changeset='176360375' lat='50.1040272' lon='14.4162334' />
  <node id='1850289652' action='delete' timestamp='2012-08-03T17:47:27Z' uid='623625' user='Kozuch-EEA' visible='true' version='1' changeset='12601043' lat='50.1040443' lon='14.4313936' />
  <node id='1850289655' action='delete' timestamp='2012-08-03T17:47:27Z' uid='623625' user='Kozuch-EEA' visible='true' version='1' changeset='12601043' lat='50.1040457' lon='14.4302591' />
  <node id='1850289658' action='delete' timestamp='2017-03-24T17:25:28Z' uid='1643116' user='fell3' visible='true' version='2' changeset='47130171' lat='50.1039809' lon='14.4304822' />
  <node id='1850289660' action='delete' timestamp='2012-08-03T17:47:27Z' uid='623625' user='Kozuch-EEA' visible='true' version='1' changeset='12601043' lat='50.1040757' lon='14.4313543' />
  <node id='1850289663' action='delete' timestamp='2012-08-03T17:47:27Z' uid='623625' user='Kozuch-EEA' visible='true' version='1' changeset='12601043' lat='50.1040866' lon='14.4143386' />
  <node id='1850289665' action='delete' timestamp='2017-03-25T12:09:31Z' uid='1189910' user='Milancer' visible='true' version='3' changeset='47149092' lat='50.1040249' lon='14.4304779' />
  <node id='1850289668' action='delete' timestamp='2012-08-03T17:47:27Z' uid='623625' user='Kozuch-EEA' visible='true' version='1' changeset='12601043' lat='50.1040931' lon='14.43042' />
  <node id='1850289670' action='delete' timestamp='2012-08-03T17:47:27Z' uid='623625' user='Kozuch-EEA' visible='true' version='1' changeset='12601043' lat='50.1041555' lon='14.4148876' />
  <node id='1850289672' action='delete' timestamp='2025-12-24T12:36:26Z' uid='10932047' user='Yakari (kleiner Indianer)' visible='true' version='2' changeset='176360375' lat='50.1041767' lon='14.4135064' />
  <node id='1850289676' action='delete' timestamp='2025-12-24T12:36:26Z' uid='10932047' user='Yakari (kleiner Indianer)' visible='true' version='4' changeset='176360375' lat='50.1041851' lon='14.4134721' />
  <node id='1850289678' action='delete' timestamp='2017-03-24T17:25:28Z' uid='1643116' user='fell3' visible='true' version='2' changeset='47130171' lat='50.1043111' lon='14.4306002' />
  <node id='1850289680' action='delete' timestamp='2012-08-03T17:47:27Z' uid='623625' user='Kozuch-EEA' visible='true' version='1' changeset='12601043' lat='50.1042237' lon='14.4151983' />
  <node id='1850289685' action='delete' timestamp='2025-12-24T12:36:26Z' uid='10932047' user='Yakari (kleiner Indianer)' visible='true' version='2' changeset='176360375' lat='50.104232' lon='14.4154564' />
  <node id='1850289687' action='delete' timestamp='2012-08-03T17:47:27Z' uid='623625' user='Kozuch-EEA' visible='true' version='1' changeset='12601043' lat='50.1043451' lon='14.4106373' />
  <node id='1850289693' action='delete' timestamp='2017-03-24T17:25:28Z' uid='1643116' user='fell3' visible='true' version='2' changeset='47130171' lat='50.1044906' lon='14.4305653' />
  <node id='1850289696' action='delete' timestamp='2025-12-24T12:36:26Z' uid='10932047' user='Yakari (kleiner Indianer)' visible='true' version='2' changeset='176360375' lat='50.1044078' lon='14.4111222' />
  <node id='1850289698' action='delete' timestamp='2012-08-03T17:47:28Z' uid='623625' user='Kozuch-EEA' visible='true' version='1' changeset='12601043' lat='50.1045485' lon='14.4092422' />
  <node id='1850289705' action='delete' timestamp='2025-12-24T12:36:26Z' uid='10932047' user='Yakari (kleiner Indianer)' visible='true' version='2' changeset='176360375' lat='50.1046402' lon='14.4082094' />
  <node id='1850289708' action='delete' timestamp='2018-04-09T15:54:48Z' uid='2169558' user='JandaM' visible='true' version='2' changeset='57944899' lat='50.1046428' lon='14.4074711' />
  <node id='1850289770' action='delete' timestamp='2012-08-03T17:47:29Z' uid='623625' user='Kozuch-EEA' visible='true' version='1' changeset='12601043' lat='50.1049579' lon='14.4295191' />
  <node id='1850289785' action='delete' timestamp='2012-08-03T17:47:29Z' uid='623625' user='Kozuch-EEA' visible='true' version='1' changeset='12601043' lat='50.1050362' lon='14.4292866' />
  <node id='1850289815' action='delete' timestamp='2012-08-03T17:47:30Z' uid='623625' user='Kozuch-EEA' visible='true' version='1' changeset='12601043' lat='50.1054602' lon='14.4284056' />
  <node id='1850289892' action='delete' timestamp='2012-08-03T17:47:31Z' uid='623625' user='Kozuch-EEA' visible='true' version='1' changeset='12601043' lat='50.1060563' lon='14.4281291' />
  <node id='1850289936' action='delete' timestamp='2012-08-03T17:47:32Z' uid='623625' user='Kozuch-EEA' visible='true' version='1' changeset='12601043' lat='50.1063608' lon='14.4278778' />
  <node id='1850289942' action='delete' timestamp='2012-08-03T17:47:32Z' uid='623625' user='Kozuch-EEA' visible='true' version='1' changeset='12601043' lat='50.1064301' lon='14.408139' />
  <node id='1850289945' action='delete' timestamp='2012-08-03T17:47:32Z' uid='623625' user='Kozuch-EEA' visible='true' version='1' changeset='12601043' lat='50.1064416' lon='14.4093955' />
  <node id='1850289947' action='delete' timestamp='2012-08-03T17:47:32Z' uid='623625' user='Kozuch-EEA' visible='true' version='1' changeset='12601043' lat='50.1065091' lon='14.4102572' />
  <node id='1850289957' action='delete' timestamp='2012-08-03T17:47:32Z' uid='623625' user='Kozuch-EEA' visible='true' version='1' changeset='12601043' lat='50.10654' lon='14.406292' />
  <node id='1850289959' action='delete' timestamp='2012-08-03T17:47:32Z' uid='623625' user='Kozuch-EEA' visible='true' version='1' changeset='12601043' lat='50.1065585' lon='14.406896' />
  <node id='1850289960' action='delete' timestamp='2012-08-03T17:47:32Z' uid='623625' user='Kozuch-EEA' visible='true' version='1' changeset='12601043' lat='50.1065723' lon='14.4063685' />
  <node id='1850289962' action='delete' timestamp='2012-08-03T17:47:33Z' uid='623625' user='Kozuch-EEA' visible='true' version='1' changeset='12601043' lat='50.106598' lon='14.4107799' />
  <node id='1850289963' action='delete' timestamp='2012-08-03T17:47:33Z' uid='623625' user='Kozuch-EEA' visible='true' version='1' changeset='12601043' lat='50.1066203' lon='14.4110204' />
  <node id='1850289964' action='delete' timestamp='2012-08-03T17:47:33Z' uid='623625' user='Kozuch-EEA' visible='true' version='1' changeset='12601043' lat='50.1066318' lon='14.4062484' />
  <node id='1850289968' action='delete' timestamp='2012-08-03T17:47:33Z' uid='623625' user='Kozuch-EEA' visible='true' version='1' changeset='12601043' lat='50.1066744' lon='14.4056403' />
  <node id='1850289970' action='delete' timestamp='2012-08-03T17:47:33Z' uid='623625' user='Kozuch-EEA' visible='true' version='1' changeset='12601043' lat='50.1066988' lon='14.4111313' />
  <node id='1850289974' action='delete' timestamp='2012-08-03T17:47:33Z' uid='623625' user='Kozuch-EEA' visible='true' version='1' changeset='12601043' lat='50.1067262' lon='14.4064934' />
  <node id='1850289981' action='delete' timestamp='2012-08-03T17:47:33Z' uid='623625' user='Kozuch-EEA' visible='true' version='1' changeset='12601043' lat='50.1067687' lon='14.4057134' />
  <node id='1850289983' action='delete' timestamp='2012-08-03T17:47:33Z' uid='623625' user='Kozuch-EEA' visible='true' version='1' changeset='12601043' lat='50.1067699' lon='14.4264208' />
  <node id='1850289987' action='delete' timestamp='2012-08-03T17:47:33Z' uid='623625' user='Kozuch-EEA' visible='true' version='1' changeset='12601043' lat='50.1067882' lon='14.4263528' />
  <node id='1850289988' action='delete' timestamp='2012-08-03T17:47:34Z' uid='623625' user='Kozuch-EEA' visible='true' version='1' changeset='12601043' lat='50.1067996' lon='14.4264203' />
  <node id='1850289991' action='delete' timestamp='2012-08-03T17:47:34Z' uid='623625' user='Kozuch-EEA' visible='true' version='1' changeset='12601043' lat='50.1068857' lon='14.41181' />
  <node id='1850289994' action='delete' timestamp='2012-08-03T17:47:34Z' uid='623625' user='Kozuch-EEA' visible='true' version='1' changeset='12601043' lat='50.1069253' lon='14.4258106' />
  <node id='1850290013' action='delete' timestamp='2012-08-03T17:47:34Z' uid='623625' user='Kozuch-EEA' visible='true' version='1' changeset='12601043' lat='50.1070478' lon='14.4123021' />
  <node id='1850290016' action='delete' timestamp='2012-08-03T17:47:34Z' uid='623625' user='Kozuch-EEA' visible='true' version='1' changeset='12601043' lat='50.1070577' lon='14.4254254' />
  <node id='1850290047' action='delete' timestamp='2012-08-03T17:47:35Z' uid='623625' user='Kozuch-EEA' visible='true' version='1' changeset='12601043' lat='50.1072177' lon='14.4251111' />
  <node id='1850290066' action='delete' timestamp='2012-08-03T17:47:35Z' uid='623625' user='Kozuch-EEA' visible='true' version='1' changeset='12601043' lat='50.1074061' lon='14.4248347' />
  <node id='1850290096' action='delete' timestamp='2012-08-03T17:47:36Z' uid='623625' user='Kozuch-EEA' visible='true' version='1' changeset='12601043' lat='50.107653' lon='14.4140336' />
  <node id='1850290123' action='delete' timestamp='2012-08-03T17:47:36Z' uid='623625' user='Kozuch-EEA' visible='true' version='1' changeset='12601043' lat='50.1079931' lon='14.4240823' />
  <node id='1850290138' action='delete' timestamp='2012-08-03T17:47:36Z' uid='623625' user='Kozuch-EEA' visible='true' version='1' changeset='12601043' lat='50.107994' lon='14.4241861' />
  <node id='1850290144' action='delete' timestamp='2012-08-03T17:47:37Z' uid='623625' user='Kozuch-EEA' visible='true' version='1' changeset='12601043' lat='50.1083694' lon='14.4237504' />
  <node id='1850290150' action='delete' timestamp='2012-08-03T17:47:37Z' uid='623625' user='Kozuch-EEA' visible='true' version='1' changeset='12601043' lat='50.1084857' lon='14.4236266' />
  <node id='1850290152' action='delete' timestamp='2012-08-03T17:47:37Z' uid='623625' user='Kozuch-EEA' visible='true' version='1' changeset='12601043' lat='50.1085823' lon='14.4186027' />
  <node id='1850290159' action='delete' timestamp='2012-08-03T17:47:37Z' uid='623625' user='Kozuch-EEA' visible='true' version='1' changeset='12601043' lat='50.108614' lon='14.4234351' />
  <node id='1850290162' action='delete' timestamp='2012-08-03T17:47:37Z' uid='623625' user='Kozuch-EEA' visible='true' version='1' changeset='12601043' lat='50.1087242' lon='14.4192298' />
  <node id='1850290167' action='delete' timestamp='2012-08-03T17:47:37Z' uid='623625' user='Kozuch-EEA' visible='true' version='1' changeset='12601043' lat='50.1087474' lon='14.4187294' />
  <node id='1850290170' action='delete' timestamp='2012-08-03T17:47:37Z' uid='623625' user='Kozuch-EEA' visible='true' version='1' changeset='12601043' lat='50.1087933' lon='14.4171845' />
  <node id='1850290173' action='delete' timestamp='2012-08-03T17:47:37Z' uid='623625' user='Kozuch-EEA' visible='true' version='1' changeset='12601043' lat='50.1088024' lon='14.4189136' />
  <node id='1850290185' action='delete' timestamp='2012-08-03T17:47:37Z' uid='623625' user='Kozuch-EEA' visible='true' version='1' changeset='12601043' lat='50.1088036' lon='14.4187315' />
  <node id='1850290187' action='delete' timestamp='2012-08-03T17:47:37Z' uid='623625' user='Kozuch-EEA' visible='true' version='1' changeset='12601043' lat='50.1088696' lon='14.4188047' />
  <node id='1850290201' action='delete' timestamp='2012-08-03T17:47:38Z' uid='623625' user='Kozuch-EEA' visible='true' version='1' changeset='12601043' lat='50.1092496' lon='14.4185371' />
  <node id='1850290205' action='delete' timestamp='2012-08-03T17:47:38Z' uid='623625' user='Kozuch-EEA' visible='true' version='1' changeset='12601043' lat='50.1092756' lon='14.4186206' />
  <node id='1850290209' action='delete' timestamp='2012-08-03T17:47:38Z' uid='623625' user='Kozuch-EEA' visible='true' version='1' changeset='12601043' lat='50.1093544' lon='14.4188694' />
  <node id='1850290220' action='delete' timestamp='2012-08-03T17:47:38Z' uid='623625' user='Kozuch-EEA' visible='true' version='1' changeset='12601043' lat='50.1095182' lon='14.4194882' />
  <node id='1850290233' action='delete' timestamp='2012-08-03T17:47:38Z' uid='623625' user='Kozuch-EEA' visible='true' version='1' changeset='12601043' lat='50.1098044' lon='14.4208442' />
  <node id='1850290256' action='delete' timestamp='2012-08-03T17:47:38Z' uid='623625' user='Kozuch-EEA' visible='true' version='1' changeset='12601043' lat='50.1099656' lon='14.4218721' />
  <node id='1906596837' action='delete' timestamp='2022-01-28T19:20:43Z' uid='1189910' user='Milancer' visible='true' version='3' changeset='116720050' lat='50.1035186' lon='14.4268107' />
  <node id='1906596841' timestamp='2016-09-19T10:18:08Z' uid='17615' user='Petr Dlouhý' visible='true' version='2' changeset='42266539' lat='50.104923' lon='14.4280187' />
  <node id='1906596846' action='delete' timestamp='2012-09-09T09:35:56Z' uid='520972' user='Karl Von Bahnhoff' visible='true' version='1' changeset='13042303' lat='50.1049743' lon='14.4200561' />
  <node id='1906596875' timestamp='2016-09-19T10:18:08Z' uid='17615' user='Petr Dlouhý' visible='true' version='2' changeset='42266539' lat='50.105156' lon='14.4280044' />
  <node id='1906596878' action='delete' timestamp='2021-04-19T09:27:19Z' uid='873469' user='R3gi' visible='true' version='2' changeset='103184274' lat='50.1051322' lon='14.4176272' />
  <node id='1906596890' action='delete' timestamp='2021-03-27T21:07:27Z' uid='873469' user='R3gi' visible='true' version='2' changeset='101854395' lat='50.1052889' lon='14.4163689' />
  <node id='1914382799' timestamp='2019-10-23T14:55:41Z' uid='1558400' user='Kudej' visible='true' version='3' changeset='76110720' lat='50.1038089' lon='14.4244933' />
  <node id='1914382808' action='delete' timestamp='2015-10-04T22:01:34Z' uid='17615' user='Petr Dlouhý' visible='true' version='2' changeset='34437751' lat='50.1077273' lon='14.41541' />
  <node id='1914382815' action='delete' timestamp='2015-10-04T22:01:34Z' uid='17615' user='Petr Dlouhý' visible='true' version='2' changeset='34437751' lat='50.1084471' lon='14.4185637' />
  <node id='1968554942' action='delete' timestamp='2020-07-14T19:21:13Z' uid='6588887' user='Martin2035' visible='true' version='2' changeset='87993771' lat='50.1093801' lon='14.4225629'>
    <tag k='barrier' v='gate' />
    <tag k='start_date' v='2019' />
  </node>
  <node id='1979159816' action='delete' timestamp='2018-04-09T15:54:48Z' uid='2169558' user='JandaM' visible='true' version='2' changeset='57944899' lat='50.1047523' lon='14.4073797' />
  <node id='2385050030' timestamp='2017-03-24T17:25:29Z' uid='1643116' user='fell3' visible='true' version='3' changeset='47130171' lat='50.1039414' lon='14.4256775' />
  <node id='2385050031' timestamp='2013-07-15T07:37:17Z' uid='177221' user='reki' visible='true' version='1' changeset='16957910' lat='50.1041163' lon='14.4256815' />
  <node id='2385050033' timestamp='2013-07-15T07:37:17Z' uid='177221' user='reki' visible='true' version='1' changeset='16957910' lat='50.1051685' lon='14.425704' />
  <node id='2385050034' timestamp='2013-07-15T07:37:17Z' uid='177221' user='reki' visible='true' version='1' changeset='16957910' lat='50.1055177' lon='14.4257104' />
  <node id='2385050035' timestamp='2013-07-15T07:37:17Z' uid='177221' user='reki' visible='true' version='1' changeset='16957910' lat='50.1067218' lon='14.4257634' />
  <node id='2385050906' action='delete' timestamp='2023-07-28T12:45:27Z' uid='100163' user='Hlav' visible='true' version='4' changeset='139134143' lat='50.1051969' lon='14.4194459' />
  <node id='2385093178' timestamp='2023-07-28T12:45:27Z' uid='100163' user='Hlav' visible='true' version='2' changeset='139134143' lat='50.10543' lon='14.42119' />
  <node id='2413986455' timestamp='2013-08-10T22:46:27Z' uid='5748' user='pschonmann' visible='true' version='1' changeset='17297256' lat='50.1051499' lon='14.425703' />
  <node id='2793104393' action='delete' timestamp='2022-06-09T13:23:08Z' uid='100163' user='Hlav' visible='true' version='2' changeset='122166408' lat='50.1052214' lon='14.4298638'>
    <tag k='addr:conscriptionnumber' v='188' />
    <tag k='addr:housenumber' v='188' />
    <tag k='addr:place' v='Bubeneč' />
    <tag k='addr:postcode' v='17000' />
    <tag k='addr:street' v='U Starého výstaviště' />
    <tag k='ref:ruian:addr' v='22698019' />
  </node>
  <node id='2793104557' action='delete' timestamp='2014-04-15T17:11:08Z' uid='1942179' user='CzechAddress' visible='true' version='1' changeset='21713524' lat='50.1056525' lon='14.4287655'>
    <tag k='addr:conscriptionnumber' v='391' />
    <tag k='addr:housenumber' v='391' />
    <tag k='addr:place' v='Bubeneč' />
    <tag k='addr:postcode' v='17000' />
    <tag k='addr:street' v='Výstaviště' />
    <tag k='ref:ruian:addr' v='30488907' />
  </node>
  <node id='3011301080' action='delete' timestamp='2014-08-11T20:50:14Z' uid='321769' user='aichi' visible='true' version='1' changeset='24688275' lat='50.1041461' lon='14.4308974' />
  <node id='3114423502' action='delete' timestamp='2014-10-06T08:17:10Z' uid='25867' user='adamos' visible='true' version='1' changeset='25891574' lat='50.104801' lon='14.4303077' />
  <node id='3114423503' action='delete' timestamp='2015-11-21T15:01:09Z' uid='2169558' user='JandaM' visible='true' version='2' changeset='35489054' lat='50.1048313' lon='14.4303162' />
  <node id='3114423504' action='delete' timestamp='2014-10-06T08:17:11Z' uid='25867' user='adamos' visible='true' version='1' changeset='25891574' lat='50.1048675' lon='14.4302615' />
  <node id='3114423505' action='delete' timestamp='2015-11-21T15:01:09Z' uid='2169558' user='JandaM' visible='true' version='2' changeset='35489054' lat='50.104875' lon='14.430287' />
  <node id='3114423506' action='delete' timestamp='2015-11-21T15:01:09Z' uid='2169558' user='JandaM' visible='true' version='2' changeset='35489054' lat='50.1048858' lon='14.4301709' />
  <node id='3114423507' action='delete' timestamp='2015-11-21T15:01:09Z' uid='2169558' user='JandaM' visible='true' version='2' changeset='35489054' lat='50.1048875' lon='14.4301768' />
  <node id='3114423508' action='delete' timestamp='2015-11-21T15:01:09Z' uid='2169558' user='JandaM' visible='true' version='2' changeset='35489054' lat='50.1049055' lon='14.4301482' />
  <node id='3114423509' action='delete' timestamp='2015-11-21T15:01:09Z' uid='2169558' user='JandaM' visible='true' version='2' changeset='35489054' lat='50.1049094' lon='14.4301617' />
  <node id='3114423510' action='delete' timestamp='2015-11-21T15:01:09Z' uid='2169558' user='JandaM' visible='true' version='2' changeset='35489054' lat='50.1049183' lon='14.4301395' />
  <node id='3114423511' action='delete' timestamp='2015-11-21T15:01:09Z' uid='2169558' user='JandaM' visible='true' version='2' changeset='35489054' lat='50.1049221' lon='14.4301529' />
  <node id='3114423512' action='delete' timestamp='2015-11-21T15:01:09Z' uid='2169558' user='JandaM' visible='true' version='2' changeset='35489054' lat='50.1049656' lon='14.4296929' />
  <node id='3114423513' action='delete' timestamp='2015-11-21T15:01:09Z' uid='2169558' user='JandaM' visible='true' version='2' changeset='35489054' lat='50.104967' lon='14.4296919' />
  <node id='3114423514' action='delete' timestamp='2015-11-21T15:01:09Z' uid='2169558' user='JandaM' visible='true' version='2' changeset='35489054' lat='50.1049953' lon='14.4296501' />
  <node id='3114423515' action='delete' timestamp='2015-11-21T15:01:09Z' uid='2169558' user='JandaM' visible='true' version='2' changeset='35489054' lat='50.1049962' lon='14.4296533' />
  <node id='3114423516' action='delete' timestamp='2015-11-21T15:01:09Z' uid='2169558' user='JandaM' visible='true' version='2' changeset='35489054' lat='50.1049974' lon='14.4298021' />
  <node id='3114423517' action='delete' timestamp='2015-11-21T15:01:09Z' uid='2169558' user='JandaM' visible='true' version='2' changeset='35489054' lat='50.1049988' lon='14.4298011' />
  <node id='3114423518' action='delete' timestamp='2015-11-21T15:01:09Z' uid='2169558' user='JandaM' visible='true' version='2' changeset='35489054' lat='50.1050093' lon='14.4298433' />
  <node id='3114423519' action='delete' timestamp='2015-11-21T15:01:09Z' uid='2169558' user='JandaM' visible='true' version='2' changeset='35489054' lat='50.1050108' lon='14.4298421' />
  <node id='3114423520' action='delete' timestamp='2015-11-21T15:01:09Z' uid='2169558' user='JandaM' visible='true' version='2' changeset='35489054' lat='50.1050261' lon='14.4299008' />
  <node id='3114423521' action='delete' timestamp='2015-11-21T15:01:09Z' uid='2169558' user='JandaM' visible='true' version='2' changeset='35489054' lat='50.1050276' lon='14.4298998' />
  <node id='3114423522' action='delete' timestamp='2015-11-21T15:01:09Z' uid='2169558' user='JandaM' visible='true' version='2' changeset='35489054' lat='50.1050326' lon='14.4296244' />
  <node id='3114423523' action='delete' timestamp='2015-11-21T15:01:09Z' uid='2169558' user='JandaM' visible='true' version='2' changeset='35489054' lat='50.1050335' lon='14.4296277' />
  <node id='3114423524' action='delete' timestamp='2015-11-21T15:01:09Z' uid='2169558' user='JandaM' visible='true' version='2' changeset='35489054' lat='50.1050455' lon='14.4299675' />
  <node id='3114423525' action='delete' timestamp='2015-11-21T15:01:09Z' uid='2169558' user='JandaM' visible='true' version='2' changeset='35489054' lat='50.105047' lon='14.4299664' />
  <node id='3114423526' action='delete' timestamp='2015-11-21T15:01:09Z' uid='2169558' user='JandaM' visible='true' version='2' changeset='35489054' lat='50.1050624' lon='14.4300254' />
  <node id='3114423527' action='delete' timestamp='2015-11-21T15:01:09Z' uid='2169558' user='JandaM' visible='true' version='2' changeset='35489054' lat='50.1050638' lon='14.4300244' />
  <node id='3114423528' action='delete' timestamp='2015-11-21T15:01:09Z' uid='2169558' user='JandaM' visible='true' version='2' changeset='35489054' lat='50.1050676' lon='14.4296004' />
  <node id='3114428629' action='delete' timestamp='2015-11-21T15:01:09Z' uid='2169558' user='JandaM' visible='true' version='2' changeset='35489054' lat='50.1050784' lon='14.4296387' />
  <node id='3114428630' action='delete' timestamp='2015-11-21T15:01:09Z' uid='2169558' user='JandaM' visible='true' version='2' changeset='35489054' lat='50.1051359' lon='14.4302693' />
  <node id='3114428631' action='delete' timestamp='2015-11-21T15:01:09Z' uid='2169558' user='JandaM' visible='true' version='2' changeset='35489054' lat='50.1051373' lon='14.4302744' />
  <node id='3114428632' action='delete' timestamp='2015-11-21T15:01:09Z' uid='2169558' user='JandaM' visible='true' version='2' changeset='35489054' lat='50.1051431' lon='14.4302705' />
  <node id='3114428633' action='delete' timestamp='2015-11-21T15:01:09Z' uid='2169558' user='JandaM' visible='true' version='2' changeset='35489054' lat='50.1051526' lon='14.4303033' />
  <node id='3114428634' action='delete' timestamp='2015-11-21T15:01:10Z' uid='2169558' user='JandaM' visible='true' version='2' changeset='35489054' lat='50.1052194' lon='14.4295209' />
  <node id='3114428635' action='delete' timestamp='2015-11-21T15:01:10Z' uid='2169558' user='JandaM' visible='true' version='2' changeset='35489054' lat='50.105222' lon='14.4294652' />
  <node id='3114428636' action='delete' timestamp='2015-11-21T15:01:10Z' uid='2169558' user='JandaM' visible='true' version='2' changeset='35489054' lat='50.1052234' lon='14.4295379' />
  <node id='3114428637' action='delete' timestamp='2015-11-21T15:01:10Z' uid='2169558' user='JandaM' visible='true' version='2' changeset='35489054' lat='50.1052304' lon='14.4302096' />
  <node id='3114428638' action='delete' timestamp='2015-11-21T15:01:10Z' uid='2169558' user='JandaM' visible='true' version='2' changeset='35489054' lat='50.1052353' lon='14.4295099' />
  <node id='3114428639' action='delete' timestamp='2015-11-21T15:01:10Z' uid='2169558' user='JandaM' visible='true' version='2' changeset='35489054' lat='50.1052348' lon='14.4302005' />
  <node id='3114428640' action='delete' timestamp='2015-11-21T15:01:10Z' uid='2169558' user='JandaM' visible='true' version='2' changeset='35489054' lat='50.1052362' lon='14.4302055' />
  <node id='3114428641' action='delete' timestamp='2015-11-21T15:01:10Z' uid='2169558' user='JandaM' visible='true' version='2' changeset='35489054' lat='50.1052399' lon='14.430243' />
  <node id='3114428642' action='delete' timestamp='2015-11-21T15:01:10Z' uid='2169558' user='JandaM' visible='true' version='2' changeset='35489054' lat='50.1052678' lon='14.4294328' />
  <node id='3114428643' action='delete' timestamp='2015-11-21T15:01:10Z' uid='2169558' user='JandaM' visible='true' version='2' changeset='35489054' lat='50.105281' lon='14.4294784' />
  <node id='3114428644' action='delete' timestamp='2015-11-21T15:01:10Z' uid='2169558' user='JandaM' visible='true' version='2' changeset='35489054' lat='50.1052969' lon='14.4294675' />
  <node id='3114428645' action='delete' timestamp='2015-11-21T15:01:10Z' uid='2169558' user='JandaM' visible='true' version='2' changeset='35489054' lat='50.1053254' lon='14.4295923' />
  <node id='3114428646' action='delete' timestamp='2015-11-21T15:01:10Z' uid='2169558' user='JandaM' visible='true' version='2' changeset='35489054' lat='50.1054176' lon='14.4299125' />
  <node id='3114428647' action='delete' timestamp='2015-11-21T15:01:10Z' uid='2169558' user='JandaM' visible='true' version='2' changeset='35489054' lat='50.1054477' lon='14.4298901' />
  <node id='3114428648' action='delete' timestamp='2015-11-21T15:01:10Z' uid='2169558' user='JandaM' visible='true' version='2' changeset='35489054' lat='50.1054482' lon='14.4298921' />
  <node id='3114428649' action='delete' timestamp='2015-11-21T15:01:10Z' uid='2169558' user='JandaM' visible='true' version='2' changeset='35489054' lat='50.1054598' lon='14.4298817' />
  <node id='3114428650' action='delete' timestamp='2015-11-21T15:01:10Z' uid='2169558' user='JandaM' visible='true' version='2' changeset='35489054' lat='50.1054639' lon='14.4299017' />
  <node id='3114428651' action='delete' timestamp='2015-11-21T15:01:10Z' uid='2169558' user='JandaM' visible='true' version='2' changeset='35489054' lat='50.1054652' lon='14.4299009' />
  <node id='3114428652' action='delete' timestamp='2015-11-21T15:01:10Z' uid='2169558' user='JandaM' visible='true' version='2' changeset='35489054' lat='50.105492' lon='14.430001' />
  <node id='3114428653' action='delete' timestamp='2015-11-21T15:01:10Z' uid='2169558' user='JandaM' visible='true' version='2' changeset='35489054' lat='50.1054932' lon='14.43' />
  <node id='3178579282' action='delete' timestamp='2024-09-25T16:21:09Z' uid='8971394' user='vojtechzaboril' visible='true' version='3' changeset='157091549' lat='50.1042561' lon='14.4311433' />
  <node id='3178579283' action='delete' timestamp='2016-09-19T10:18:08Z' uid='17615' user='Petr Dlouhý' visible='true' version='2' changeset='42266539' lat='50.1043196' lon='14.4310027' />
  <node id='3178579284' action='delete' timestamp='2014-11-10T11:13:30Z' uid='17615' user='Petr Dlouhý' visible='true' version='1' changeset='26685342' lat='50.1044168' lon='14.4308038' />
  <node id='3178579285' action='delete' timestamp='2024-09-25T16:21:09Z' uid='8971394' user='vojtechzaboril' visible='true' version='3' changeset='157091549' lat='50.104426' lon='14.4316824' />
  <node id='3178579286' action='delete' timestamp='2021-05-26T14:44:01Z' uid='100163' user='Hlav' visible='true' version='2' changeset='105365179' lat='50.1044463' lon='14.430735' />
  <node id='3178579287' action='delete' timestamp='2014-11-10T11:13:30Z' uid='17615' user='Petr Dlouhý' visible='true' version='1' changeset='26685342' lat='50.1044542' lon='14.4307838' />
  <node id='3178579289' action='delete' timestamp='2014-11-10T11:13:30Z' uid='17615' user='Petr Dlouhý' visible='true' version='1' changeset='26685342' lat='50.1045165' lon='14.4305881' />
  <node id='3178579291' action='delete' timestamp='2024-09-25T16:21:09Z' uid='8971394' user='vojtechzaboril' visible='true' version='3' changeset='157091549' lat='50.1046848' lon='14.4320912' />
  <node id='3178579294' action='delete' timestamp='2024-09-25T16:21:09Z' uid='8971394' user='vojtechzaboril' visible='true' version='3' changeset='157091549' lat='50.1049628' lon='14.4325281' />
  <node id='3178583042' action='delete' timestamp='2014-11-10T11:09:38Z' uid='17615' user='Petr Dlouhý' visible='true' version='1' changeset='26685276' lat='50.1044859' lon='14.4315949' />
  <node id='3178583045' action='delete' timestamp='2024-09-25T16:21:09Z' uid='8971394' user='vojtechzaboril' visible='true' version='2' changeset='157091549' lat='50.1049052' lon='14.4324844' />
  <node id='3178583050' action='delete' timestamp='2020-05-29T12:45:39Z' uid='17615' user='Petr Dlouhý' visible='true' version='2' changeset='85947515' lat='50.1049354' lon='14.4325495' />
  <node id='3178583052' action='delete' timestamp='2020-05-29T12:45:39Z' uid='17615' user='Petr Dlouhý' visible='true' version='2' changeset='85947515' lat='50.105001' lon='14.4325123' />
  <node id='3178583271' action='delete' timestamp='2024-09-25T16:21:09Z' uid='8971394' user='vojtechzaboril' visible='true' version='2' changeset='157091549' lat='50.106288' lon='14.4345413' />
  <node id='3178583272' action='delete' timestamp='2024-09-25T16:21:09Z' uid='8971394' user='vojtechzaboril' visible='true' version='2' changeset='157091549' lat='50.106506' lon='14.4349232' />
  <node id='3243240487' action='delete' timestamp='2014-12-19T19:32:38Z' uid='411213' user='pedro&apos;' visible='true' version='1' changeset='27576415' lat='50.1055675' lon='14.4300374' />
  <node id='3243240493' action='delete' timestamp='2014-12-19T19:32:38Z' uid='411213' user='pedro&apos;' visible='true' version='1' changeset='27576415' lat='50.1056389' lon='14.4124946' />
  <node id='3243240494' action='delete' timestamp='2014-12-19T19:32:38Z' uid='411213' user='pedro&apos;' visible='true' version='1' changeset='27576415' lat='50.1056418' lon='14.4287881' />
  <node id='3243240495' action='delete' timestamp='2014-12-19T19:32:38Z' uid='411213' user='pedro&apos;' visible='true' version='1' changeset='27576415' lat='50.1056466' lon='14.4288045' />
  <node id='3243240496' action='delete' timestamp='2014-12-19T19:32:38Z' uid='411213' user='pedro&apos;' visible='true' version='1' changeset='27576415' lat='50.1056703' lon='14.4287681' />
  <node id='3243240497' action='delete' timestamp='2014-12-19T19:32:38Z' uid='411213' user='pedro&apos;' visible='true' version='1' changeset='27576415' lat='50.105675' lon='14.4287844' />
  <node id='3243240500' action='delete' timestamp='2017-03-31T10:45:00Z' uid='100163' user='Hlav' visible='true' version='2' changeset='47321149' lat='50.1054467' lon='14.4112481' />
  <node id='3243240503' action='delete' timestamp='2014-12-19T19:32:38Z' uid='411213' user='pedro&apos;' visible='true' version='1' changeset='27576415' lat='50.1057456' lon='14.4299141' />
  <node id='3243240505' action='delete' timestamp='2014-12-19T19:32:38Z' uid='411213' user='pedro&apos;' visible='true' version='1' changeset='27576415' lat='50.1057551' lon='14.4298659' />
  <node id='3243240506' action='delete' timestamp='2014-12-19T19:32:38Z' uid='411213' user='pedro&apos;' visible='true' version='1' changeset='27576415' lat='50.105756' lon='14.4298947' />
  <node id='3243240507' action='delete' timestamp='2014-12-19T19:32:38Z' uid='411213' user='pedro&apos;' visible='true' version='1' changeset='27576415' lat='50.1057603' lon='14.4286818' />
  <node id='3243240508' action='delete' timestamp='2014-12-19T19:32:38Z' uid='411213' user='pedro&apos;' visible='true' version='1' changeset='27576415' lat='50.1057637' lon='14.4286934' />
  <node id='3243240510' action='delete' timestamp='2014-12-19T19:32:38Z' uid='411213' user='pedro&apos;' visible='true' version='1' changeset='27576415' lat='50.1057754' lon='14.4285095' />
  <node id='3243240511' action='delete' timestamp='2014-12-19T19:32:38Z' uid='411213' user='pedro&apos;' visible='true' version='1' changeset='27576415' lat='50.1057755' lon='14.4286709' />
  <node id='3243240512' action='delete' timestamp='2014-12-19T19:32:38Z' uid='411213' user='pedro&apos;' visible='true' version='1' changeset='27576415' lat='50.1057789' lon='14.4286825' />
  <node id='3243240513' action='delete' timestamp='2014-12-19T19:32:38Z' uid='411213' user='pedro&apos;' visible='true' version='1' changeset='27576415' lat='50.1057832' lon='14.4284809' />
  <node id='3243240514' action='delete' timestamp='2021-07-14T05:50:34Z' uid='10317199' user='adam 12' visible='true' version='2' changeset='107949265' lat='50.1057849' lon='14.4283975' />
  <node id='3243240515' action='delete' timestamp='2017-03-31T10:45:00Z' uid='100163' user='Hlav' visible='true' version='2' changeset='47321149' lat='50.1058936' lon='14.4115316' />
  <node id='3243240518' action='delete' timestamp='2021-05-26T14:44:01Z' uid='100163' user='Hlav' visible='true' version='3' changeset='105365179' lat='50.105736' lon='14.4300384' />
  <node id='3243240519' action='delete' timestamp='2014-12-19T19:32:38Z' uid='411213' user='pedro&apos;' visible='true' version='1' changeset='27576415' lat='50.1057963' lon='14.428484' />
  <node id='3243240520' action='delete' timestamp='2014-12-19T19:32:38Z' uid='411213' user='pedro&apos;' visible='true' version='1' changeset='27576415' lat='50.1058' lon='14.428448' />
  <node id='3243240521' action='delete' timestamp='2014-12-19T19:32:38Z' uid='411213' user='pedro&apos;' visible='true' version='1' changeset='27576415' lat='50.1058012' lon='14.4288842' />
  <node id='3243240522' action='delete' timestamp='2014-12-19T19:32:39Z' uid='411213' user='pedro&apos;' visible='true' version='1' changeset='27576415' lat='50.1058161' lon='14.4286638' />
  <node id='3243240523' action='delete' timestamp='2014-12-19T19:32:39Z' uid='411213' user='pedro&apos;' visible='true' version='1' changeset='27576415' lat='50.1058292' lon='14.4121649' />
  <node id='3243240524' action='delete' timestamp='2014-12-19T19:32:39Z' uid='411213' user='pedro&apos;' visible='true' version='1' changeset='27576415' lat='50.1058322' lon='14.4122287' />
  <node id='3243240525' action='delete' timestamp='2014-12-19T19:32:39Z' uid='411213' user='pedro&apos;' visible='true' version='1' changeset='27576415' lat='50.1058491' lon='14.4120581' />
  <node id='3243240528' action='delete' timestamp='2014-12-19T19:32:39Z' uid='411213' user='pedro&apos;' visible='true' version='1' changeset='27576415' lat='50.1058664' lon='14.4230497' />
  <node id='3243240529' action='delete' timestamp='2014-12-19T19:32:39Z' uid='411213' user='pedro&apos;' visible='true' version='1' changeset='27576415' lat='50.1058843' lon='14.4268204' />
  <node id='3243240530' action='delete' timestamp='2014-12-19T19:32:39Z' uid='411213' user='pedro&apos;' visible='true' version='1' changeset='27576415' lat='50.1058877' lon='14.4268406' />
  <node id='3243240532' action='delete' timestamp='2014-12-19T19:32:39Z' uid='411213' user='pedro&apos;' visible='true' version='1' changeset='27576415' lat='50.1059185' lon='14.4268063' />
  <node id='3243240533' action='delete' timestamp='2020-02-24T15:23:22Z' uid='100163' user='Hlav' visible='true' version='2' changeset='81412491' lat='50.1059226' lon='14.4268262' />
  <node id='3243240535' action='delete' timestamp='2017-03-31T10:45:43Z' uid='100163' user='Hlav' visible='true' version='2' changeset='47321149' lat='50.1059654' lon='14.4267919' />
  <node id='3243240536' action='delete' timestamp='2014-12-19T19:32:39Z' uid='411213' user='pedro&apos;' visible='true' version='1' changeset='27576415' lat='50.1059388' lon='14.4230861' />
  <node id='3243240537' action='delete' timestamp='2017-03-31T10:45:43Z' uid='100163' user='Hlav' visible='true' version='2' changeset='47321149' lat='50.1060727' lon='14.4268526' />
  <node id='3243240538' action='delete' timestamp='2017-03-31T10:45:43Z' uid='100163' user='Hlav' visible='true' version='2' changeset='47321149' lat='50.1061135' lon='14.4269337' />
  <node id='3243240539' action='delete' timestamp='2017-03-31T10:45:43Z' uid='100163' user='Hlav' visible='true' version='2' changeset='47321149' lat='50.1061392' lon='14.4269877' />
  <node id='3243240540' action='delete' timestamp='2017-03-31T10:45:43Z' uid='100163' user='Hlav' visible='true' version='2' changeset='47321149' lat='50.1060945' lon='14.427459' />
  <node id='3243240541' action='delete' timestamp='2017-03-31T10:45:43Z' uid='100163' user='Hlav' visible='true' version='2' changeset='47321149' lat='50.1061428' lon='14.4270622' />
  <node id='3243240542' action='delete' timestamp='2017-03-31T10:45:43Z' uid='100163' user='Hlav' visible='true' version='2' changeset='47321149' lat='50.1061326' lon='14.4270215' />
  <node id='3243240543' action='delete' timestamp='2017-03-31T10:45:43Z' uid='100163' user='Hlav' visible='true' version='2' changeset='47321149' lat='50.1061306' lon='14.4272023' />
  <node id='3243240544' action='delete' timestamp='2018-02-10T13:41:26Z' uid='969558' user='Matej Lieskovský' visible='true' version='3' changeset='56240989' lat='50.1059174' lon='14.4306812' />
  <node id='3243240545' timestamp='2018-07-03T14:33:38Z' uid='2169558' user='JandaM' visible='true' version='2' changeset='60381598' lat='50.10599' lon='14.4237908' />
  <node id='3243240546' timestamp='2018-07-03T14:33:38Z' uid='2169558' user='JandaM' visible='true' version='2' changeset='60381598' lat='50.106012' lon='14.4239045' />
  <node id='3243240547' action='delete' timestamp='2014-12-19T19:32:39Z' uid='411213' user='pedro&apos;' visible='true' version='1' changeset='27576415' lat='50.1060177' lon='14.4276795' />
  <node id='3243240548' action='delete' timestamp='2014-12-19T19:32:39Z' uid='411213' user='pedro&apos;' visible='true' version='1' changeset='27576415' lat='50.106043' lon='14.4276691' />
  <node id='3243240550' action='delete' timestamp='2017-03-31T10:45:43Z' uid='100163' user='Hlav' visible='true' version='2' changeset='47321149' lat='50.1060452' lon='14.4276333' />
  <node id='3243240551' action='delete' timestamp='2017-03-31T10:45:43Z' uid='100163' user='Hlav' visible='true' version='2' changeset='47321149' lat='50.1060481' lon='14.4279423' />
  <node id='3243240553' action='delete' timestamp='2014-12-19T19:32:39Z' uid='411213' user='pedro&apos;' visible='true' version='1' changeset='27576415' lat='50.1060686' lon='14.411417' />
  <node id='3243240555' action='delete' timestamp='2017-03-31T10:45:43Z' uid='100163' user='Hlav' visible='true' version='2' changeset='47321149' lat='50.1060622' lon='14.427601' />
  <node id='3243240556' action='delete' timestamp='2017-03-31T10:45:43Z' uid='100163' user='Hlav' visible='true' version='2' changeset='47321149' lat='50.1061106' lon='14.4278961' />
  <node id='3243240557' timestamp='2018-07-03T14:33:38Z' uid='2169558' user='JandaM' visible='true' version='2' changeset='60381598' lat='50.106119' lon='14.4237306' />
  <node id='3243240558' action='delete' timestamp='2014-12-19T19:32:39Z' uid='411213' user='pedro&apos;' visible='true' version='1' changeset='27576415' lat='50.1061375' lon='14.427863' />
  <node id='3243240559' timestamp='2018-07-03T14:33:38Z' uid='2169558' user='JandaM' visible='true' version='2' changeset='60381598' lat='50.1061409' lon='14.4238442' />
  <node id='3243241342' action='delete' timestamp='2014-12-19T19:32:22Z' uid='411213' user='pedro&apos;' visible='true' version='1' changeset='27576415' lat='50.1029847' lon='14.4202574' />
  <node id='3243241357' action='delete' timestamp='2014-12-19T19:32:22Z' uid='411213' user='pedro&apos;' visible='true' version='1' changeset='27576415' lat='50.1030363' lon='14.4230822' />
  <node id='3243241373' action='delete' timestamp='2014-12-19T19:32:23Z' uid='411213' user='pedro&apos;' visible='true' version='1' changeset='27576415' lat='50.103099' lon='14.4214864' />
  <node id='3243241380' action='delete' timestamp='2014-12-19T19:32:23Z' uid='411213' user='pedro&apos;' visible='true' version='1' changeset='27576415' lat='50.1031402' lon='14.4181611' />
  <node id='3243241407' action='delete' timestamp='2014-12-19T19:32:23Z' uid='411213' user='pedro&apos;' visible='true' version='1' changeset='27576415' lat='50.1031884' lon='14.4203215' />
  <node id='3243241415' action='delete' timestamp='2024-03-26T17:10:24Z' uid='8971394' user='vojtechzaboril' visible='true' version='2' changeset='149187566' lat='50.1032647' lon='14.4255352' />
  <node id='3243241416' action='delete' timestamp='2024-03-26T17:10:24Z' uid='8971394' user='vojtechzaboril' visible='true' version='2' changeset='149187566' lat='50.1032495' lon='14.4246865' />
  <node id='3243241418' action='delete' timestamp='2014-12-19T19:32:23Z' uid='411213' user='pedro&apos;' visible='true' version='1' changeset='27576415' lat='50.1032343' lon='14.4184057' />
  <node id='3243241422' action='delete' timestamp='2014-12-19T19:32:24Z' uid='411213' user='pedro&apos;' visible='true' version='1' changeset='27576415' lat='50.1032475' lon='14.4198674' />
  <node id='3243241423' action='delete' timestamp='2024-03-26T17:10:24Z' uid='8971394' user='vojtechzaboril' visible='true' version='2' changeset='149187566' lat='50.1032727' lon='14.4248722' />
  <node id='3243241426' action='delete' timestamp='2014-12-19T19:32:24Z' uid='411213' user='pedro&apos;' visible='true' version='1' changeset='27576415' lat='50.1032661' lon='14.4256256' />
  <node id='3243241434' action='delete' timestamp='2017-03-24T17:25:29Z' uid='1643116' user='fell3' visible='true' version='2' changeset='47130171' lat='50.1033262' lon='14.4197734' />
  <node id='3243241438' action='delete' timestamp='2018-10-26T19:12:30Z' uid='1189910' user='Milancer' visible='true' version='2' changeset='63911139' lat='50.1033321' lon='14.4179847' />
  <node id='3243241457' action='delete' timestamp='2014-12-19T19:32:24Z' uid='411213' user='pedro&apos;' visible='true' version='1' changeset='27576415' lat='50.1034583' lon='14.4189126' />
  <node id='3243241463' action='delete' timestamp='2014-12-19T19:32:24Z' uid='411213' user='pedro&apos;' visible='true' version='1' changeset='27576415' lat='50.1034881' lon='14.4184311' />
  <node id='3243241474' action='delete' timestamp='2014-12-19T19:32:25Z' uid='411213' user='pedro&apos;' visible='true' version='1' changeset='27576415' lat='50.1035384' lon='14.4268387' />
  <node id='3243241478' action='delete' timestamp='2014-12-19T19:32:25Z' uid='411213' user='pedro&apos;' visible='true' version='1' changeset='27576415' lat='50.103545' lon='14.4259656' />
  <node id='3243241483' action='delete' timestamp='2014-12-19T19:32:25Z' uid='411213' user='pedro&apos;' visible='true' version='1' changeset='27576415' lat='50.1035518' lon='14.4263788' />
  <node id='3243241484' action='delete' timestamp='2014-12-19T19:32:25Z' uid='411213' user='pedro&apos;' visible='true' version='1' changeset='27576415' lat='50.1035546' lon='14.4260909' />
  <node id='3243241486' action='delete' timestamp='2014-12-19T19:32:25Z' uid='411213' user='pedro&apos;' visible='true' version='1' changeset='27576415' lat='50.1035551' lon='14.426055' />
  <node id='3243241489' action='delete' timestamp='2014-12-19T19:32:25Z' uid='411213' user='pedro&apos;' visible='true' version='1' changeset='27576415' lat='50.10356' lon='14.4260912' />
  <node id='3243241496' action='delete' timestamp='2014-12-19T19:32:25Z' uid='411213' user='pedro&apos;' visible='true' version='1' changeset='27576415' lat='50.1035747' lon='14.4272594' />
  <node id='3243241502' action='delete' timestamp='2014-12-19T19:32:25Z' uid='411213' user='pedro&apos;' visible='true' version='1' changeset='27576415' lat='50.1035837' lon='14.4261973' />
  <node id='3243241522' action='delete' timestamp='2014-12-19T19:32:26Z' uid='411213' user='pedro&apos;' visible='true' version='1' changeset='27576415' lat='50.1036102' lon='14.4178672' />
  <node id='3243241531' action='delete' timestamp='2014-12-19T19:32:26Z' uid='411213' user='pedro&apos;' visible='true' version='1' changeset='27576415' lat='50.1036246' lon='14.4180813' />
  <node id='3243241594' action='delete' timestamp='2014-12-19T19:32:28Z' uid='411213' user='pedro&apos;' visible='true' version='1' changeset='27576415' lat='50.1038207' lon='14.4168217' />
  <node id='3243241636' action='delete' timestamp='2025-12-24T12:36:26Z' uid='10932047' user='Yakari (kleiner Indianer)' visible='true' version='3' changeset='176360375' lat='50.1040286' lon='14.4147986' />
  <node id='3243241657' action='delete' timestamp='2018-10-26T19:12:30Z' uid='1189910' user='Milancer' visible='true' version='2' changeset='63911139' lat='50.1040232' lon='14.4163114' />
  <node id='3243241663' action='delete' timestamp='2014-12-19T19:32:29Z' uid='411213' user='pedro&apos;' visible='true' version='1' changeset='27576415' lat='50.1040316' lon='14.4190122' />
  <node id='3243241669' action='delete' timestamp='2014-12-19T19:32:30Z' uid='411213' user='pedro&apos;' visible='true' version='1' changeset='27576415' lat='50.1040449' lon='14.4183479' />
  <node id='3243241670' action='delete' timestamp='2014-12-19T19:32:30Z' uid='411213' user='pedro&apos;' visible='true' version='1' changeset='27576415' lat='50.1040508' lon='14.4200383' />
  <node id='3243241672' action='delete' timestamp='2017-03-24T17:25:29Z' uid='1643116' user='fell3' visible='true' version='2' changeset='47130171' lat='50.1041601' lon='14.4305377' />
  <node id='3243241676' action='delete' timestamp='2014-12-19T19:32:30Z' uid='411213' user='pedro&apos;' visible='true' version='1' changeset='27576415' lat='50.1040721' lon='14.4162513' />
  <node id='3243241677' action='delete' timestamp='2014-12-19T19:32:30Z' uid='411213' user='pedro&apos;' visible='true' version='1' changeset='27576415' lat='50.1040732' lon='14.4209668' />
  <node id='3243241679' action='delete' timestamp='2014-12-19T19:32:30Z' uid='411213' user='pedro&apos;' visible='true' version='1' changeset='27576415' lat='50.1040755' lon='14.4178972' />
  <node id='3243241681' action='delete' timestamp='2018-10-26T19:12:30Z' uid='1189910' user='Milancer' visible='true' version='2' changeset='63911139' lat='50.1039869' lon='14.4163072' />
  <node id='3243241683' action='delete' timestamp='2017-03-24T17:25:29Z' uid='1643116' user='fell3' visible='true' version='2' changeset='47130171' lat='50.1040652' lon='14.4305318' />
  <node id='3243241684' action='delete' timestamp='2014-12-19T19:32:30Z' uid='411213' user='pedro&apos;' visible='true' version='1' changeset='27576415' lat='50.1040906' lon='14.4177112' />
  <node id='3243241685' action='delete' timestamp='2014-12-19T19:32:30Z' uid='411213' user='pedro&apos;' visible='true' version='1' changeset='27576415' lat='50.104093' lon='14.4214205' />
  <node id='3243241689' action='delete' timestamp='2014-12-19T19:32:30Z' uid='411213' user='pedro&apos;' visible='true' version='1' changeset='27576415' lat='50.1041059' lon='14.4215316' />
  <node id='3243241691' action='delete' timestamp='2014-12-19T19:32:30Z' uid='411213' user='pedro&apos;' visible='true' version='1' changeset='27576415' lat='50.1041161' lon='14.4190097' />
  <node id='3243241692' action='delete' timestamp='2014-12-19T19:32:30Z' uid='411213' user='pedro&apos;' visible='true' version='1' changeset='27576415' lat='50.1041164' lon='14.419332' />
  <node id='3243241693' action='delete' timestamp='2014-12-19T19:32:30Z' uid='411213' user='pedro&apos;' visible='true' version='1' changeset='27576415' lat='50.104118' lon='14.4159293' />
  <node id='3243241695' action='delete' timestamp='2014-12-19T19:32:30Z' uid='411213' user='pedro&apos;' visible='true' version='1' changeset='27576415' lat='50.104123' lon='14.4183457' />
  <node id='3243241697' action='delete' timestamp='2014-12-19T19:32:30Z' uid='411213' user='pedro&apos;' visible='true' version='1' changeset='27576415' lat='50.1041284' lon='14.4216129' />
  <node id='3243241699' action='delete' timestamp='2014-12-19T19:32:30Z' uid='411213' user='pedro&apos;' visible='true' version='1' changeset='27576415' lat='50.1041452' lon='14.4179236' />
  <node id='3243241700' action='delete' timestamp='2014-12-19T19:32:30Z' uid='411213' user='pedro&apos;' visible='true' version='1' changeset='27576415' lat='50.1041469' lon='14.4200358' />
  <node id='3243241701' action='delete' timestamp='2014-12-19T19:32:30Z' uid='411213' user='pedro&apos;' visible='true' version='1' changeset='27576415' lat='50.1041516' lon='14.4148875' />
  <node id='3243241702' action='delete' timestamp='2014-12-19T19:32:30Z' uid='411213' user='pedro&apos;' visible='true' version='1' changeset='27576415' lat='50.1041589' lon='14.4216975' />
  <node id='3243241703' action='delete' timestamp='2014-12-19T19:32:30Z' uid='411213' user='pedro&apos;' visible='true' version='1' changeset='27576415' lat='50.1041631' lon='14.4177384' />
  <node id='3243241705' action='delete' timestamp='2014-12-19T19:32:30Z' uid='411213' user='pedro&apos;' visible='true' version='1' changeset='27576415' lat='50.1041707' lon='14.4209643' />
  <node id='3243241706' action='delete' timestamp='2014-12-19T19:32:30Z' uid='411213' user='pedro&apos;' visible='true' version='1' changeset='27576415' lat='50.1041712' lon='14.4213316' />
  <node id='3243241708' action='delete' timestamp='2014-12-19T19:32:30Z' uid='411213' user='pedro&apos;' visible='true' version='1' changeset='27576415' lat='50.104178' lon='14.4214064' />
  <node id='3243241710' action='delete' timestamp='2014-12-19T19:32:30Z' uid='411213' user='pedro&apos;' visible='true' version='1' changeset='27576415' lat='50.1041954' lon='14.4217791' />
  <node id='3243241711' action='delete' timestamp='2014-12-19T19:32:30Z' uid='411213' user='pedro&apos;' visible='true' version='1' changeset='27576415' lat='50.1041955' lon='14.4214963' />
  <node id='3243241712' action='delete' timestamp='2014-12-19T19:32:31Z' uid='411213' user='pedro&apos;' visible='true' version='1' changeset='27576415' lat='50.1042054' lon='14.416926' />
  <node id='3243241715' action='delete' timestamp='2017-03-24T17:25:29Z' uid='1643116' user='fell3' visible='true' version='2' changeset='47130171' lat='50.1042048' lon='14.430483' />
  <node id='3243241717' action='delete' timestamp='2014-12-19T19:32:31Z' uid='411213' user='pedro&apos;' visible='true' version='1' changeset='27576415' lat='50.1042212' lon='14.4215893' />
  <node id='3243241718' action='delete' timestamp='2014-12-19T19:32:31Z' uid='411213' user='pedro&apos;' visible='true' version='1' changeset='27576415' lat='50.1042225' lon='14.4152052' />
  <node id='3243241719' action='delete' timestamp='2021-04-22T09:28:37Z' uid='873469' user='R3gi' visible='true' version='3' changeset='103398670' lat='50.1042257' lon='14.4131681' />
  <node id='3243241721' action='delete' timestamp='2014-12-19T19:32:31Z' uid='411213' user='pedro&apos;' visible='true' version='1' changeset='27576415' lat='50.1042422' lon='14.4218469' />
  <node id='3243241722' action='delete' timestamp='2014-12-19T19:32:31Z' uid='411213' user='pedro&apos;' visible='true' version='1' changeset='27576415' lat='50.1042542' lon='14.421677' />
  <node id='3243241724' action='delete' timestamp='2014-12-19T19:32:31Z' uid='411213' user='pedro&apos;' visible='true' version='1' changeset='27576415' lat='50.1042729' lon='14.4165191' />
  <node id='3243241725' action='delete' timestamp='2025-12-24T12:36:26Z' uid='10932047' user='Yakari (kleiner Indianer)' visible='true' version='5' changeset='176360375' lat='50.1042749' lon='14.4132933' />
  <node id='3243241726' action='delete' timestamp='2014-12-19T19:32:31Z' uid='411213' user='pedro&apos;' visible='true' version='1' changeset='27576415' lat='50.1042809' lon='14.4169588' />
  <node id='3243241728' action='delete' timestamp='2017-03-24T17:25:29Z' uid='1643116' user='fell3' visible='true' version='2' changeset='47130171' lat='50.1043742' lon='14.4305566' />
  <node id='3243241731' action='delete' timestamp='2014-12-19T19:32:31Z' uid='411213' user='pedro&apos;' visible='true' version='1' changeset='27576415' lat='50.104292' lon='14.4154896' />
  <node id='3243241733' action='delete' timestamp='2014-12-19T19:32:31Z' uid='411213' user='pedro&apos;' visible='true' version='1' changeset='27576415' lat='50.1043053' lon='14.4217373' />
  <node id='3243241734' action='delete' timestamp='2014-12-19T19:32:31Z' uid='411213' user='pedro&apos;' visible='true' version='1' changeset='27576415' lat='50.1043129' lon='14.4219184' />
  <node id='3243241736' action='delete' timestamp='2014-12-19T19:32:31Z' uid='411213' user='pedro&apos;' visible='true' version='1' changeset='27576415' lat='50.104327' lon='14.4153132' />
  <node id='3243241738' action='delete' timestamp='2014-12-19T19:32:31Z' uid='411213' user='pedro&apos;' visible='true' version='1' changeset='27576415' lat='50.1043305' lon='14.4147961' />
  <node id='3243241739' action='delete' timestamp='2014-12-19T19:32:31Z' uid='411213' user='pedro&apos;' visible='true' version='1' changeset='27576415' lat='50.1043378' lon='14.4151377' />
  <node id='3243241740' action='delete' timestamp='2014-12-19T19:32:31Z' uid='411213' user='pedro&apos;' visible='true' version='1' changeset='27576415' lat='50.1043438' lon='14.4155132' />
  <node id='3243241742' action='delete' timestamp='2014-12-19T19:32:31Z' uid='411213' user='pedro&apos;' visible='true' version='1' changeset='27576415' lat='50.1043468' lon='14.4165511' />
  <node id='3243241743' action='delete' timestamp='2014-12-19T19:32:31Z' uid='411213' user='pedro&apos;' visible='true' version='1' changeset='27576415' lat='50.1043517' lon='14.4160734' />
  <node id='3243241744' action='delete' timestamp='2014-12-19T19:32:31Z' uid='411213' user='pedro&apos;' visible='true' version='1' changeset='27576415' lat='50.1043562' lon='14.4147931' />
  <node id='3243241746' action='delete' timestamp='2014-12-19T19:32:31Z' uid='411213' user='pedro&apos;' visible='true' version='1' changeset='27576415' lat='50.1043746' lon='14.4147906' />
  <node id='3243241747' action='delete' timestamp='2014-12-19T19:32:31Z' uid='411213' user='pedro&apos;' visible='true' version='1' changeset='27576415' lat='50.1043748' lon='14.4153062' />
  <node id='3243241748' action='delete' timestamp='2014-12-19T19:32:31Z' uid='411213' user='pedro&apos;' visible='true' version='1' changeset='27576415' lat='50.1043754' lon='14.4151321' />
  <node id='3243241750' action='delete' timestamp='2014-12-19T19:32:31Z' uid='411213' user='pedro&apos;' visible='true' version='1' changeset='27576415' lat='50.1043804' lon='14.4218012' />
  <node id='3243241757' action='delete' timestamp='2014-12-19T19:32:32Z' uid='411213' user='pedro&apos;' visible='true' version='1' changeset='27576415' lat='50.1043953' lon='14.4219554' />
  <node id='3243241758' action='delete' timestamp='2021-04-19T19:11:01Z' uid='873469' user='R3gi' visible='true' version='2' changeset='103218902' lat='50.1043972' lon='14.4103158' />
  <node id='3243241760' action='delete' timestamp='2014-12-19T19:32:32Z' uid='411213' user='pedro&apos;' visible='true' version='1' changeset='27576415' lat='50.1043995' lon='14.4148626' />
  <node id='3243241763' action='delete' timestamp='2014-12-19T19:32:32Z' uid='411213' user='pedro&apos;' visible='true' version='1' changeset='27576415' lat='50.1044063' lon='14.4157363' />
  <node id='3243241767' action='delete' timestamp='2014-12-19T19:32:32Z' uid='411213' user='pedro&apos;' visible='true' version='1' changeset='27576415' lat='50.1044165' lon='14.430462' />
  <node id='3243241769' action='delete' timestamp='2014-12-19T19:32:32Z' uid='411213' user='pedro&apos;' visible='true' version='1' changeset='27576415' lat='50.1044249' lon='14.4156082' />
  <node id='3243241770' action='delete' timestamp='2014-12-19T19:32:32Z' uid='411213' user='pedro&apos;' visible='true' version='1' changeset='27576415' lat='50.1044276' lon='14.4161064' />
  <node id='3243241771' action='delete' timestamp='2014-12-19T19:32:32Z' uid='411213' user='pedro&apos;' visible='true' version='1' changeset='27576415' lat='50.1044322' lon='14.4151237' />
  <node id='3243241772' action='delete' timestamp='2021-04-19T19:11:01Z' uid='873469' user='R3gi' visible='true' version='2' changeset='103218902' lat='50.1044314' lon='14.4100656' />
  <node id='3243241773' action='delete' timestamp='2014-12-19T19:32:32Z' uid='411213' user='pedro&apos;' visible='true' version='1' changeset='27576415' lat='50.1044368' lon='14.4154802' />
  <node id='3243241775' action='delete' timestamp='2014-12-19T19:32:32Z' uid='411213' user='pedro&apos;' visible='true' version='1' changeset='27576415' lat='50.1044406' lon='14.4153034' />
  <node id='3243241776' action='delete' timestamp='2014-12-19T19:32:32Z' uid='411213' user='pedro&apos;' visible='true' version='1' changeset='27576415' lat='50.1044418' lon='14.4153916' />
  <node id='3243241779' action='delete' timestamp='2018-10-26T19:12:30Z' uid='1189910' user='Milancer' visible='true' version='2' changeset='63911139' lat='50.1044592' lon='14.4147453' />
  <node id='3243241783' action='delete' timestamp='2014-12-19T19:32:32Z' uid='411213' user='pedro&apos;' visible='true' version='1' changeset='27576415' lat='50.1044681' lon='14.421829' />
  <node id='3243241785' action='delete' timestamp='2021-04-19T19:11:01Z' uid='873469' user='R3gi' visible='true' version='2' changeset='103218902' lat='50.1044764' lon='14.4097212' />
  <node id='3243241789' action='delete' timestamp='2014-12-19T19:32:32Z' uid='411213' user='pedro&apos;' visible='true' version='1' changeset='27576415' lat='50.1044835' lon='14.4157698' />
  <node id='3243241794' action='delete' timestamp='2014-12-19T19:32:32Z' uid='411213' user='pedro&apos;' visible='true' version='1' changeset='27576415' lat='50.1045049' lon='14.4155964' />
  <node id='3243241795' action='delete' timestamp='2014-12-19T19:32:32Z' uid='411213' user='pedro&apos;' visible='true' version='1' changeset='27576415' lat='50.1045094' lon='14.4219725' />
  <node id='3243241796' action='delete' timestamp='2014-12-19T19:32:32Z' uid='411213' user='pedro&apos;' visible='true' version='1' changeset='27576415' lat='50.1045155' lon='14.4151114' />
  <node id='3243241798' action='delete' timestamp='2014-12-19T19:32:33Z' uid='411213' user='pedro&apos;' visible='true' version='1' changeset='27576415' lat='50.1045173' lon='14.4154683' />
  <node id='3243241800' action='delete' timestamp='2014-12-19T19:32:33Z' uid='411213' user='pedro&apos;' visible='true' version='1' changeset='27576415' lat='50.1045216' lon='14.4153797' />
  <node id='3243241801' action='delete' timestamp='2014-12-19T19:32:33Z' uid='411213' user='pedro&apos;' visible='true' version='1' changeset='27576415' lat='50.1045225' lon='14.4152843' />
  <node id='3243241807' action='delete' timestamp='2014-12-19T19:32:33Z' uid='411213' user='pedro&apos;' visible='true' version='1' changeset='27576415' lat='50.1045955' lon='14.4119126' />
  <node id='3243241811' action='delete' timestamp='2014-12-19T19:32:33Z' uid='411213' user='pedro&apos;' visible='true' version='1' changeset='27576415' lat='50.1046044' lon='14.4218074' />
  <node id='3243241814' action='delete' timestamp='2014-12-19T19:32:33Z' uid='411213' user='pedro&apos;' visible='true' version='1' changeset='27576415' lat='50.1046332' lon='14.4217838' />
  <node id='3243241815' action='delete' timestamp='2014-12-19T19:32:33Z' uid='411213' user='pedro&apos;' visible='true' version='1' changeset='27576415' lat='50.1046368' lon='14.4097404' />
  <node id='3243241818' action='delete' timestamp='2014-12-19T19:32:33Z' uid='411213' user='pedro&apos;' visible='true' version='1' changeset='27576415' lat='50.1046878' lon='14.4219073' />
  <node id='3243241820' action='delete' timestamp='2014-12-19T19:32:33Z' uid='411213' user='pedro&apos;' visible='true' version='1' changeset='27576415' lat='50.1046998' lon='14.4217373' />
  <node id='3243241828' action='delete' timestamp='2018-04-09T15:20:23Z' uid='2169558' user='JandaM' visible='true' version='2' changeset='57944051' lat='50.1047611' lon='14.4138086' />
  <node id='3243241829' action='delete' timestamp='2014-12-19T19:32:33Z' uid='411213' user='pedro&apos;' visible='true' version='1' changeset='27576415' lat='50.1047611' lon='14.4300149' />
  <node id='3243241831' action='delete' timestamp='2018-04-09T15:20:23Z' uid='2169558' user='JandaM' visible='true' version='3' changeset='57944051' lat='50.1047651' lon='14.4137445' />
  <node id='3243241832' action='delete' timestamp='2014-12-19T19:32:33Z' uid='411213' user='pedro&apos;' visible='true' version='1' changeset='27576415' lat='50.1047683' lon='14.4097316' />
  <node id='3243241833' action='delete' timestamp='2014-12-19T19:32:33Z' uid='411213' user='pedro&apos;' visible='true' version='1' changeset='27576415' lat='50.1047763' lon='14.413748' />
  <node id='3243241834' action='delete' timestamp='2018-04-09T15:20:23Z' uid='2169558' user='JandaM' visible='true' version='3' changeset='57944051' lat='50.1047799' lon='14.4136581' />
  <node id='3243241835' action='delete' timestamp='2014-12-19T19:32:33Z' uid='411213' user='pedro&apos;' visible='true' version='1' changeset='27576415' lat='50.1047823' lon='14.4295465' />
  <node id='3243241837' action='delete' timestamp='2018-04-09T15:20:23Z' uid='2169558' user='JandaM' visible='true' version='2' changeset='57944051' lat='50.104799' lon='14.4135218' />
  <node id='3243241839' action='delete' timestamp='2014-12-19T19:32:33Z' uid='411213' user='pedro&apos;' visible='true' version='1' changeset='27576415' lat='50.1048017' lon='14.4300554' />
  <node id='3243241840' action='delete' timestamp='2018-04-09T15:20:23Z' uid='2169558' user='JandaM' visible='true' version='2' changeset='57944051' lat='50.1048043' lon='14.4134706' />
  <node id='3243241842' action='delete' timestamp='2018-04-09T15:20:23Z' uid='2169558' user='JandaM' visible='true' version='2' changeset='57944051' lat='50.1048133' lon='14.4135138' />
  <node id='3243241843' action='delete' timestamp='2014-12-19T19:32:33Z' uid='411213' user='pedro&apos;' visible='true' version='1' changeset='27576415' lat='50.104848' lon='14.4301964' />
  <node id='3243241844' action='delete' timestamp='2014-12-19T19:32:33Z' uid='411213' user='pedro&apos;' visible='true' version='1' changeset='27576415' lat='50.1048604' lon='14.4216074' />
  <node id='3243241845' action='delete' timestamp='2014-12-19T19:32:33Z' uid='411213' user='pedro&apos;' visible='true' version='1' changeset='27576415' lat='50.1048665' lon='14.4217692' />
  <node id='3243241847' action='delete' timestamp='2014-12-19T19:32:33Z' uid='411213' user='pedro&apos;' visible='true' version='1' changeset='27576415' lat='50.1049006' lon='14.4296595' />
  <node id='3243241848' action='delete' timestamp='2014-12-19T19:32:34Z' uid='411213' user='pedro&apos;' visible='true' version='1' changeset='27576415' lat='50.1049032' lon='14.4296622' />
  <node id='3243241850' action='delete' timestamp='2021-05-26T14:44:01Z' uid='100163' user='Hlav' visible='true' version='3' changeset='105365179' lat='50.1048508' lon='14.4306631' />
  <node id='3243241851' action='delete' timestamp='2014-12-19T19:32:34Z' uid='411213' user='pedro&apos;' visible='true' version='1' changeset='27576415' lat='50.1049059' lon='14.4215621' />
  <node id='3243241853' action='delete' timestamp='2021-07-14T05:50:34Z' uid='10317199' user='adam 12' visible='true' version='2' changeset='107949265' lat='50.104907' lon='14.4296471' />
  <node id='3243241858' action='delete' timestamp='2023-07-28T12:45:27Z' uid='100163' user='Hlav' visible='true' version='3' changeset='139134143' lat='50.1049375' lon='14.4190352' />
  <node id='3243241859' action='delete' timestamp='2023-07-28T12:45:27Z' uid='100163' user='Hlav' visible='true' version='3' changeset='139134143' lat='50.1049154' lon='14.4189138' />
  <node id='3243241860' action='delete' timestamp='2023-07-28T12:45:27Z' uid='100163' user='Hlav' visible='true' version='2' changeset='139134143' lat='50.1049523' lon='14.4191147' />
  <node id='3243241861' action='delete' timestamp='2014-12-19T19:32:34Z' uid='411213' user='pedro&apos;' visible='true' version='1' changeset='27576415' lat='50.1049492' lon='14.421512' />
  <node id='3243241862' action='delete' timestamp='2021-07-14T05:50:34Z' uid='10317199' user='adam 12' visible='true' version='2' changeset='107949265' lat='50.104957' lon='14.429523' />
  <node id='3243241864' action='delete' timestamp='2014-12-19T19:32:34Z' uid='411213' user='pedro&apos;' visible='true' version='1' changeset='27576415' lat='50.1049591' lon='14.4216828' />
  <node id='3243241869' action='delete' timestamp='2014-12-19T19:32:34Z' uid='411213' user='pedro&apos;' visible='true' version='1' changeset='27576415' lat='50.1049753' lon='14.4294766' />
  <node id='3243241870' action='delete' timestamp='2014-12-19T19:32:34Z' uid='411213' user='pedro&apos;' visible='true' version='1' changeset='27576415' lat='50.1049769' lon='14.4294779' />
  <node id='3243241872' action='delete' timestamp='2021-04-19T09:27:19Z' uid='873469' user='R3gi' visible='true' version='3' changeset='103184274' lat='50.1047816' lon='14.4182934' />
  <node id='3243241875' action='delete' timestamp='2014-12-19T19:32:34Z' uid='411213' user='pedro&apos;' visible='true' version='1' changeset='27576415' lat='50.1050104' lon='14.4214287' />
  <node id='3243241877' action='delete' timestamp='2014-12-19T19:32:34Z' uid='411213' user='pedro&apos;' visible='true' version='1' changeset='27576415' lat='50.105011' lon='14.4098063' />
  <node id='3243241878' action='delete' timestamp='2014-12-19T19:32:34Z' uid='411213' user='pedro&apos;' visible='true' version='1' changeset='27576415' lat='50.1050179' lon='14.4194399' />
  <node id='3243241881' action='delete' timestamp='2014-12-19T19:32:34Z' uid='411213' user='pedro&apos;' visible='true' version='1' changeset='27576415' lat='50.1050311' lon='14.4215989' />
  <node id='3243241885' action='delete' timestamp='2021-07-14T05:50:34Z' uid='10317199' user='adam 12' visible='true' version='2' changeset='107949265' lat='50.1050379' lon='14.4292913' />
  <node id='3243241887' action='delete' timestamp='2014-12-19T19:32:34Z' uid='411213' user='pedro&apos;' visible='true' version='1' changeset='27576415' lat='50.1050418' lon='14.4292764' />
  <node id='3243241888' action='delete' timestamp='2014-12-19T19:32:34Z' uid='411213' user='pedro&apos;' visible='true' version='1' changeset='27576415' lat='50.1050442' lon='14.4292783' />
  <node id='3243241891' action='delete' timestamp='2014-12-19T19:32:35Z' uid='411213' user='pedro&apos;' visible='true' version='1' changeset='27576415' lat='50.1050491' lon='14.4288451' />
  <node id='3243241894' action='delete' timestamp='2014-12-19T19:32:35Z' uid='411213' user='pedro&apos;' visible='true' version='1' changeset='27576415' lat='50.1050618' lon='14.4213475' />
  <node id='3243241897' action='delete' timestamp='2014-12-19T19:32:35Z' uid='411213' user='pedro&apos;' visible='true' version='1' changeset='27576415' lat='50.1050648' lon='14.4215519' />
  <node id='3243241902' action='delete' timestamp='2014-12-19T19:32:35Z' uid='411213' user='pedro&apos;' visible='true' version='1' changeset='27576415' lat='50.1051' lon='14.4099224' />
  <node id='3243241904' action='delete' timestamp='2014-12-19T19:32:35Z' uid='411213' user='pedro&apos;' visible='true' version='1' changeset='27576415' lat='50.1051148' lon='14.4291369' />
  <node id='3243241908' action='delete' timestamp='2014-12-19T19:32:35Z' uid='411213' user='pedro&apos;' visible='true' version='1' changeset='27576415' lat='50.1051374' lon='14.421217' />
  <node id='3243241909' action='delete' timestamp='2014-12-19T19:32:35Z' uid='411213' user='pedro&apos;' visible='true' version='1' changeset='27576415' lat='50.1051449' lon='14.4212249' />
  <node id='3243241910' timestamp='2014-12-19T19:32:35Z' uid='411213' user='pedro&apos;' visible='true' version='1' changeset='27576415' lat='50.1051549' lon='14.4274969' />
  <node id='3243241911' action='delete' timestamp='2014-12-19T19:32:35Z' uid='411213' user='pedro&apos;' visible='true' version='1' changeset='27576415' lat='50.1051589' lon='14.4284377' />
  <node id='3243241912' action='delete' timestamp='2014-12-19T19:32:35Z' uid='411213' user='pedro&apos;' visible='true' version='1' changeset='27576415' lat='50.1051608' lon='14.421399' />
  <node id='3243241913' action='delete' timestamp='2014-12-19T19:32:35Z' uid='411213' user='pedro&apos;' visible='true' version='1' changeset='27576415' lat='50.1051612' lon='14.4273937' />
  <node id='3243241914' action='delete' timestamp='2014-12-19T19:32:35Z' uid='411213' user='pedro&apos;' visible='true' version='1' changeset='27576415' lat='50.1051641' lon='14.42761' />
  <node id='3243241915' timestamp='2014-12-19T19:32:35Z' uid='411213' user='pedro&apos;' visible='true' version='1' changeset='27576415' lat='50.1051646' lon='14.4274055' />
  <node id='3243241916' timestamp='2014-12-19T19:32:35Z' uid='411213' user='pedro&apos;' visible='true' version='1' changeset='27576415' lat='50.1051666' lon='14.4273969' />
  <node id='3243241917' timestamp='2014-12-19T19:32:35Z' uid='411213' user='pedro&apos;' visible='true' version='1' changeset='27576415' lat='50.1051721' lon='14.427607' />
  <node id='3243241918' timestamp='2014-12-19T19:32:35Z' uid='411213' user='pedro&apos;' visible='true' version='1' changeset='27576415' lat='50.1051757' lon='14.4274122' />
  <node id='3243241919' action='delete' timestamp='2014-12-19T19:32:35Z' uid='411213' user='pedro&apos;' visible='true' version='1' changeset='27576415' lat='50.1051804' lon='14.4277147' />
  <node id='3243241920' timestamp='2014-12-19T19:32:35Z' uid='411213' user='pedro&apos;' visible='true' version='1' changeset='27576415' lat='50.1051884' lon='14.4277117' />
  <node id='3243241922' action='delete' timestamp='2014-12-19T19:32:35Z' uid='411213' user='pedro&apos;' visible='true' version='1' changeset='27576415' lat='50.1051897' lon='14.4272767' />
  <node id='3243241923' action='delete' timestamp='2014-12-19T19:32:35Z' uid='411213' user='pedro&apos;' visible='true' version='1' changeset='27576415' lat='50.1051915' lon='14.4102621' />
  <node id='3243241924' timestamp='2014-12-19T19:32:35Z' uid='411213' user='pedro&apos;' visible='true' version='1' changeset='27576415' lat='50.105193' lon='14.4277407' />
  <node id='3243241925' action='delete' timestamp='2014-12-19T19:32:35Z' uid='411213' user='pedro&apos;' visible='true' version='1' changeset='27576415' lat='50.1051943' lon='14.4213365' />
  <node id='3243241927' timestamp='2014-12-19T19:32:35Z' uid='411213' user='pedro&apos;' visible='true' version='1' changeset='27576415' lat='50.1051952' lon='14.42728' />
  <node id='3243241928' timestamp='2014-12-19T19:32:35Z' uid='411213' user='pedro&apos;' visible='true' version='1' changeset='27576415' lat='50.1051972' lon='14.427272' />
  <node id='3243241929' timestamp='2014-12-19T19:32:35Z' uid='411213' user='pedro&apos;' visible='true' version='1' changeset='27576415' lat='50.1052086' lon='14.4272789' />
  <node id='3243241933' timestamp='2014-12-19T19:32:35Z' uid='411213' user='pedro&apos;' visible='true' version='1' changeset='27576415' lat='50.1052299' lon='14.4271925' />
  <node id='3243241935' action='delete' timestamp='2017-04-24T11:25:37Z' uid='100163' user='Hlav' visible='true' version='2' changeset='48087817' lat='50.1051331' lon='14.4277486' />
  <node id='3243241936' action='delete' timestamp='2021-02-08T09:50:18Z' uid='100163' user='Hlav' visible='true' version='3' changeset='98898466' lat='50.1051' lon='14.4278958' />
  <node id='3243241937' action='delete' timestamp='2014-12-19T19:32:35Z' uid='411213' user='pedro&apos;' visible='true' version='1' changeset='27576415' lat='50.1052662' lon='14.4104565' />
  <node id='3243241939' action='delete' timestamp='2023-07-28T12:45:27Z' uid='100163' user='Hlav' visible='true' version='2' changeset='139134143' lat='50.1052786' lon='14.4209752' />
  <node id='3243241940' timestamp='2014-12-19T19:32:36Z' uid='411213' user='pedro&apos;' visible='true' version='1' changeset='27576415' lat='50.1052803' lon='14.4271148' />
  <node id='3243241942' timestamp='2014-12-19T19:32:36Z' uid='411213' user='pedro&apos;' visible='true' version='1' changeset='27576415' lat='50.1052869' lon='14.4271293' />
  <node id='3243241943' action='delete' timestamp='2017-03-31T10:45:00Z' uid='100163' user='Hlav' visible='true' version='2' changeset='47321149' lat='50.1052056' lon='14.414128' />
  <node id='3243241944' action='delete' timestamp='2017-03-31T10:45:00Z' uid='100163' user='Hlav' visible='true' version='2' changeset='47321149' lat='50.1052215' lon='14.4137371' />
  <node id='3243241945' action='delete' timestamp='2014-12-19T19:32:36Z' uid='411213' user='pedro&apos;' visible='true' version='1' changeset='27576415' lat='50.1052946' lon='14.4293622' />
  <node id='3243241946' action='delete' timestamp='2014-12-19T19:32:36Z' uid='411213' user='pedro&apos;' visible='true' version='1' changeset='27576415' lat='50.1052968' lon='14.4293579' />
  <node id='3243241948' action='delete' timestamp='2017-04-24T11:25:37Z' uid='100163' user='Hlav' visible='true' version='2' changeset='48087817' lat='50.1051191' lon='14.4280675' />
  <node id='3243241950' action='delete' timestamp='2021-03-27T21:07:27Z' uid='873469' user='R3gi' visible='true' version='3' changeset='101854395' lat='50.1049127' lon='14.4156451' />
  <node id='3243241951' action='delete' timestamp='2017-03-31T10:45:00Z' uid='100163' user='Hlav' visible='true' version='3' changeset='47321149' lat='50.1051965' lon='14.4144248' />
  <node id='3243241952' action='delete' timestamp='2014-12-19T19:32:36Z' uid='411213' user='pedro&apos;' visible='true' version='1' changeset='27576415' lat='50.1053094' lon='14.4293805' />
  <node id='3243241953' action='delete' timestamp='2014-12-19T19:32:36Z' uid='411213' user='pedro&apos;' visible='true' version='1' changeset='27576415' lat='50.1053174' lon='14.4206396' />
  <node id='3243241954' action='delete' timestamp='2017-03-31T10:45:00Z' uid='100163' user='Hlav' visible='true' version='2' changeset='47321149' lat='50.1052551' lon='14.413653' />
  <node id='3243241955' action='delete' timestamp='2017-03-31T10:45:00Z' uid='100163' user='Hlav' visible='true' version='3' changeset='47321149' lat='50.1052153' lon='14.4143037' />
  <node id='3243241956' action='delete' timestamp='2014-12-19T19:32:36Z' uid='411213' user='pedro&apos;' visible='true' version='1' changeset='27576415' lat='50.1053241' lon='14.4210747' />
  <node id='3243241957' action='delete' timestamp='2014-12-19T19:32:36Z' uid='411213' user='pedro&apos;' visible='true' version='1' changeset='27576415' lat='50.1053252' lon='14.4208609' />
  <node id='3243241960' action='delete' timestamp='2014-12-19T19:32:36Z' uid='411213' user='pedro&apos;' visible='true' version='1' changeset='27576415' lat='50.1053382' lon='14.4207721' />
  <node id='3243241961' action='delete' timestamp='2014-12-19T19:32:36Z' uid='411213' user='pedro&apos;' visible='true' version='1' changeset='27576415' lat='50.1053399' lon='14.4135469' />
  <node id='3243241962' timestamp='2014-12-19T19:32:36Z' uid='411213' user='pedro&apos;' visible='true' version='1' changeset='27576415' lat='50.1053457' lon='14.4270424' />
  <node id='3243241963' action='delete' timestamp='2017-03-31T10:45:00Z' uid='100163' user='Hlav' visible='true' version='2' changeset='47321149' lat='50.1051639' lon='14.4146962' />
  <node id='3243241964' timestamp='2014-12-19T19:32:36Z' uid='411213' user='pedro&apos;' visible='true' version='1' changeset='27576415' lat='50.1053524' lon='14.4270566' />
  <node id='3243241965' timestamp='2014-12-19T19:32:36Z' uid='411213' user='pedro&apos;' visible='true' version='1' changeset='27576415' lat='50.1053643' lon='14.4270435' />
  <node id='3243241966' timestamp='2014-12-19T19:32:36Z' uid='411213' user='pedro&apos;' visible='true' version='1' changeset='27576415' lat='50.1053746' lon='14.4270541' />
  <node id='3243241967' action='delete' timestamp='2017-03-31T10:45:00Z' uid='100163' user='Hlav' visible='true' version='2' changeset='47321149' lat='50.1051506' lon='14.4148153' />
  <node id='3243241968' action='delete' timestamp='2017-03-31T10:45:00Z' uid='100163' user='Hlav' visible='true' version='2' changeset='47321149' lat='50.105116' lon='14.415038' />
  <node id='3243241970' action='delete' timestamp='2014-12-19T19:32:36Z' uid='411213' user='pedro&apos;' visible='true' version='1' changeset='27576415' lat='50.10538' lon='14.4132346' />
  <node id='3243241973' action='delete' timestamp='2014-12-19T19:32:36Z' uid='411213' user='pedro&apos;' visible='true' version='1' changeset='27576415' lat='50.1053843' lon='14.4286659' />
  <node id='3243241976' action='delete' timestamp='2014-12-19T19:32:36Z' uid='411213' user='pedro&apos;' visible='true' version='1' changeset='27576415' lat='50.105388' lon='14.4296511' />
  <node id='3243241977' action='delete' timestamp='2017-03-31T10:45:00Z' uid='100163' user='Hlav' visible='true' version='2' changeset='47321149' lat='50.1050902' lon='14.4153337' />
  <node id='3243241978' action='delete' timestamp='2014-12-19T19:32:36Z' uid='411213' user='pedro&apos;' visible='true' version='1' changeset='27576415' lat='50.1053893' lon='14.4131446' />
  <node id='3243241979' action='delete' timestamp='2014-12-19T19:32:36Z' uid='411213' user='pedro&apos;' visible='true' version='1' changeset='27576415' lat='50.1053898' lon='14.4211035' />
  <node id='3243241981' action='delete' timestamp='2018-04-09T15:54:49Z' uid='2169558' user='JandaM' visible='true' version='2' changeset='57944899' lat='50.1053908' lon='14.4296491' />
  <node id='3243241983' action='delete' timestamp='2014-12-19T19:32:36Z' uid='411213' user='pedro&apos;' visible='true' version='1' changeset='27576415' lat='50.1053937' lon='14.4286887' />
  <node id='3243241986' action='delete' timestamp='2021-03-27T21:07:27Z' uid='873469' user='R3gi' visible='true' version='3' changeset='101854395' lat='50.1050678' lon='14.4155681' />
  <node id='3243241987' action='delete' timestamp='2014-12-19T19:32:36Z' uid='411213' user='pedro&apos;' visible='true' version='1' changeset='27576415' lat='50.1054008' lon='14.4106855' />
  <node id='3243241988' action='delete' timestamp='2014-12-19T19:32:36Z' uid='411213' user='pedro&apos;' visible='true' version='1' changeset='27576415' lat='50.1054011' lon='14.4287205' />
  <node id='3243241990' action='delete' timestamp='2014-12-19T19:32:37Z' uid='411213' user='pedro&apos;' visible='true' version='1' changeset='27576415' lat='50.1054072' lon='14.4287058' />
  <node id='3243241993' action='delete' timestamp='2014-12-19T19:32:37Z' uid='411213' user='pedro&apos;' visible='true' version='1' changeset='27576415' lat='50.1054216' lon='14.4287414' />
  <node id='3243241994' action='delete' timestamp='2014-12-19T19:32:37Z' uid='411213' user='pedro&apos;' visible='true' version='1' changeset='27576415' lat='50.1054263' lon='14.4291291' />
  <node id='3243242001' action='delete' timestamp='2014-12-19T19:32:37Z' uid='411213' user='pedro&apos;' visible='true' version='1' changeset='27576415' lat='50.1054699' lon='14.429587' />
  <node id='3243242003' action='delete' timestamp='2014-12-19T19:32:37Z' uid='411213' user='pedro&apos;' visible='true' version='1' changeset='27576415' lat='50.1054724' lon='14.4295854' />
  <node id='3243242008' action='delete' timestamp='2014-12-19T19:32:37Z' uid='411213' user='pedro&apos;' visible='true' version='1' changeset='27576415' lat='50.1055075' lon='14.4127595' />
  <node id='3243242012' action='delete' timestamp='2014-12-19T19:32:37Z' uid='411213' user='pedro&apos;' visible='true' version='1' changeset='27576415' lat='50.1055247' lon='14.4288456' />
  <node id='3243242013' action='delete' timestamp='2014-12-19T19:32:37Z' uid='411213' user='pedro&apos;' visible='true' version='1' changeset='27576415' lat='50.105528' lon='14.4288571' />
  <node id='3243242017' action='delete' timestamp='2014-12-19T19:32:37Z' uid='411213' user='pedro&apos;' visible='true' version='1' changeset='27576415' lat='50.1055399' lon='14.4288351' />
  <node id='3243242018' action='delete' timestamp='2014-12-19T19:32:37Z' uid='411213' user='pedro&apos;' visible='true' version='1' changeset='27576415' lat='50.1055412' lon='14.4291192' />
  <node id='3243242019' action='delete' timestamp='2014-12-19T19:32:37Z' uid='411213' user='pedro&apos;' visible='true' version='1' changeset='27576415' lat='50.1055432' lon='14.4288465' />
  <node id='3243242023' action='delete' timestamp='2014-12-19T19:32:37Z' uid='411213' user='pedro&apos;' visible='true' version='1' changeset='27576415' lat='50.1055669' lon='14.4109331' />
  <node id='3243242063' action='delete' timestamp='2014-12-19T19:32:39Z' uid='411213' user='pedro&apos;' visible='true' version='1' changeset='27576415' lat='50.106198' lon='14.427811' />
  <node id='3243242065' action='delete' timestamp='2014-12-19T19:32:39Z' uid='411213' user='pedro&apos;' visible='true' version='1' changeset='27576415' lat='50.1062415' lon='14.4277672' />
  <node id='3243242066' action='delete' timestamp='2014-12-19T19:32:39Z' uid='411213' user='pedro&apos;' visible='true' version='1' changeset='27576415' lat='50.106247' lon='14.411559' />
  <node id='3243242067' action='delete' timestamp='2014-12-19T19:32:39Z' uid='411213' user='pedro&apos;' visible='true' version='1' changeset='27576415' lat='50.1062669' lon='14.4277327' />
  <node id='3243242068' action='delete' timestamp='2014-12-19T19:32:39Z' uid='411213' user='pedro&apos;' visible='true' version='1' changeset='27576415' lat='50.1062821' lon='14.427697' />
  <node id='3243242069' action='delete' timestamp='2014-12-19T19:32:39Z' uid='411213' user='pedro&apos;' visible='true' version='1' changeset='27576415' lat='50.106298' lon='14.4114664' />
  <node id='3243242070' action='delete' timestamp='2014-12-19T19:32:39Z' uid='411213' user='pedro&apos;' visible='true' version='1' changeset='27576415' lat='50.106368' lon='14.4274362' />
  <node id='3243242071' action='delete' timestamp='2014-12-19T19:32:39Z' uid='411213' user='pedro&apos;' visible='true' version='1' changeset='27576415' lat='50.1065018' lon='14.4269665' />
  <node id='3243242074' action='delete' timestamp='2017-03-31T10:45:00Z' uid='100163' user='Hlav' visible='true' version='2' changeset='47321149' lat='50.1064943' lon='14.4267022' />
  <node id='3243242077' action='delete' timestamp='2014-12-19T19:32:40Z' uid='411213' user='pedro&apos;' visible='true' version='1' changeset='27576415' lat='50.1066309' lon='14.4351508' />
  <node id='3243242081' action='delete' timestamp='2014-12-19T19:32:40Z' uid='411213' user='pedro&apos;' visible='true' version='1' changeset='27576415' lat='50.1067395' lon='14.4260599' />
  <node id='3243242087' action='delete' timestamp='2014-12-19T19:32:40Z' uid='411213' user='pedro&apos;' visible='true' version='1' changeset='27576415' lat='50.1068464' lon='14.4350194' />
  <node id='3243242089' action='delete' timestamp='2014-12-19T19:32:40Z' uid='411213' user='pedro&apos;' visible='true' version='1' changeset='27576415' lat='50.1068488' lon='14.4350055' />
  <node id='3243242090' action='delete' timestamp='2014-12-19T19:32:40Z' uid='411213' user='pedro&apos;' visible='true' version='1' changeset='27576415' lat='50.1068523' lon='14.4350198' />
  <node id='3243242091' action='delete' timestamp='2020-07-14T19:21:13Z' uid='6588887' user='Martin2035' visible='true' version='2' changeset='87993771' lat='50.1069811' lon='14.4258974' />
  <node id='3243242095' action='delete' timestamp='2020-07-14T19:21:13Z' uid='6588887' user='Martin2035' visible='true' version='2' changeset='87993771' lat='50.1070701' lon='14.425842' />
  <node id='3243242096' action='delete' timestamp='2020-07-14T19:21:13Z' uid='6588887' user='Martin2035' visible='true' version='2' changeset='87993771' lat='50.1069014' lon='14.425946' />
  <node id='3243242103' action='delete' timestamp='2014-12-19T19:32:40Z' uid='411213' user='pedro&apos;' visible='true' version='1' changeset='27576415' lat='50.1069421' lon='14.4349625' />
  <node id='3243242133' action='delete' timestamp='2021-03-04T15:52:59Z' uid='6588887' user='Martin2035' visible='true' version='2' changeset='100433029' lat='50.1071001' lon='14.4270018' />
  <node id='3243242138' action='delete' timestamp='2018-12-09T17:16:51Z' uid='3003739' user='r00tcz' visible='true' version='2' changeset='65320361' lat='50.107049' lon='14.4349231' />
  <node id='3243242161' action='delete' timestamp='2018-12-09T17:16:51Z' uid='3003739' user='r00tcz' visible='true' version='2' changeset='65320361' lat='50.1074038' lon='14.4349636' />
  <node id='3243242163' action='delete' timestamp='2017-04-18T11:30:32Z' uid='100163' user='Hlav' visible='true' version='2' changeset='47902510' lat='50.1072701' lon='14.4270448' />
  <node id='3243242165' action='delete' timestamp='2017-04-18T11:30:32Z' uid='100163' user='Hlav' visible='true' version='2' changeset='47902510' lat='50.1072292' lon='14.4269053' />
  <node id='3243242171' action='delete' timestamp='2017-04-18T11:30:32Z' uid='100163' user='Hlav' visible='true' version='2' changeset='47902510' lat='50.1072097' lon='14.4274018' />
  <node id='3243242173' action='delete' timestamp='2017-04-18T11:30:32Z' uid='100163' user='Hlav' visible='true' version='2' changeset='47902510' lat='50.1076009' lon='14.4271486' />
  <node id='3243242192' action='delete' timestamp='2017-04-18T11:30:32Z' uid='100163' user='Hlav' visible='true' version='2' changeset='47902510' lat='50.1078432' lon='14.4271368' />
  <node id='3243242195' action='delete' timestamp='2017-04-18T11:30:32Z' uid='100163' user='Hlav' visible='true' version='2' changeset='47902510' lat='50.1076853' lon='14.4271202' />
  <node id='3243242213' action='delete' timestamp='2017-04-18T11:30:32Z' uid='100163' user='Hlav' visible='true' version='2' changeset='47902510' lat='50.1080963' lon='14.427221' />
  <node id='3243242214' action='delete' timestamp='2022-08-16T08:54:55Z' uid='17615' user='Petr Dlouhý' visible='true' version='3' changeset='124960846' lat='50.1087842' lon='14.4272196' />
  <node id='3243242305' action='delete' timestamp='2021-05-04T13:12:29Z' uid='100163' user='Hlav' visible='true' version='3' changeset='104126756' lat='50.1084943' lon='14.4330631' />
  <node id='3243242306' action='delete' timestamp='2017-04-18T11:30:32Z' uid='100163' user='Hlav' visible='true' version='2' changeset='47902510' lat='50.1089275' lon='14.4272325' />
  <node id='3243242312' action='delete' timestamp='2018-12-09T17:16:51Z' uid='3003739' user='r00tcz' visible='true' version='2' changeset='65320361' lat='50.1086006' lon='14.4329927' />
  <node id='3243242354' action='delete' timestamp='2018-12-09T17:16:51Z' uid='3003739' user='r00tcz' visible='true' version='2' changeset='65320361' lat='50.108992' lon='14.4319345' />
  <node id='3243242567' action='delete' timestamp='2018-12-09T17:16:51Z' uid='3003739' user='r00tcz' visible='true' version='2' changeset='65320361' lat='50.1089948' lon='14.4318484' />
  <node id='3243242586' action='delete' timestamp='2014-12-19T19:32:46Z' uid='411213' user='pedro&apos;' visible='true' version='1' changeset='27576415' lat='50.109459' lon='14.4301169' />
  <node id='3243242588' action='delete' timestamp='2014-12-19T19:32:46Z' uid='411213' user='pedro&apos;' visible='true' version='1' changeset='27576415' lat='50.1094756' lon='14.4290971' />
  <node id='3243242591' action='delete' timestamp='2014-12-19T19:32:46Z' uid='411213' user='pedro&apos;' visible='true' version='1' changeset='27576415' lat='50.1095021' lon='14.4299361' />
  <node id='3243242593' action='delete' timestamp='2014-12-19T19:32:46Z' uid='411213' user='pedro&apos;' visible='true' version='1' changeset='27576415' lat='50.1095878' lon='14.429447' />
  <node id='3243242607' action='delete' timestamp='2022-02-19T18:15:40Z' uid='10932047' user='Yakari (kleiner Indianer)' visible='true' version='2' changeset='117614420' lat='50.1100513' lon='14.4270631' />
  <node id='3243242610' action='delete' timestamp='2022-02-19T18:15:40Z' uid='10932047' user='Yakari (kleiner Indianer)' visible='true' version='2' changeset='117614420' lat='50.1100728' lon='14.4270632' />
  <node id='3243304682' action='delete' timestamp='2014-12-19T20:11:59Z' uid='411213' user='pedro&apos;' visible='true' version='1' changeset='27577189' lat='50.1046408' lon='14.4074817' />
  <node id='3289594934' action='delete' timestamp='2026-07-18T21:23:25Z' uid='42457' user='Bob' visible='true' version='6' changeset='185979525' lat='50.1054783' lon='14.4294005'>
    <tag k='addr:city' v='Praha' />
    <tag k='addr:conscriptionnumber' v='415' />
    <tag k='addr:country' v='CZ' />
    <tag k='addr:housenumber' v='415' />
    <tag k='addr:place' v='Bubeneč' />
    <tag k='addr:postcode' v='17000' />
    <tag k='addr:street' v='Výstaviště' />
    <tag k='addr:suburb' v='Praha 7' />
    <tag k='amenity' v='restaurant' />
    <tag k='microbrewery' v='yes' />
    <tag k='name' v='Pivovar Kolkovna' />
    <tag k='old_name' v='Pražan' />
    <tag k='opening_hours' v='Mo-Su 11:00-23:00' />
    <tag k='outdoor_seating' v='yes' />
    <tag k='phone' v='+420 277 005 033' />
    <tag k='source:addr' v='cuzk:ruian' />
    <tag k='source:loc' v='survey' />
    <tag k='website' v='https://www.pivovarkolkovna.cz/' />
  </node>
  <node id='3395942049' timestamp='2025-08-11T07:42:41Z' uid='718054' user='Piskvor' visible='true' version='6' changeset='170278156' lat='50.105002' lon='14.4270971'>
    <tag k='barrier' v='block' />
    <tag k='material' v='wood' />
    <tag k='note' v='kolej ukončena jen zarážkou z pražců' />
  </node>
  <node id='3395942050' timestamp='2022-01-19T15:44:02Z' uid='718054' user='Piskvor' visible='true' version='6' changeset='116347874' lat='50.1044385' lon='14.4288342'>
    <tag k='railway' v='switch' />
    <tag k='railway:switch' v='default' />
  </node>
  <node id='3395942051' timestamp='2021-03-30T18:11:33Z' uid='11276832' user='HaPe-CZ' visible='true' version='3' changeset='102002843' lat='50.1043806' lon='14.4291064' />
  <node id='3395942052' timestamp='2021-03-30T18:11:33Z' uid='11276832' user='HaPe-CZ' visible='true' version='3' changeset='102002843' lat='50.1043027' lon='14.4293959' />
  <node id='3395942053' action='delete' timestamp='2024-11-27T10:04:27Z' uid='718054' user='Piskvor' visible='true' version='5' changeset='159651624' lat='50.1041744' lon='14.4303567'>
    <tag k='railway' v='switch' />
    <tag k='railway:switch' v='default' />
  </node>
  <node id='3395942054' action='delete' timestamp='2024-11-27T10:04:27Z' uid='718054' user='Piskvor' visible='true' version='7' changeset='159651624' lat='50.1041342' lon='14.4307237'>
    <tag k='railway' v='switch' />
    <tag k='railway:switch' v='default' />
  </node>
  <node id='3395942056' action='delete' timestamp='2022-08-01T18:47:17Z' uid='8971394' user='vojtechzaboril' visible='true' version='2' changeset='124360374' lat='50.1044829' lon='14.4299396' />
  <node id='3395942057' action='delete' timestamp='2015-03-12T20:36:42Z' uid='2753826' user='janskyv' visible='true' version='1' changeset='29435139' lat='50.1047169' lon='14.4293733' />
  <node id='3401510940' action='delete' timestamp='2019-04-14T19:20:09Z' uid='665336' user='Minimalis' visible='true' version='2' changeset='69211823' lat='50.1049016' lon='14.4293849' />
  <node id='3401510941' action='delete' timestamp='2026-08-15T02:01:27Z' uid='24283398' user='reperfect-it_bot' visible='true' version='3' changeset='187468787' lat='50.1050126' lon='14.429642'>
    <tag k='description' v='Pamětní deska Josefa Hlávky v areálu AVU ve Stromovce' />
    <tag k='historic' v='memorial' />
    <tag k='memorial' v='plaque' />
    <tag k='name' v='Josef Hlávka' />
    <tag k='ref:drobne_pamatky' v='66960' />
    <tag k='wikidata' v='Q123725498' />
  </node>
  <node id='3448108989' action='delete' timestamp='2017-03-04T21:53:30Z' uid='25867' user='adamos' visible='true' version='2' changeset='46583124' lat='50.1050922' lon='14.4290263' />
  <node id='3448110914' action='delete' timestamp='2017-04-19T09:40:10Z' uid='100163' user='Hlav' visible='true' version='2' changeset='47931966' lat='50.1067873' lon='14.4260124' />
  <node id='3772625722' action='delete' timestamp='2022-01-05T10:03:03Z' uid='8971394' user='vojtechzaboril' visible='true' version='2' changeset='115789366' lat='50.1050841' lon='14.4187815' />
  <node id='3772625723' action='delete' timestamp='2022-01-05T10:03:03Z' uid='8971394' user='vojtechzaboril' visible='true' version='2' changeset='115789366' lat='50.1051002' lon='14.4185003' />
  <node id='3772625724' action='delete' timestamp='2022-01-05T10:03:03Z' uid='8971394' user='vojtechzaboril' visible='true' version='2' changeset='115789366' lat='50.1051039' lon='14.4190066' />
  <node id='3772625725' action='delete' timestamp='2022-01-05T10:03:03Z' uid='8971394' user='vojtechzaboril' visible='true' version='2' changeset='115789366' lat='50.1051496' lon='14.4179758' />
  <node id='3772625726' action='delete' timestamp='2015-10-04T22:01:19Z' uid='17615' user='Petr Dlouhý' visible='true' version='1' changeset='34437751' lat='50.1051835' lon='14.4172195' />
  <node id='3772625727' action='delete' timestamp='2022-01-05T10:03:03Z' uid='8971394' user='vojtechzaboril' visible='true' version='2' changeset='115789366' lat='50.1051724' lon='14.4193429' />
  <node id='3772625728' action='delete' timestamp='2015-10-04T22:01:19Z' uid='17615' user='Petr Dlouhý' visible='true' version='1' changeset='34437751' lat='50.1052341' lon='14.4172446' />
  <node id='3772625729' action='delete' timestamp='2022-01-05T10:03:03Z' uid='8971394' user='vojtechzaboril' visible='true' version='2' changeset='115789366' lat='50.1052476' lon='14.4196458' />
  <node id='3772625730' action='delete' timestamp='2015-10-04T22:01:19Z' uid='17615' user='Petr Dlouhý' visible='true' version='1' changeset='34437751' lat='50.1052669' lon='14.4185982' />
  <node id='3772625732' action='delete' timestamp='2015-10-04T22:01:19Z' uid='17615' user='Petr Dlouhý' visible='true' version='1' changeset='34437751' lat='50.1053' lon='14.4183197' />
  <node id='3772625733' action='delete' timestamp='2022-01-05T10:03:03Z' uid='8971394' user='vojtechzaboril' visible='true' version='2' changeset='115789366' lat='50.1054898' lon='14.4206451' />
  <node id='3772625734' action='delete' timestamp='2019-03-16T20:58:28Z' uid='969558' user='Matej Lieskovský' visible='true' version='2' changeset='68213598' lat='50.1054987' lon='14.4195499' />
  <node id='3772625736' action='delete' timestamp='2019-03-16T20:58:28Z' uid='969558' user='Matej Lieskovský' visible='true' version='2' changeset='68213598' lat='50.1055355' lon='14.4195896' />
  <node id='3772625737' action='delete' timestamp='2015-10-04T22:01:19Z' uid='17615' user='Petr Dlouhý' visible='true' version='1' changeset='34437751' lat='50.105556' lon='14.4196349' />
  <node id='3772625738' action='delete' timestamp='2015-10-04T22:01:19Z' uid='17615' user='Petr Dlouhý' visible='true' version='1' changeset='34437751' lat='50.1056011' lon='14.4203992' />
  <node id='3772625739' action='delete' timestamp='2015-10-04T22:01:19Z' uid='17615' user='Petr Dlouhý' visible='true' version='1' changeset='34437751' lat='50.1056501' lon='14.4204586' />
  <node id='3772625740' action='delete' timestamp='2021-07-14T05:50:34Z' uid='10317199' user='adam 12' visible='true' version='3' changeset='107949265' lat='50.1057452' lon='14.4204456' />
  <node id='3772625741' action='delete' timestamp='2015-10-04T22:01:19Z' uid='17615' user='Petr Dlouhý' visible='true' version='1' changeset='34437751' lat='50.1057772' lon='14.4205409' />
  <node id='3772625743' action='delete' timestamp='2015-10-04T22:01:19Z' uid='17615' user='Petr Dlouhý' visible='true' version='1' changeset='34437751' lat='50.1058013' lon='14.4218997' />
  <node id='3772625744' action='delete' timestamp='2015-10-04T22:01:19Z' uid='17615' user='Petr Dlouhý' visible='true' version='1' changeset='34437751' lat='50.1058148' lon='14.4202852' />
  <node id='3772625746' action='delete' timestamp='2015-10-04T22:01:19Z' uid='17615' user='Petr Dlouhý' visible='true' version='1' changeset='34437751' lat='50.1058669' lon='14.4207134' />
  <node id='3772625747' action='delete' timestamp='2015-10-04T22:01:19Z' uid='17615' user='Petr Dlouhý' visible='true' version='1' changeset='34437751' lat='50.105947' lon='14.4209206' />
  <node id='3772625748' action='delete' timestamp='2015-10-04T22:01:20Z' uid='17615' user='Petr Dlouhý' visible='true' version='1' changeset='34437751' lat='50.1060195' lon='14.4210425' />
  <node id='3772625751' action='delete' timestamp='2015-10-04T22:01:20Z' uid='17615' user='Petr Dlouhý' visible='true' version='1' changeset='34437751' lat='50.1060818' lon='14.4222885' />
  <node id='3772625752' action='delete' timestamp='2015-10-04T22:01:20Z' uid='17615' user='Petr Dlouhý' visible='true' version='1' changeset='34437751' lat='50.1060919' lon='14.4211307' />
  <node id='3772625753' action='delete' timestamp='2015-10-04T22:01:20Z' uid='17615' user='Petr Dlouhý' visible='true' version='1' changeset='34437751' lat='50.1060999' lon='14.4230582' />
  <node id='3772625754' action='delete' timestamp='2021-03-27T21:16:00Z' uid='873469' user='R3gi' visible='true' version='2' changeset='101854630' lat='50.106134' lon='14.4204416' />
  <node id='3772625755' action='delete' timestamp='2015-10-04T22:01:20Z' uid='17615' user='Petr Dlouhý' visible='true' version='1' changeset='34437751' lat='50.1061403' lon='14.4221775' />
  <node id='3772625756' action='delete' timestamp='2015-10-04T22:01:20Z' uid='17615' user='Petr Dlouhý' visible='true' version='1' changeset='34437751' lat='50.1061682' lon='14.4220972' />
  <node id='3772628057' action='delete' timestamp='2015-10-04T22:01:20Z' uid='17615' user='Petr Dlouhý' visible='true' version='1' changeset='34437751' lat='50.1061841' lon='14.4212606' />
  <node id='3772628058' action='delete' timestamp='2015-10-04T22:01:20Z' uid='17615' user='Petr Dlouhý' visible='true' version='1' changeset='34437751' lat='50.106186' lon='14.4219148' />
  <node id='3772628059' action='delete' timestamp='2015-10-04T22:01:20Z' uid='17615' user='Petr Dlouhý' visible='true' version='1' changeset='34437751' lat='50.1061943' lon='14.4217681' />
  <node id='3772628060' action='delete' timestamp='2015-10-04T22:01:20Z' uid='17615' user='Petr Dlouhý' visible='true' version='1' changeset='34437751' lat='50.1062064' lon='14.4213408' />
  <node id='3772628061' action='delete' timestamp='2015-10-04T22:01:20Z' uid='17615' user='Petr Dlouhý' visible='true' version='1' changeset='34437751' lat='50.1062134' lon='14.421546' />
  <node id='3772628062' action='delete' timestamp='2015-10-04T22:01:20Z' uid='17615' user='Petr Dlouhý' visible='true' version='1' changeset='34437751' lat='50.1062184' lon='14.4228427' />
  <node id='3772628063' action='delete' timestamp='2015-10-04T22:01:20Z' uid='17615' user='Petr Dlouhý' visible='true' version='1' changeset='34437751' lat='50.1062197' lon='14.42144' />
  <node id='3772628064' action='delete' timestamp='2015-10-04T22:01:20Z' uid='17615' user='Petr Dlouhý' visible='true' version='1' changeset='34437751' lat='50.1062645' lon='14.4232933' />
  <node id='3772628066' action='delete' timestamp='2015-10-04T22:01:20Z' uid='17615' user='Petr Dlouhý' visible='true' version='1' changeset='34437751' lat='50.1063291' lon='14.4200393' />
  <node id='3772628067' action='delete' timestamp='2015-10-04T22:01:20Z' uid='17615' user='Petr Dlouhý' visible='true' version='1' changeset='34437751' lat='50.1063621' lon='14.4200364' />
  <node id='3772628068' action='delete' timestamp='2015-10-04T22:01:20Z' uid='17615' user='Petr Dlouhý' visible='true' version='1' changeset='34437751' lat='50.1063888' lon='14.4205915' />
  <node id='3772628069' action='delete' timestamp='2015-10-04T22:01:20Z' uid='17615' user='Petr Dlouhý' visible='true' version='1' changeset='34437751' lat='50.1064028' lon='14.4204527' />
  <node id='3772628070' action='delete' timestamp='2015-10-04T22:01:20Z' uid='17615' user='Petr Dlouhý' visible='true' version='1' changeset='34437751' lat='50.1064064' lon='14.4234836' />
  <node id='3772628072' action='delete' timestamp='2015-10-04T22:01:20Z' uid='17615' user='Petr Dlouhý' visible='true' version='1' changeset='34437751' lat='50.1064072' lon='14.4223758' />
  <node id='3772628074' action='delete' timestamp='2015-10-04T22:01:20Z' uid='17615' user='Petr Dlouhý' visible='true' version='1' changeset='34437751' lat='50.1064454' lon='14.4207808' />
  <node id='3772628077' action='delete' timestamp='2015-10-04T22:01:20Z' uid='17615' user='Petr Dlouhý' visible='true' version='1' changeset='34437751' lat='50.1065688' lon='14.4208997' />
  <node id='3772628079' action='delete' timestamp='2015-10-04T22:01:20Z' uid='17615' user='Petr Dlouhý' visible='true' version='1' changeset='34437751' lat='50.106598' lon='14.4213071' />
  <node id='3772628081' action='delete' timestamp='2015-10-04T22:01:20Z' uid='17615' user='Petr Dlouhý' visible='true' version='1' changeset='34437751' lat='50.1066094' lon='14.4211287' />
  <node id='3772628082' action='delete' timestamp='2015-10-04T22:01:20Z' uid='17615' user='Petr Dlouhý' visible='true' version='1' changeset='34437751' lat='50.1066133' lon='14.420982' />
  <node id='3772628087' action='delete' timestamp='2015-10-04T22:01:20Z' uid='17615' user='Petr Dlouhý' visible='true' version='1' changeset='34437751' lat='50.1067029' lon='14.4216442' />
  <node id='3772628094' action='delete' timestamp='2015-10-04T22:01:20Z' uid='17615' user='Petr Dlouhý' visible='true' version='1' changeset='34437751' lat='50.1069193' lon='14.4238919' />
  <node id='3772628101' action='delete' timestamp='2015-10-04T22:01:20Z' uid='17615' user='Petr Dlouhý' visible='true' version='1' changeset='34437751' lat='50.1071727' lon='14.4219743' />
  <node id='3772628102' action='delete' timestamp='2015-10-04T22:01:20Z' uid='17615' user='Petr Dlouhý' visible='true' version='1' changeset='34437751' lat='50.107201' lon='14.4240002' />
  <node id='3772628105' action='delete' timestamp='2015-10-04T22:01:20Z' uid='17615' user='Petr Dlouhý' visible='true' version='1' changeset='34437751' lat='50.10733' lon='14.4212846' />
  <node id='3772628108' action='delete' timestamp='2015-10-04T22:01:20Z' uid='17615' user='Petr Dlouhý' visible='true' version='1' changeset='34437751' lat='50.1076038' lon='14.424011' />
  <node id='3772628113' action='delete' timestamp='2022-01-05T10:03:03Z' uid='8971394' user='vojtechzaboril' visible='true' version='2' changeset='115789366' lat='50.1078506' lon='14.4239748' />
  <node id='3772628114' action='delete' timestamp='2022-01-05T10:03:03Z' uid='8971394' user='vojtechzaboril' visible='true' version='2' changeset='115789366' lat='50.1078904' lon='14.4239588' />
  <node id='3772628117' action='delete' timestamp='2015-10-04T22:01:21Z' uid='17615' user='Petr Dlouhý' visible='true' version='1' changeset='34437751' lat='50.1079987' lon='14.423894' />
  <node id='3772628126' action='delete' timestamp='2015-10-04T22:01:21Z' uid='17615' user='Petr Dlouhý' visible='true' version='1' changeset='34437751' lat='50.1082625' lon='14.4236937' />
  <node id='3772628134' action='delete' timestamp='2015-10-04T22:01:21Z' uid='17615' user='Petr Dlouhý' visible='true' version='1' changeset='34437751' lat='50.1084437' lon='14.4234598' />
  <node id='3772628137' action='delete' timestamp='2015-10-04T22:01:21Z' uid='17615' user='Petr Dlouhý' visible='true' version='1' changeset='34437751' lat='50.1086408' lon='14.4231515' />
  <node id='3772628140' action='delete' timestamp='2015-10-04T22:01:21Z' uid='17615' user='Petr Dlouhý' visible='true' version='1' changeset='34437751' lat='50.1086663' lon='14.423452' />
  <node id='3772628142' action='delete' timestamp='2015-10-04T22:01:21Z' uid='17615' user='Petr Dlouhý' visible='true' version='1' changeset='34437751' lat='50.1086872' lon='14.4195791' />
  <node id='3772628144' action='delete' timestamp='2015-10-04T22:01:21Z' uid='17615' user='Petr Dlouhý' visible='true' version='1' changeset='34437751' lat='50.1086942' lon='14.4230356' />
  <node id='3772628145' action='delete' timestamp='2015-10-04T22:01:21Z' uid='17615' user='Petr Dlouhý' visible='true' version='1' changeset='34437751' lat='50.1087234' lon='14.4197416' />
  <node id='3772628146' action='delete' timestamp='2015-10-04T22:01:21Z' uid='17615' user='Petr Dlouhý' visible='true' version='1' changeset='34437751' lat='50.1088162' lon='14.4227193' />
  <node id='3772628147' action='delete' timestamp='2015-10-04T22:01:21Z' uid='17615' user='Petr Dlouhý' visible='true' version='1' changeset='34437751' lat='50.1088798' lon='14.4224735' />
  <node id='3772628151' action='delete' timestamp='2015-10-04T22:01:21Z' uid='17615' user='Petr Dlouhý' visible='true' version='1' changeset='34437751' lat='50.1089586' lon='14.4207061' />
  <node id='3772628152' action='delete' timestamp='2015-10-04T22:01:21Z' uid='17615' user='Petr Dlouhý' visible='true' version='1' changeset='34437751' lat='50.1089631' lon='14.4221187' />
  <node id='3772628153' action='delete' timestamp='2015-10-04T22:01:21Z' uid='17615' user='Petr Dlouhý' visible='true' version='1' changeset='34437751' lat='50.1089917' lon='14.4209292' />
  <node id='3772628154' action='delete' timestamp='2015-10-04T22:01:21Z' uid='17615' user='Petr Dlouhý' visible='true' version='1' changeset='34437751' lat='50.1089993' lon='14.4218461' />
  <node id='3772628155' action='delete' timestamp='2015-10-04T22:01:21Z' uid='17615' user='Petr Dlouhý' visible='true' version='1' changeset='34437751' lat='50.1090171' lon='14.4213861' />
  <node id='3772628156' action='delete' timestamp='2015-10-04T22:01:21Z' uid='17615' user='Petr Dlouhý' visible='true' version='1' changeset='34437751' lat='50.1090177' lon='14.4211978' />
  <node id='3813448045' timestamp='2022-04-18T22:54:46Z' uid='813628' user='YjM' visible='true' version='3' changeset='119880794' lat='50.1050368' lon='14.4219965'>
    <tag k='addr:city' v='Praha' />
    <tag k='addr:country' v='CZ' />
    <tag k='addr:place' v='Bubeneč' />
    <tag k='addr:postcode' v='17000' />
    <tag k='addr:street' v='Královská obora' />
    <tag k='addr:suburb' v='Praha 7' />
    <tag k='amenity' v='fast_food' />
    <tag k='outdoor_seating' v='yes' />
    <tag k='payment:cash' v='yes' />
    <tag k='payment:credit_cards' v='no' />
    <tag k='payment:cryptocurrencies' v='no' />
    <tag k='payment:debit_cards' v='no' />
    <tag k='payment:electronic_purses' v='no' />
    <tag k='source' v='gps' />
  </node>
  <node id='3830292595' action='delete' timestamp='2015-11-11T07:48:58Z' uid='100163' user='Hlav' visible='true' version='1' changeset='35233655' lat='50.102983' lon='14.4202607' />
  <node id='3830768347' action='delete' timestamp='2015-12-30T11:57:53Z' uid='1558400' user='Kudej' visible='true' version='2' changeset='36260332' lat='50.1046007' lon='14.4147857' />
  <node id='3830768348' action='delete' timestamp='2015-12-30T11:57:53Z' uid='1558400' user='Kudej' visible='true' version='2' changeset='36260332' lat='50.1044662' lon='14.4147333' />
  <node id='3849105385' action='delete' timestamp='2015-11-21T15:00:23Z' uid='2169558' user='JandaM' visible='true' version='1' changeset='35489054' lat='50.1046383' lon='14.4304428' />
  <node id='3849105386' action='delete' timestamp='2015-11-21T15:00:23Z' uid='2169558' user='JandaM' visible='true' version='1' changeset='35489054' lat='50.1046401' lon='14.4304481' />
  <node id='3849105389' action='delete' timestamp='2015-11-21T15:00:23Z' uid='2169558' user='JandaM' visible='true' version='1' changeset='35489054' lat='50.1046923' lon='14.4304138' />
  <node id='3849105390' action='delete' timestamp='2015-11-21T15:00:23Z' uid='2169558' user='JandaM' visible='true' version='1' changeset='35489054' lat='50.1046941' lon='14.4304201' />
  <node id='3849105392' action='delete' timestamp='2015-11-21T15:00:23Z' uid='2169558' user='JandaM' visible='true' version='1' changeset='35489054' lat='50.1047064' lon='14.4301733' />
  <node id='3849105395' action='delete' timestamp='2015-11-21T15:00:23Z' uid='2169558' user='JandaM' visible='true' version='1' changeset='35489054' lat='50.1047291' lon='14.4305408' />
  <node id='3849105396' action='delete' timestamp='2015-11-21T15:00:23Z' uid='2169558' user='JandaM' visible='true' version='1' changeset='35489054' lat='50.1047312' lon='14.4305482' />
  <node id='3849105397' action='delete' timestamp='2021-05-26T14:44:01Z' uid='100163' user='Hlav' visible='true' version='4' changeset='105365179' lat='50.1047384' lon='14.4306808' />
  <node id='3849105398' action='delete' timestamp='2015-11-21T15:00:23Z' uid='2169558' user='JandaM' visible='true' version='1' changeset='35489054' lat='50.1047388' lon='14.4302058' />
  <node id='3849105401' action='delete' timestamp='2015-11-21T15:00:24Z' uid='2169558' user='JandaM' visible='true' version='1' changeset='35489054' lat='50.1047687' lon='14.4300224' />
  <node id='3849105408' action='delete' timestamp='2015-11-21T15:00:24Z' uid='2169558' user='JandaM' visible='true' version='1' changeset='35489054' lat='50.1048848' lon='14.431238' />
  <node id='3849105432' timestamp='2015-11-21T15:00:24Z' uid='2169558' user='JandaM' visible='true' version='1' changeset='35489054' lat='50.1053322' lon='14.4276453' />
  <node id='3849105435' action='delete' timestamp='2015-11-21T15:00:24Z' uid='2169558' user='JandaM' visible='true' version='1' changeset='35489054' lat='50.1053623' lon='14.4294166' />
  <node id='3849105443' action='delete' timestamp='2015-11-21T15:00:24Z' uid='2169558' user='JandaM' visible='true' version='1' changeset='35489054' lat='50.1054232' lon='14.4296262' />
  <node id='3849105445' action='delete' timestamp='2015-11-21T15:00:24Z' uid='2169558' user='JandaM' visible='true' version='1' changeset='35489054' lat='50.1054698' lon='14.4295872' />
  <node id='3849105791' action='delete' timestamp='2015-11-21T15:00:25Z' uid='2169558' user='JandaM' visible='true' version='1' changeset='35489054' lat='50.1064169' lon='14.4276813' />
  <node id='3849105793' action='delete' timestamp='2015-11-21T15:00:25Z' uid='2169558' user='JandaM' visible='true' version='1' changeset='35489054' lat='50.1064399' lon='14.4276053' />
  <node id='3849105794' action='delete' timestamp='2015-11-21T15:00:25Z' uid='2169558' user='JandaM' visible='true' version='1' changeset='35489054' lat='50.1064455' lon='14.4277058' />
  <node id='3849105797' action='delete' timestamp='2015-11-21T15:00:25Z' uid='2169558' user='JandaM' visible='true' version='1' changeset='35489054' lat='50.1064745' lon='14.4276343' />
  <node id='3849105798' action='delete' timestamp='2015-11-21T15:00:25Z' uid='2169558' user='JandaM' visible='true' version='1' changeset='35489054' lat='50.1064887' lon='14.4277646' />
  <node id='3849105799' action='delete' timestamp='2015-11-21T15:00:25Z' uid='2169558' user='JandaM' visible='true' version='1' changeset='35489054' lat='50.1064902' lon='14.4278152' />
  <node id='3849105800' action='delete' timestamp='2015-11-21T15:00:25Z' uid='2169558' user='JandaM' visible='true' version='1' changeset='35489054' lat='50.1065023' lon='14.4278519' />
  <node id='3849105801' action='delete' timestamp='2015-11-21T15:00:25Z' uid='2169558' user='JandaM' visible='true' version='1' changeset='35489054' lat='50.1065049' lon='14.4276705' />
  <node id='3849105802' action='delete' timestamp='2015-11-21T15:00:25Z' uid='2169558' user='JandaM' visible='true' version='1' changeset='35489054' lat='50.106506' lon='14.427801' />
  <node id='3849105804' action='delete' timestamp='2015-11-21T15:00:25Z' uid='2169558' user='JandaM' visible='true' version='1' changeset='35489054' lat='50.1065323' lon='14.4277145' />
  <node id='3849105805' action='delete' timestamp='2015-11-21T15:00:25Z' uid='2169558' user='JandaM' visible='true' version='1' changeset='35489054' lat='50.1065554' lon='14.4277648' />
  <node id='3849105806' action='delete' timestamp='2015-11-21T15:00:25Z' uid='2169558' user='JandaM' visible='true' version='1' changeset='35489054' lat='50.106569' lon='14.4278053' />
  <node id='3851400188' timestamp='2015-11-22T10:36:37Z' uid='2169558' user='JandaM' visible='true' version='1' changeset='35505393' lat='50.1050908' lon='14.4220657' />
  <node id='4349048321' timestamp='2026-09-13T19:57:39Z' uid='20285707' user='Ondřej Lopatka' visible='true' version='5' changeset='188979416' lat='50.1054347' lon='14.4213332'>
    <tag k='access' v='yes' />
    <tag k='activation' v='turn_valve' />
    <tag k='amenity' v='drinking_water' />
    <tag k='bottle' v='yes' />
    <tag k='check_date' v='2025' />
    <tag k='description' v='Pítko Stromovka východ' />
    <tag k='dog' v='no' />
    <tag k='fee' v='no' />
    <tag k='fountain' v='spout' />
    <tag k='man_made' v='water_tap' />
    <tag k='manufacturer' v='REX' />
    <tag k='material' v='cast_iron' />
    <tag k='model' v='Orfeus' />
    <tag k='opening_hours' v='24/7' />
    <tag k='ref:prazskapitka' v='275' />
    <tag k='seasonal' v='summer' />
    <tag k='source' v='CZ:IPRPraha:ortofoto;survey' />
    <tag k='water_flow' v='adjustable' />
    <tag k='wheelchair' v='yes' />
  </node>
  <node id='4407938764' timestamp='2017-03-24T17:25:29Z' uid='1643116' user='fell3' visible='true' version='2' changeset='47130171' lat='50.1035353' lon='14.4256195' />
  <node id='4407938765' timestamp='2017-03-24T17:25:29Z' uid='1643116' user='fell3' visible='true' version='2' changeset='47130171' lat='50.1036229' lon='14.4256266' />
  <node id='4407938771' timestamp='2016-09-19T10:18:00Z' uid='17615' user='Petr Dlouhý' visible='true' version='1' changeset='42266539' lat='50.1038082' lon='14.4240751' />
  <node id='4407938772' timestamp='2016-09-19T10:18:00Z' uid='17615' user='Petr Dlouhý' visible='true' version='1' changeset='42266539' lat='50.1038206' lon='14.4232401' />
  <node id='4407938773' timestamp='2016-09-19T10:18:00Z' uid='17615' user='Petr Dlouhý' visible='true' version='1' changeset='42266539' lat='50.1038565' lon='14.4203189' />
  <node id='4407938775' timestamp='2016-09-19T10:18:00Z' uid='17615' user='Petr Dlouhý' visible='true' version='1' changeset='42266539' lat='50.1038968' lon='14.4225198' />
  <node id='4407938776' timestamp='2016-09-19T10:18:00Z' uid='17615' user='Petr Dlouhý' visible='true' version='1' changeset='42266539' lat='50.1039053' lon='14.4215301' />
  <node id='4407938785' action='delete' timestamp='2016-09-19T10:18:00Z' uid='17615' user='Petr Dlouhý' visible='true' version='1' changeset='42266539' lat='50.1041051' lon='14.4302668' />
  <node id='4407938786' action='delete' timestamp='2016-09-19T10:18:00Z' uid='17615' user='Petr Dlouhý' visible='true' version='1' changeset='42266539' lat='50.1041305' lon='14.419594' />
  <node id='4407938789' action='delete' timestamp='2016-09-19T10:18:00Z' uid='17615' user='Petr Dlouhý' visible='true' version='1' changeset='42266539' lat='50.1043068' lon='14.4203543' />
  <node id='4407938790' timestamp='2016-09-19T10:18:00Z' uid='17615' user='Petr Dlouhý' visible='true' version='1' changeset='42266539' lat='50.1043968' lon='14.4263493' />
  <node id='4407938791' action='delete' timestamp='2016-09-19T10:18:00Z' uid='17615' user='Petr Dlouhý' visible='true' version='1' changeset='42266539' lat='50.104446' lon='14.4303242' />
  <node id='4407938792' action='delete' timestamp='2021-05-26T14:44:01Z' uid='100163' user='Hlav' visible='true' version='3' changeset='105365179' lat='50.1044913' lon='14.4303951' />
  <node id='4407938793' timestamp='2016-09-19T10:18:01Z' uid='17615' user='Petr Dlouhý' visible='true' version='1' changeset='42266539' lat='50.1044995' lon='14.4248847' />
  <node id='4407938794' timestamp='2016-09-19T10:18:01Z' uid='17615' user='Petr Dlouhý' visible='true' version='1' changeset='42266539' lat='50.1045936' lon='14.4250795' />
  <node id='4407938796' timestamp='2016-09-19T10:18:01Z' uid='17615' user='Petr Dlouhý' visible='true' version='1' changeset='42266539' lat='50.1050017' lon='14.4289343' />
  <node id='4407938797' timestamp='2016-09-19T10:18:01Z' uid='17615' user='Petr Dlouhý' visible='true' version='1' changeset='42266539' lat='50.1051086' lon='14.4270076' />
  <node id='4407938798' timestamp='2016-09-19T10:18:01Z' uid='17615' user='Petr Dlouhý' visible='true' version='1' changeset='42266539' lat='50.1051163' lon='14.4285928' />
  <node id='4407938799' timestamp='2016-09-19T10:18:01Z' uid='17615' user='Petr Dlouhý' visible='true' version='1' changeset='42266539' lat='50.1051813' lon='14.427199' />
  <node id='4455012535' action='delete' timestamp='2023-11-04T01:28:55Z' uid='9451067' user='b-jazz-bot' visible='true' version='2' changeset='143596553' lat='50.1054507' lon='14.4289572'>
    <tag k='addr:city' v='Praha' />
    <tag k='addr:country' v='CZ' />
    <tag k='addr:place' v='Bubeneč' />
    <tag k='addr:postcode' v='17000' />
    <tag k='addr:suburb' v='Praha 7' />
    <tag k='amenity' v='fast_food' />
    <tag k='facebook' v='https://www.facebook.com/TiskarnaNaVzduchu/' />
    <tag k='name' v='Tiskárna na Vzduchu' />
    <tag k='outdoor_seating' v='yes' />
    <tag k='website' v='https://tiskarnanavzduchu.cz/' />
  </node>
  <node id='4455012536' action='delete' timestamp='2016-10-19T12:46:47Z' uid='1558400' user='Kudej' visible='true' version='1' changeset='43007825' lat='50.1050576' lon='14.428986' />
  <node id='4455012537' action='delete' timestamp='2016-10-19T12:46:47Z' uid='1558400' user='Kudej' visible='true' version='1' changeset='43007825' lat='50.1051839' lon='14.4291119' />
  <node id='4581260569' timestamp='2016-12-30T14:12:46Z' uid='1189910' user='Milancer' visible='true' version='1' changeset='44785264' lat='50.1056547' lon='14.4274863' />
  <node id='4581260570' timestamp='2016-12-30T14:12:46Z' uid='1189910' user='Milancer' visible='true' version='1' changeset='44785264' lat='50.1056377' lon='14.427415' />
  <node id='4581260571' timestamp='2016-12-30T14:12:46Z' uid='1189910' user='Milancer' visible='true' version='1' changeset='44785264' lat='50.1056065' lon='14.4273564' />
  <node id='4581260572' timestamp='2016-12-30T14:12:46Z' uid='1189910' user='Milancer' visible='true' version='1' changeset='44785264' lat='50.1055645' lon='14.4273174' />
  <node id='4581260573' timestamp='2016-12-30T14:12:46Z' uid='1189910' user='Milancer' visible='true' version='1' changeset='44785264' lat='50.1055167' lon='14.4273023' />
  <node id='4581260574' timestamp='2016-12-30T14:12:46Z' uid='1189910' user='Milancer' visible='true' version='1' changeset='44785264' lat='50.1053674' lon='14.427532' />
  <node id='4581260575' timestamp='2016-12-30T14:12:46Z' uid='1189910' user='Milancer' visible='true' version='1' changeset='44785264' lat='50.1053757' lon='14.4276037' />
  <node id='4581260576' timestamp='2016-12-30T14:12:46Z' uid='1189910' user='Milancer' visible='true' version='1' changeset='44785264' lat='50.1053853' lon='14.427642' />
  <node id='4581260577' timestamp='2016-12-30T14:12:46Z' uid='1189910' user='Milancer' visible='true' version='1' changeset='44785264' lat='50.1054202' lon='14.4277102' />
  <node id='4581260578' timestamp='2016-12-30T14:12:46Z' uid='1189910' user='Milancer' visible='true' version='1' changeset='44785264' lat='50.1054751' lon='14.4277466' />
  <node id='4581260579' timestamp='2016-12-30T14:12:46Z' uid='1189910' user='Milancer' visible='true' version='1' changeset='44785264' lat='50.1055216' lon='14.4277537' />
  <node id='4581260580' timestamp='2016-12-30T14:12:46Z' uid='1189910' user='Milancer' visible='true' version='1' changeset='44785264' lat='50.1054675' lon='14.4273121' />
  <node id='4581260581' timestamp='2016-12-30T14:12:46Z' uid='1189910' user='Milancer' visible='true' version='1' changeset='44785264' lat='50.1054284' lon='14.4273439' />
  <node id='4581260582' timestamp='2016-12-30T14:12:46Z' uid='1189910' user='Milancer' visible='true' version='1' changeset='44785264' lat='50.1053952' lon='14.427395' />
  <node id='4581260583' timestamp='2016-12-30T14:12:46Z' uid='1189910' user='Milancer' visible='true' version='1' changeset='44785264' lat='50.1053741' lon='14.42746' />
  <node id='4581260584' timestamp='2016-12-30T14:12:46Z' uid='1189910' user='Milancer' visible='true' version='1' changeset='44785264' lat='50.1055691' lon='14.4277361' />
  <node id='4581260585' timestamp='2016-12-30T14:12:46Z' uid='1189910' user='Milancer' visible='true' version='1' changeset='44785264' lat='50.1056102' lon='14.4276948' />
  <node id='4581260586' timestamp='2016-12-30T14:12:46Z' uid='1189910' user='Milancer' visible='true' version='1' changeset='44785264' lat='50.1056349' lon='14.4276495' />
  <node id='4581260587' timestamp='2016-12-30T14:12:46Z' uid='1189910' user='Milancer' visible='true' version='1' changeset='44785264' lat='50.1056555' lon='14.4275625' />
  <node id='4581260588' timestamp='2016-12-30T14:12:46Z' uid='1189910' user='Milancer' visible='true' version='1' changeset='44785264' lat='50.1054325' lon='14.4277168' />
  <node id='4581260789' timestamp='2016-12-30T14:12:46Z' uid='1189910' user='Milancer' visible='true' version='1' changeset='44785264' lat='50.105508' lon='14.4272171' />
  <node id='4581260790' timestamp='2016-12-30T14:12:46Z' uid='1189910' user='Milancer' visible='true' version='1' changeset='44785264' lat='50.1054575' lon='14.4272314' />
  <node id='4581260791' timestamp='2016-12-30T14:12:47Z' uid='1189910' user='Milancer' visible='true' version='1' changeset='44785264' lat='50.105731' lon='14.4276152' />
  <node id='4581260792' timestamp='2016-12-30T14:12:47Z' uid='1189910' user='Milancer' visible='true' version='1' changeset='44785264' lat='50.1057085' lon='14.4277037' />
  <node id='4581260793' timestamp='2016-12-30T14:12:47Z' uid='1189910' user='Milancer' visible='true' version='1' changeset='44785264' lat='50.105677' lon='14.4277' />
  <node id='4581260794' timestamp='2016-12-30T14:12:47Z' uid='1189910' user='Milancer' visible='true' version='1' changeset='44785264' lat='50.1057058' lon='14.4275854' />
  <node id='4581260795' timestamp='2016-12-30T14:12:47Z' uid='1189910' user='Milancer' visible='true' version='1' changeset='44785264' lat='50.1053422' lon='14.4276916' />
  <node id='4581260796' timestamp='2016-12-30T14:12:47Z' uid='1189910' user='Milancer' visible='true' version='1' changeset='44785264' lat='50.1053756' lon='14.4277547' />
  <node id='4598441231' action='delete' timestamp='2017-01-09T17:37:54Z' uid='1189910' user='Milancer' visible='true' version='1' changeset='45031936' lat='50.1063945' lon='14.4301817' />
  <node id='4598441232' action='delete' timestamp='2017-01-09T17:37:54Z' uid='1189910' user='Milancer' visible='true' version='1' changeset='45031936' lat='50.1067813' lon='14.43004' />
  <node id='4598441233' action='delete' timestamp='2017-01-09T17:37:54Z' uid='1189910' user='Milancer' visible='true' version='1' changeset='45031936' lat='50.1071395' lon='14.4312576' />
  <node id='4598441234' action='delete' timestamp='2017-01-09T17:37:54Z' uid='1189910' user='Milancer' visible='true' version='1' changeset='45031936' lat='50.1068668' lon='14.4314486' />
  <node id='4598441235' action='delete' timestamp='2017-01-09T17:37:54Z' uid='1189910' user='Milancer' visible='true' version='1' changeset='45031936' lat='50.1065095' lon='14.4302205' />
  <node id='4598441237' action='delete' timestamp='2017-01-09T17:37:54Z' uid='1189910' user='Milancer' visible='true' version='1' changeset='45031936' lat='50.1066848' lon='14.4294437' />
  <node id='4598441238' action='delete' timestamp='2017-01-09T17:37:54Z' uid='1189910' user='Milancer' visible='true' version='1' changeset='45031936' lat='50.1063013' lon='14.4297037' />
  <node id='4598441240' action='delete' timestamp='2017-01-09T17:37:54Z' uid='1189910' user='Milancer' visible='true' version='1' changeset='45031936' lat='50.1063786' lon='14.4302251' />
  <node id='4598441241' action='delete' timestamp='2017-01-09T17:37:54Z' uid='1189910' user='Milancer' visible='true' version='1' changeset='45031936' lat='50.1063911' lon='14.4302673' />
  <node id='4598441242' action='delete' timestamp='2017-01-09T17:37:54Z' uid='1189910' user='Milancer' visible='true' version='1' changeset='45031936' lat='50.106365' lon='14.430286' />
  <node id='4598441243' action='delete' timestamp='2017-01-09T17:37:54Z' uid='1189910' user='Milancer' visible='true' version='1' changeset='45031936' lat='50.1063526' lon='14.4302438' />
  <node id='4598441244' action='delete' timestamp='2017-01-09T17:37:54Z' uid='1189910' user='Milancer' visible='true' version='1' changeset='45031936' lat='50.1062211' lon='14.4298779' />
  <node id='4598441245' action='delete' timestamp='2017-01-09T17:37:54Z' uid='1189910' user='Milancer' visible='true' version='1' changeset='45031936' lat='50.1062948' lon='14.4298305' />
  <node id='4598441246' action='delete' timestamp='2017-01-09T17:37:54Z' uid='1189910' user='Milancer' visible='true' version='1' changeset='45031936' lat='50.1062656' lon='14.4297286' />
  <node id='4598441247' action='delete' timestamp='2017-01-09T17:37:54Z' uid='1189910' user='Milancer' visible='true' version='1' changeset='45031936' lat='50.1062494' lon='14.4297701' />
  <node id='4598441248' action='delete' timestamp='2017-01-09T17:37:54Z' uid='1189910' user='Milancer' visible='true' version='1' changeset='45031936' lat='50.1062619' lon='14.4298123' />
  <node id='4598441249' action='delete' timestamp='2017-01-09T17:37:54Z' uid='1189910' user='Milancer' visible='true' version='1' changeset='45031936' lat='50.1062359' lon='14.4298309' />
  <node id='4598441250' action='delete' timestamp='2017-01-09T17:37:54Z' uid='1189910' user='Milancer' visible='true' version='1' changeset='45031936' lat='50.1062234' lon='14.4297888' />
  <node id='4598441251' action='delete' timestamp='2017-01-09T17:37:54Z' uid='1189910' user='Milancer' visible='true' version='1' changeset='45031936' lat='50.1067462' lon='14.4295235' />
  <node id='4598441252' action='delete' timestamp='2017-01-09T17:37:54Z' uid='1189910' user='Milancer' visible='true' version='1' changeset='45031936' lat='50.1068199' lon='14.4294725' />
  <node id='4598441253' action='delete' timestamp='2017-01-09T17:37:54Z' uid='1189910' user='Milancer' visible='true' version='1' changeset='45031936' lat='50.1067905' lon='14.4293733' />
  <node id='4598441254' action='delete' timestamp='2017-01-09T17:37:54Z' uid='1189910' user='Milancer' visible='true' version='1' changeset='45031936' lat='50.106717' lon='14.4294236' />
  <node id='4598441255' action='delete' timestamp='2017-01-09T17:37:54Z' uid='1189910' user='Milancer' visible='true' version='1' changeset='45031936' lat='50.1067746' lon='14.4294181' />
  <node id='4598441256' action='delete' timestamp='2017-01-09T17:37:54Z' uid='1189910' user='Milancer' visible='true' version='1' changeset='45031936' lat='50.106787' lon='14.4294603' />
  <node id='4598441257' action='delete' timestamp='2017-01-09T17:37:54Z' uid='1189910' user='Milancer' visible='true' version='1' changeset='45031936' lat='50.106761' lon='14.4294789' />
  <node id='4598441258' action='delete' timestamp='2017-01-09T17:37:54Z' uid='1189910' user='Milancer' visible='true' version='1' changeset='45031936' lat='50.1067486' lon='14.4294368' />
  <node id='4598441259' action='delete' timestamp='2017-01-09T17:37:54Z' uid='1189910' user='Milancer' visible='true' version='1' changeset='45031936' lat='50.1068735' lon='14.4299744' />
  <node id='4598441262' action='delete' timestamp='2017-01-09T17:37:54Z' uid='1189910' user='Milancer' visible='true' version='1' changeset='45031936' lat='50.1068455' lon='14.4298727' />
  <node id='4598441267' action='delete' timestamp='2017-01-09T17:37:54Z' uid='1189910' user='Milancer' visible='true' version='1' changeset='45031936' lat='50.1067886' lon='14.429495' />
  <node id='4598441268' action='delete' timestamp='2017-01-09T17:37:54Z' uid='1189910' user='Milancer' visible='true' version='1' changeset='45031936' lat='50.1068903' lon='14.4298419' />
  <node id='4598441269' action='delete' timestamp='2017-01-09T17:37:54Z' uid='1189910' user='Milancer' visible='true' version='1' changeset='45031936' lat='50.1063557' lon='14.4302083' />
  <node id='4598441270' action='delete' timestamp='2017-01-09T17:37:54Z' uid='1189910' user='Milancer' visible='true' version='1' changeset='45031936' lat='50.1062564' lon='14.4298547' />
  <node id='4598441271' action='delete' timestamp='2019-01-10T13:11:21Z' uid='100163' user='Hlav' visible='true' version='3' changeset='66195202' lat='50.1063105' lon='14.4299855' />
  <node id='4598441272' action='delete' timestamp='2019-01-10T13:11:21Z' uid='100163' user='Hlav' visible='true' version='3' changeset='66195202' lat='50.1063364' lon='14.43008' />
  <node id='4598441273' action='delete' timestamp='2019-01-10T13:11:21Z' uid='100163' user='Hlav' visible='true' version='3' changeset='66195202' lat='50.1063987' lon='14.4300381' />
  <node id='4598441274' action='delete' timestamp='2019-01-10T13:11:21Z' uid='100163' user='Hlav' visible='true' version='3' changeset='66195202' lat='50.1063728' lon='14.4299437' />
  <node id='4598441275' action='delete' timestamp='2019-01-10T13:11:21Z' uid='100163' user='Hlav' visible='true' version='4' changeset='66195202' lat='50.1063535' lon='14.4300115'>
    <tag k='height' v='44' />
    <tag k='man_made' v='flagpole' />
  </node>
  <node id='4598441276' action='delete' timestamp='2017-01-09T17:37:55Z' uid='1189910' user='Milancer' visible='true' version='1' changeset='45031936' lat='50.1062091' lon='14.4294504' />
  <node id='4598441277' action='delete' timestamp='2017-01-09T17:37:55Z' uid='1189910' user='Milancer' visible='true' version='1' changeset='45031936' lat='50.10606' lon='14.4295578' />
  <node id='4598441278' action='delete' timestamp='2017-01-09T17:37:55Z' uid='1189910' user='Milancer' visible='true' version='1' changeset='45031936' lat='50.106382' lon='14.4306704' />
  <node id='4598441279' action='delete' timestamp='2017-01-09T17:37:55Z' uid='1189910' user='Milancer' visible='true' version='1' changeset='45031936' lat='50.1061929' lon='14.429779' />
  <node id='4680424415' action='delete' timestamp='2024-11-27T10:04:27Z' uid='718054' user='Piskvor' visible='true' version='5' changeset='159651624' lat='50.1041612' lon='14.4312617'>
    <tag k='railway' v='switch' />
    <tag k='railway:switch' v='default' />
    <tag k='source' v='Bing;cuzk' />
  </node>
  <node id='4680424622' action='delete' timestamp='2024-09-25T16:21:09Z' uid='8971394' user='vojtechzaboril' visible='true' version='3' changeset='157091549' lat='50.1041854' lon='14.430111' />
  <node id='4680424623' timestamp='2021-03-30T18:11:33Z' uid='11276832' user='HaPe-CZ' visible='true' version='3' changeset='102002843' lat='50.1042445' lon='14.4296924' />
  <node id='4680424624' timestamp='2024-09-25T16:21:09Z' uid='8971394' user='vojtechzaboril' visible='true' version='2' changeset='157091549' lat='50.1041738' lon='14.4299548' />
  <node id='4680424625' timestamp='2021-03-30T18:11:33Z' uid='11276832' user='HaPe-CZ' visible='true' version='2' changeset='102002843' lat='50.1042458' lon='14.4295275' />
  <node id='4680528421' action='delete' timestamp='2025-05-15T16:37:51Z' uid='10317199' user='adam 12' visible='true' version='5' changeset='166314028' lat='50.1041365' lon='14.4306046'>
    <tag k='railway' v='tram_crossing' />
  </node>
  <node id='4690489339' action='delete' timestamp='2017-02-17T13:18:01Z' uid='1340439' user='xtompok' visible='true' version='1' changeset='46164472' lat='50.1043601' lon='14.430296' />
  <node id='4690489341' action='delete' timestamp='2017-02-17T13:18:01Z' uid='1340439' user='xtompok' visible='true' version='1' changeset='46164472' lat='50.1041456' lon='14.4310741' />
  <node id='4753294261' action='delete' timestamp='2017-03-31T10:45:00Z' uid='100163' user='Hlav' visible='true' version='2' changeset='47321149' lat='50.1051826' lon='14.4145344' />
  <node id='4753294284' timestamp='2023-09-21T08:59:16Z' uid='19222241' user='ThHes' visible='true' version='2' changeset='141546092' lat='50.1052945' lon='14.4231967'>
    <tag k='amenity' v='bench' />
    <tag k='backrest' v='yes' />
  </node>
  <node id='4753294285' timestamp='2023-09-21T08:59:12Z' uid='19222241' user='ThHes' visible='true' version='2' changeset='141546092' lat='50.1052927' lon='14.4232288'>
    <tag k='amenity' v='bench' />
    <tag k='backrest' v='yes' />
  </node>
  <node id='4753294286' timestamp='2023-09-21T08:59:20Z' uid='19222241' user='ThHes' visible='true' version='2' changeset='141546092' lat='50.1053005' lon='14.4233737'>
    <tag k='amenity' v='bench' />
    <tag k='backrest' v='yes' />
  </node>
  <node id='4753294287' timestamp='2023-09-21T08:59:18Z' uid='19222241' user='ThHes' visible='true' version='2' changeset='141546092' lat='50.1053005' lon='14.4233308'>
    <tag k='amenity' v='bench' />
    <tag k='backrest' v='yes' />
  </node>
  <node id='4753294289' timestamp='2019-10-23T14:55:41Z' uid='1558400' user='Kudej' visible='true' version='2' changeset='76110720' lat='50.105251' lon='14.4227946' />
  <node id='4753294290' timestamp='2019-10-23T14:55:41Z' uid='1558400' user='Kudej' visible='true' version='2' changeset='76110720' lat='50.1052026' lon='14.4235955' />
  <node id='4753294291' timestamp='2019-10-23T14:55:41Z' uid='1558400' user='Kudej' visible='true' version='2' changeset='76110720' lat='50.1052837' lon='14.4234318' />
  <node id='4753294292' timestamp='2019-10-23T14:55:41Z' uid='1558400' user='Kudej' visible='true' version='2' changeset='76110720' lat='50.1053052' lon='14.4233856' />
  <node id='4753294293' timestamp='2017-03-24T17:25:24Z' uid='1643116' user='fell3' visible='true' version='1' changeset='47130171' lat='50.1053108' lon='14.4233214' />
  <node id='4753294294' timestamp='2019-10-23T14:55:41Z' uid='1558400' user='Kudej' visible='true' version='2' changeset='76110720' lat='50.1052972' lon='14.4232561' />
  <node id='4753294295' timestamp='2019-10-23T14:55:41Z' uid='1558400' user='Kudej' visible='true' version='2' changeset='76110720' lat='50.1052996' lon='14.4231948' />
  <node id='4753294296' timestamp='2019-10-23T14:55:41Z' uid='1558400' user='Kudej' visible='true' version='2' changeset='76110720' lat='50.1053207' lon='14.42313' />
  <node id='4753294297' timestamp='2019-10-23T14:55:41Z' uid='1558400' user='Kudej' visible='true' version='2' changeset='76110720' lat='50.1053549' lon='14.4230376' />
  <node id='4753294309' action='delete' timestamp='2023-08-04T09:22:08Z' uid='4242854' user='Erlen Dur' visible='true' version='2' changeset='139431770' lat='50.1052713' lon='14.4290698' />
  <node id='4753294310' action='delete' timestamp='2023-08-04T09:22:08Z' uid='4242854' user='Erlen Dur' visible='true' version='2' changeset='139431770' lat='50.1053475' lon='14.4291448' />
  <node id='4753294311' action='delete' timestamp='2023-08-04T09:22:08Z' uid='4242854' user='Erlen Dur' visible='true' version='2' changeset='139431770' lat='50.1053939' lon='14.4290302' />
  <node id='4753294312' action='delete' timestamp='2023-08-04T09:22:08Z' uid='4242854' user='Erlen Dur' visible='true' version='2' changeset='139431770' lat='50.1053177' lon='14.4289551' />
  <node id='4753295468' action='delete' timestamp='2017-03-24T17:25:26Z' uid='1643116' user='fell3' visible='true' version='1' changeset='47130171' lat='50.1066472' lon='14.4220478' />
  <node id='4753383895' action='delete' timestamp='2017-03-24T18:27:14Z' uid='1643116' user='fell3' visible='true' version='1' changeset='47131448' lat='50.1059262' lon='14.4306351'>
    <tag k='highway' v='street_lamp' />
  </node>
  <node id='4753383896' action='delete' timestamp='2017-03-24T18:27:14Z' uid='1643116' user='fell3' visible='true' version='1' changeset='47131448' lat='50.1061748' lon='14.4305654'>
    <tag k='highway' v='street_lamp' />
  </node>
  <node id='4753383897' action='delete' timestamp='2017-03-24T18:27:14Z' uid='1643116' user='fell3' visible='true' version='1' changeset='47131448' lat='50.1057551' lon='14.4300611'>
    <tag k='highway' v='street_lamp' />
  </node>
  <node id='4753383898' action='delete' timestamp='2017-03-24T18:27:14Z' uid='1643116' user='fell3' visible='true' version='1' changeset='47131448' lat='50.1059581' lon='14.4298264'>
    <tag k='highway' v='street_lamp' />
  </node>
  <node id='4753383899' timestamp='2017-03-24T18:27:14Z' uid='1643116' user='fell3' visible='true' version='1' changeset='47131448' lat='50.1055297' lon='14.4269833' />
  <node id='4766847754' action='delete' timestamp='2017-03-31T10:44:59Z' uid='100163' user='Hlav' visible='true' version='1' changeset='47321149' lat='50.1046718' lon='14.4247592' />
  <node id='4766847755' action='delete' timestamp='2017-03-31T10:44:59Z' uid='100163' user='Hlav' visible='true' version='1' changeset='47321149' lat='50.1051881' lon='14.4119278' />
  <node id='4766847756' action='delete' timestamp='2017-03-31T10:44:59Z' uid='100163' user='Hlav' visible='true' version='1' changeset='47321149' lat='50.1058518' lon='14.4254885' />
  <node id='4766847757' action='delete' timestamp='2017-03-31T10:44:59Z' uid='100163' user='Hlav' visible='true' version='1' changeset='47321149' lat='50.1061632' lon='14.4263213' />
  <node id='4766847759' action='delete' timestamp='2017-03-31T10:44:59Z' uid='100163' user='Hlav' visible='true' version='1' changeset='47321149' lat='50.1054362' lon='14.4116124' />
  <node id='4766847760' timestamp='2017-03-31T10:44:59Z' uid='100163' user='Hlav' visible='true' version='1' changeset='47321149' lat='50.1059189' lon='14.4276021' />
  <node id='4766847761' timestamp='2017-03-31T10:44:59Z' uid='100163' user='Hlav' visible='true' version='1' changeset='47321149' lat='50.1059585' lon='14.4274814' />
  <node id='4766847762' timestamp='2017-03-31T10:44:59Z' uid='100163' user='Hlav' visible='true' version='1' changeset='47321149' lat='50.1057507' lon='14.427683' />
  <node id='4766847763' action='delete' timestamp='2017-03-31T10:44:59Z' uid='100163' user='Hlav' visible='true' version='1' changeset='47321149' lat='50.1052258' lon='14.4244642' />
  <node id='4766847764' action='delete' timestamp='2017-03-31T10:44:59Z' uid='100163' user='Hlav' visible='true' version='1' changeset='47321149' lat='50.1049168' lon='14.4240337' />
  <node id='4766847765' action='delete' timestamp='2017-03-31T10:44:59Z' uid='100163' user='Hlav' visible='true' version='1' changeset='47321149' lat='50.1055733' lon='14.4121368' />
  <node id='4766847767' timestamp='2023-09-21T09:16:15Z' uid='19222241' user='ThHes' visible='true' version='2' changeset='141546092' lat='50.1058312' lon='14.4274223'>
    <tag k='amenity' v='bench' />
    <tag k='backrest' v='yes' />
  </node>
  <node id='4766847768' timestamp='2017-03-31T10:44:59Z' uid='100163' user='Hlav' visible='true' version='1' changeset='47321149' lat='50.1059739' lon='14.4273473' />
  <node id='4766847769' action='delete' timestamp='2017-03-31T10:44:59Z' uid='100163' user='Hlav' visible='true' version='1' changeset='47321149' lat='50.1056454' lon='14.4249145' />
  <node id='4766847770' timestamp='2017-03-31T10:44:59Z' uid='100163' user='Hlav' visible='true' version='1' changeset='47321149' lat='50.1058587' lon='14.4271595' />
  <node id='4766847771' action='delete' timestamp='2017-03-31T10:44:59Z' uid='100163' user='Hlav' visible='true' version='1' changeset='47321149' lat='50.1066191' lon='14.4265721' />
  <node id='4766847772' action='delete' timestamp='2017-03-31T10:44:59Z' uid='100163' user='Hlav' visible='true' version='1' changeset='47321149' lat='50.1042058' lon='14.4229796' />
  <node id='4766847773' action='delete' timestamp='2017-03-31T10:44:59Z' uid='100163' user='Hlav' visible='true' version='1' changeset='47321149' lat='50.1051878' lon='14.4256548' />
  <node id='4766847774' action='delete' timestamp='2017-03-31T10:44:59Z' uid='100163' user='Hlav' visible='true' version='1' changeset='47321149' lat='50.1036885' lon='14.4228245' />
  <node id='4766847775' action='delete' timestamp='2017-03-31T10:44:59Z' uid='100163' user='Hlav' visible='true' version='1' changeset='47321149' lat='50.1048757' lon='14.4251597' />
  <node id='4766847776' action='delete' timestamp='2017-03-31T10:44:59Z' uid='100163' user='Hlav' visible='true' version='1' changeset='47321149' lat='50.1066883' lon='14.4262613' />
  <node id='4766847777' action='delete' timestamp='2017-03-31T10:44:59Z' uid='100163' user='Hlav' visible='true' version='1' changeset='47321149' lat='50.105735' lon='14.4117087' />
  <node id='4766847778' action='delete' timestamp='2017-03-31T10:44:59Z' uid='100163' user='Hlav' visible='true' version='1' changeset='47321149' lat='50.1045629' lon='14.4237856' />
  <node id='4766847779' action='delete' timestamp='2017-03-31T10:44:59Z' uid='100163' user='Hlav' visible='true' version='1' changeset='47321149' lat='50.105403' lon='14.4252372' />
  <node id='4766847780' timestamp='2017-03-31T10:44:59Z' uid='100163' user='Hlav' visible='true' version='1' changeset='47321149' lat='50.1057935' lon='14.4278552' />
  <node id='4766847781' action='delete' timestamp='2017-03-31T10:44:59Z' uid='100163' user='Hlav' visible='true' version='1' changeset='47321149' lat='50.1051454' lon='14.4250449' />
  <node id='4766847782' action='delete' timestamp='2017-03-31T10:44:59Z' uid='100163' user='Hlav' visible='true' version='1' changeset='47321149' lat='50.1053804' lon='14.412748' />
  <node id='4766847783' action='delete' timestamp='2017-03-31T10:44:59Z' uid='100163' user='Hlav' visible='true' version='1' changeset='47321149' lat='50.1056679' lon='14.4258412' />
  <node id='4766847784' action='delete' timestamp='2017-03-31T10:44:59Z' uid='100163' user='Hlav' visible='true' version='1' changeset='47321149' lat='50.1043211' lon='14.4232899' />
  <node id='4766847786' timestamp='2017-03-31T10:44:59Z' uid='100163' user='Hlav' visible='true' version='1' changeset='47321149' lat='50.1057848' lon='14.4277461' />
  <node id='4766847787' timestamp='2017-03-31T10:44:59Z' uid='100163' user='Hlav' visible='true' version='1' changeset='47321149' lat='50.105771' lon='14.4270871' />
  <node id='4766847788' action='delete' timestamp='2017-03-31T10:44:59Z' uid='100163' user='Hlav' visible='true' version='1' changeset='47321149' lat='50.1051618' lon='14.4124248' />
  <node id='4766847789' timestamp='2017-03-31T10:44:59Z' uid='100163' user='Hlav' visible='true' version='1' changeset='47321149' lat='50.1057202' lon='14.4276579' />
  <node id='4766847790' timestamp='2017-03-31T10:44:59Z' uid='100163' user='Hlav' visible='true' version='1' changeset='47321149' lat='50.1059137' lon='14.4272293' />
  <node id='4766847791' timestamp='2017-03-31T10:44:59Z' uid='100163' user='Hlav' visible='true' version='1' changeset='47321149' lat='50.1058776' lon='14.4276987' />
  <node id='4766847795' action='delete' timestamp='2017-03-31T10:44:59Z' uid='100163' user='Hlav' visible='true' version='1' changeset='47321149' lat='50.1052746' lon='14.424756' />
  <node id='4766847796' action='delete' timestamp='2017-03-31T10:44:59Z' uid='100163' user='Hlav' visible='true' version='1' changeset='47321149' lat='50.1046208' lon='14.4243269' />
  <node id='4766852221' action='delete' timestamp='2017-03-31T10:45:42Z' uid='100163' user='Hlav' visible='true' version='1' changeset='47321149' lat='50.1056793' lon='14.4281529' />
  <node id='4766852222' action='delete' timestamp='2017-03-31T10:45:42Z' uid='100163' user='Hlav' visible='true' version='1' changeset='47321149' lat='50.1057009' lon='14.4280225' />
  <node id='4780797136' action='delete' timestamp='2017-04-07T09:31:56Z' uid='100163' user='Hlav' visible='true' version='1' changeset='47533355' lat='50.1052675' lon='14.4304113' />
  <node id='4780797137' action='delete' timestamp='2018-02-10T13:41:26Z' uid='969558' user='Matej Lieskovský' visible='true' version='2' changeset='56240989' lat='50.1065668' lon='14.431773' />
  <node id='4780797138' action='delete' timestamp='2018-02-10T13:41:26Z' uid='969558' user='Matej Lieskovský' visible='true' version='2' changeset='56240989' lat='50.1065857' lon='14.4317435' />
  <node id='4780797139' action='delete' timestamp='2018-02-10T13:41:26Z' uid='969558' user='Matej Lieskovský' visible='true' version='2' changeset='56240989' lat='50.1065778' lon='14.4316235' />
  <node id='4780797140' action='delete' timestamp='2022-03-28T15:38:33Z' uid='100163' user='Hlav' visible='true' version='2' changeset='119027721' lat='50.1058357' lon='14.4296587' />
  <node id='4780797142' action='delete' timestamp='2022-03-28T15:38:33Z' uid='100163' user='Hlav' visible='true' version='2' changeset='119027721' lat='50.1056647' lon='14.4291067' />
  <node id='4780797143' action='delete' timestamp='2022-03-28T15:38:33Z' uid='100163' user='Hlav' visible='true' version='2' changeset='119027721' lat='50.105832' lon='14.4297264' />
  <node id='4780797144' action='delete' timestamp='2022-03-28T15:38:33Z' uid='100163' user='Hlav' visible='true' version='2' changeset='119027721' lat='50.1056916' lon='14.4291429' />
  <node id='4780797145' action='delete' timestamp='2022-03-28T15:38:33Z' uid='100163' user='Hlav' visible='true' version='2' changeset='119027721' lat='50.1058143' lon='14.4290155' />
  <node id='4780797146' action='delete' timestamp='2022-03-28T15:38:33Z' uid='100163' user='Hlav' visible='true' version='2' changeset='119027721' lat='50.1056796' lon='14.4290512' />
  <node id='4780797147' action='delete' timestamp='2018-02-10T13:41:26Z' uid='969558' user='Matej Lieskovský' visible='true' version='2' changeset='56240989' lat='50.1064722' lon='14.4318066' />
  <node id='4780797148' action='delete' timestamp='2018-02-10T13:41:26Z' uid='969558' user='Matej Lieskovský' visible='true' version='2' changeset='56240989' lat='50.106138' lon='14.4307827' />
  <node id='4780797149' action='delete' timestamp='2017-04-07T09:31:56Z' uid='100163' user='Hlav' visible='true' version='1' changeset='47533355' lat='50.1058748' lon='14.4306822' />
  <node id='4780797150' action='delete' timestamp='2022-03-28T15:38:33Z' uid='100163' user='Hlav' visible='true' version='2' changeset='119027721' lat='50.1057249' lon='14.4290101' />
  <node id='4780797151' action='delete' timestamp='2022-03-28T15:38:33Z' uid='100163' user='Hlav' visible='true' version='2' changeset='119027721' lat='50.1057674' lon='14.4289868' />
  <node id='4780797152' action='delete' timestamp='2017-04-07T09:31:56Z' uid='100163' user='Hlav' visible='true' version='1' changeset='47533355' lat='50.1048735' lon='14.4306795' />
  <node id='4780797153' action='delete' timestamp='2022-03-28T15:38:33Z' uid='100163' user='Hlav' visible='true' version='2' changeset='119027721' lat='50.1059451' lon='14.4294963' />
  <node id='4780797155' action='delete' timestamp='2017-04-07T09:31:57Z' uid='100163' user='Hlav' visible='true' version='1' changeset='47533355' lat='50.1051798' lon='14.4304783' />
  <node id='4780797156' action='delete' timestamp='2017-04-07T09:31:57Z' uid='100163' user='Hlav' visible='true' version='1' changeset='47533355' lat='50.1057234' lon='14.4300975' />
  <node id='4780797157' action='delete' timestamp='2018-02-10T13:41:26Z' uid='969558' user='Matej Lieskovský' visible='true' version='2' changeset='56240989' lat='50.1065899' lon='14.431682' />
  <node id='4780797158' action='delete' timestamp='2022-03-28T15:38:33Z' uid='100163' user='Hlav' visible='true' version='2' changeset='119027721' lat='50.1060005' lon='14.4296061' />
  <node id='4780797159' action='delete' timestamp='2018-02-10T13:41:26Z' uid='969558' user='Matej Lieskovský' visible='true' version='2' changeset='56240989' lat='50.1063015' lon='14.4306586' />
  <node id='4780797160' action='delete' timestamp='2018-02-10T13:41:26Z' uid='969558' user='Matej Lieskovský' visible='true' version='2' changeset='56240989' lat='50.1064193' lon='14.4317623' />
  <node id='4780797161' action='delete' timestamp='2017-04-07T09:31:57Z' uid='100163' user='Hlav' visible='true' version='1' changeset='47533355' lat='50.1054946' lon='14.4309585' />
  <node id='4780797162' action='delete' timestamp='2022-03-28T15:38:33Z' uid='100163' user='Hlav' visible='true' version='2' changeset='119027721' lat='50.1058233' lon='14.429068' />
  <node id='4780797163' action='delete' timestamp='2018-02-10T13:41:26Z' uid='969558' user='Matej Lieskovský' visible='true' version='2' changeset='56240989' lat='50.1065238' lon='14.4318105' />
  <node id='4780801628' action='delete' timestamp='2017-04-07T09:45:17Z' uid='100163' user='Hlav' visible='true' version='3' changeset='47533355' lat='50.10557' lon='14.4302466'>
    <tag k='height' v='12' />
    <tag k='man_made' v='flagpole' />
  </node>
  <node id='4780801629' action='delete' timestamp='2017-04-07T09:45:17Z' uid='100163' user='Hlav' visible='true' version='2' changeset='47533355' lat='50.1055905' lon='14.4302318'>
    <tag k='height' v='12' />
    <tag k='man_made' v='flagpole' />
  </node>
  <node id='4780801630' action='delete' timestamp='2017-04-07T09:45:17Z' uid='100163' user='Hlav' visible='true' version='2' changeset='47533355' lat='50.10553' lon='14.4302751'>
    <tag k='height' v='12' />
    <tag k='man_made' v='flagpole' />
  </node>
  <node id='4780801631' action='delete' timestamp='2017-04-07T09:45:17Z' uid='100163' user='Hlav' visible='true' version='2' changeset='47533355' lat='50.1056282' lon='14.4302073'>
    <tag k='height' v='12' />
    <tag k='man_made' v='flagpole' />
  </node>
  <node id='4780801632' action='delete' timestamp='2017-04-07T09:45:17Z' uid='100163' user='Hlav' visible='true' version='2' changeset='47533355' lat='50.1056468' lon='14.4301941'>
    <tag k='height' v='12' />
    <tag k='man_made' v='flagpole' />
  </node>
  <node id='4780801633' action='delete' timestamp='2017-04-07T09:45:17Z' uid='100163' user='Hlav' visible='true' version='3' changeset='47533355' lat='50.1056101' lon='14.4302191'>
    <tag k='height' v='12' />
    <tag k='man_made' v='flagpole' />
  </node>
  <node id='4780801634' action='delete' timestamp='2017-04-07T09:45:17Z' uid='100163' user='Hlav' visible='true' version='2' changeset='47533355' lat='50.1055497' lon='14.430261'>
    <tag k='height' v='12' />
    <tag k='man_made' v='flagpole' />
  </node>
  <node id='4780816770' action='delete' timestamp='2021-05-26T14:44:01Z' uid='100163' user='Hlav' visible='true' version='4' changeset='105365179' lat='50.1057269' lon='14.4306906'>
    <tag k='height' v='12' />
    <tag k='man_made' v='flagpole' />
  </node>
  <node id='4780816771' action='delete' timestamp='2021-05-26T14:44:01Z' uid='100163' user='Hlav' visible='true' version='3' changeset='105365179' lat='50.1057604' lon='14.4306667'>
    <tag k='height' v='12' />
    <tag k='man_made' v='flagpole' />
  </node>
  <node id='4780816772' action='delete' timestamp='2021-05-26T14:44:01Z' uid='100163' user='Hlav' visible='true' version='4' changeset='105365179' lat='50.1056488' lon='14.4307448'>
    <tag k='height' v='12' />
    <tag k='man_made' v='flagpole' />
  </node>
  <node id='4780816773' action='delete' timestamp='2021-05-26T14:44:01Z' uid='100163' user='Hlav' visible='true' version='4' changeset='105365179' lat='50.1056691' lon='14.4307308'>
    <tag k='height' v='12' />
    <tag k='man_made' v='flagpole' />
  </node>
  <node id='4780816775' action='delete' timestamp='2021-05-26T14:44:01Z' uid='100163' user='Hlav' visible='true' version='3' changeset='105365179' lat='50.1057445' lon='14.4306785'>
    <tag k='height' v='12' />
    <tag k='man_made' v='flagpole' />
  </node>
  <node id='4780816776' action='delete' timestamp='2021-05-26T14:44:01Z' uid='100163' user='Hlav' visible='true' version='4' changeset='105365179' lat='50.1057082' lon='14.4307043'>
    <tag k='height' v='12' />
    <tag k='man_made' v='flagpole' />
  </node>
  <node id='4780816778' action='delete' timestamp='2021-05-26T14:44:01Z' uid='100163' user='Hlav' visible='true' version='3' changeset='105365179' lat='50.1056891' lon='14.430717'>
    <tag k='height' v='12' />
    <tag k='man_made' v='flagpole' />
  </node>
  <node id='4791475803' timestamp='2021-06-21T09:21:22Z' uid='100163' user='Hlav' visible='true' version='4' changeset='106704321' lat='50.1052546' lon='14.4277068'>
    <tag k='colour' v='sand' />
    <tag k='height' v='10' />
    <tag k='man_made' v='flagpole' />
  </node>
  <node id='4800668091' action='delete' timestamp='2017-04-20T10:43:21Z' uid='100163' user='Hlav' visible='true' version='2' changeset='47967396' lat='50.1065494' lon='14.4271533'>
    <tag k='height' v='10' />
    <tag k='man_made' v='flagpole' />
  </node>
  <node id='4800668092' action='delete' timestamp='2017-04-20T10:43:21Z' uid='100163' user='Hlav' visible='true' version='2' changeset='47967396' lat='50.1065857' lon='14.4271278'>
    <tag k='height' v='10' />
    <tag k='man_made' v='flagpole' />
  </node>
  <node id='4800668093' action='delete' timestamp='2017-04-20T10:43:21Z' uid='100163' user='Hlav' visible='true' version='2' changeset='47967396' lat='50.1065721' lon='14.427067'>
    <tag k='height' v='10' />
    <tag k='man_made' v='flagpole' />
  </node>
  <node id='4800668095' action='delete' timestamp='2017-04-20T10:43:21Z' uid='100163' user='Hlav' visible='true' version='2' changeset='47967396' lat='50.1066106' lon='14.4271452'>
    <tag k='height' v='10' />
    <tag k='man_made' v='flagpole' />
  </node>
  <node id='4800668098' action='delete' timestamp='2017-04-20T10:43:21Z' uid='100163' user='Hlav' visible='true' version='2' changeset='47967396' lat='50.1065978' lon='14.4270849'>
    <tag k='height' v='10' />
    <tag k='man_made' v='flagpole' />
  </node>
  <node id='4800668099' action='delete' timestamp='2017-04-20T10:43:21Z' uid='100163' user='Hlav' visible='true' version='2' changeset='47967396' lat='50.106624' lon='14.4271009'>
    <tag k='height' v='10' />
    <tag k='man_made' v='flagpole' />
  </node>
  <node id='4800668101' action='delete' timestamp='2017-04-20T10:43:21Z' uid='100163' user='Hlav' visible='true' version='2' changeset='47967396' lat='50.1065386' lon='14.4271922'>
    <tag k='height' v='10' />
    <tag k='man_made' v='flagpole' />
  </node>
  <node id='4800668102' action='delete' timestamp='2017-04-20T10:43:21Z' uid='100163' user='Hlav' visible='true' version='2' changeset='47967396' lat='50.1066512' lon='14.4271208'>
    <tag k='height' v='10' />
    <tag k='man_made' v='flagpole' />
  </node>
  <node id='4800668103' action='delete' timestamp='2017-04-20T10:43:21Z' uid='100163' user='Hlav' visible='true' version='2' changeset='47967396' lat='50.1065754' lon='14.427168'>
    <tag k='height' v='10' />
    <tag k='man_made' v='flagpole' />
  </node>
  <node id='4800668104' action='delete' timestamp='2017-04-20T10:43:21Z' uid='100163' user='Hlav' visible='true' version='2' changeset='47967396' lat='50.106561' lon='14.4271113'>
    <tag k='height' v='10' />
    <tag k='man_made' v='flagpole' />
  </node>
  <node id='4801202342' action='delete' timestamp='2017-04-18T11:19:04Z' uid='100163' user='Hlav' visible='true' version='1' changeset='47902510' lat='50.1066857' lon='14.4274582' />
  <node id='4801202343' action='delete' timestamp='2018-06-14T13:55:34Z' uid='2169558' user='JandaM' visible='true' version='2' changeset='59846121' lat='50.106619' lon='14.4276062' />
  <node id='4801202344' action='delete' timestamp='2018-06-14T13:55:34Z' uid='2169558' user='JandaM' visible='true' version='2' changeset='59846121' lat='50.1066307' lon='14.4274297' />
  <node id='4801202345' action='delete' timestamp='2018-06-14T13:55:34Z' uid='2169558' user='JandaM' visible='true' version='2' changeset='59846121' lat='50.1066488' lon='14.4276111' />
  <node id='4801202346' action='delete' timestamp='2017-04-18T11:19:04Z' uid='100163' user='Hlav' visible='true' version='1' changeset='47902510' lat='50.106594' lon='14.427584' />
  <node id='4801202347' action='delete' timestamp='2018-06-14T13:55:34Z' uid='2169558' user='JandaM' visible='true' version='2' changeset='59846121' lat='50.1066774' lon='14.427593' />
  <node id='4801202348' action='delete' timestamp='2018-06-14T13:55:34Z' uid='2169558' user='JandaM' visible='true' version='2' changeset='59846121' lat='50.1066611' lon='14.4274354' />
  <node id='4801202349' action='delete' timestamp='2018-06-14T13:55:34Z' uid='2169558' user='JandaM' visible='true' version='2' changeset='59846121' lat='50.1066025' lon='14.4274489' />
  <node id='4801202350' action='delete' timestamp='2018-06-14T13:55:34Z' uid='2169558' user='JandaM' visible='true' version='2' changeset='59846121' lat='50.106695' lon='14.4275533' />
  <node id='4801202351' action='delete' timestamp='2017-04-18T11:19:04Z' uid='100163' user='Hlav' visible='true' version='1' changeset='47902510' lat='50.1065807' lon='14.4275369' />
  <node id='4801202352' action='delete' timestamp='2017-04-18T11:19:05Z' uid='100163' user='Hlav' visible='true' version='1' changeset='47902510' lat='50.1066992' lon='14.427505' />
  <node id='4801202353' action='delete' timestamp='2018-06-14T13:55:34Z' uid='2169558' user='JandaM' visible='true' version='2' changeset='59846121' lat='50.1065845' lon='14.4274874' />
  <node id='4801212582' action='delete' timestamp='2017-04-18T11:20:08Z' uid='100163' user='Hlav' visible='true' version='1' changeset='47902510' lat='50.1067706' lon='14.4274288'>
    <tag k='entrance' v='yes' />
  </node>
  <node id='4801230503' action='delete' timestamp='2021-03-04T15:52:59Z' uid='6588887' user='Martin2035' visible='true' version='2' changeset='100433029' lat='50.1071392' lon='14.4271382' />
  <node id='4805575692' action='delete' timestamp='2025-08-02T12:49:19Z' uid='23087649' user='RafiMohl' visible='true' version='4' changeset='169861641' lat='50.1068295' lon='14.426168'>
    <tag k='barrier' v='gate' />
    <tag k='maxwidth:physical' v='3.8' />
    <tag k='source:maxwidth:physical' v='ARCore' />
  </node>
  <node id='4813352827' action='delete' timestamp='2017-04-24T11:25:37Z' uid='100163' user='Hlav' visible='true' version='1' changeset='48087817' lat='50.1058894' lon='14.4279034' />
  <node id='4813352828' timestamp='2017-07-14T09:41:14Z' uid='5748' user='pschonmann' visible='true' version='2' changeset='50278318' lat='50.1058833' lon='14.4278087'>
    <tag k='natural' v='tree' />
    <tag k='note' v='position approximate' />
    <tag k='species:cs' v='sekvojovec obrovský' />
    <tag k='start_date' v='2017-04-21' />
  </node>
  <node id='4945946306' action='delete' timestamp='2017-07-01T17:17:20Z' uid='1942179' user='CzechAddress' visible='true' version='1' changeset='49969338' lat='50.1066839' lon='14.4277011'>
    <tag k='addr:conscriptionnumber' v='417' />
    <tag k='addr:housenumber' v='417' />
    <tag k='addr:place' v='Bubeneč' />
    <tag k='addr:postcode' v='17000' />
    <tag k='addr:street' v='Výstaviště' />
    <tag k='ref:ruian:addr' v='22295038' />
  </node>
  <node id='4945959080' action='delete' timestamp='2017-07-01T17:23:20Z' uid='1942179' user='CzechAddress' visible='true' version='1' changeset='49969338' lat='50.1053524' lon='14.4297562'>
    <tag k='addr:housenumber' v='ev.188' />
    <tag k='addr:place' v='Bubeneč' />
    <tag k='addr:postcode' v='17000' />
    <tag k='addr:provisionalnumber' v='188' />
    <tag k='addr:street' v='Výstaviště' />
    <tag k='ref:ruian:addr' v='22296328' />
  </node>
  <node id='5240845742' action='delete' timestamp='2025-09-08T11:06:03Z' uid='21772938' user='316filip' visible='true' version='4' changeset='171628550' lat='50.1051578' lon='14.4290359'>
    <tag k='access' v='customers' />
    <tag k='amenity' v='bicycle_parking' />
    <tag k='bicycle_parking' v='stands' />
    <tag k='capacity' v='5' />
    <tag k='covered' v='no' />
    <tag k='fee' v='no' />
    <tag k='operator' v='Praha 7' />
    <tag k='operator:type' v='public' />
  </node>
  <node id='5301037243' timestamp='2017-12-23T18:05:51Z' uid='1189910' user='Milancer' visible='true' version='1' changeset='54869599' lat='50.1037836' lon='14.4196506' />
  <node id='5301037244' timestamp='2017-12-23T18:05:51Z' uid='1189910' user='Milancer' visible='true' version='1' changeset='54869599' lat='50.103718' lon='14.4193354' />
  <node id='5301037248' action='delete' timestamp='2025-04-19T14:36:45Z' uid='22789601' user='nytek23' visible='true' version='3' changeset='165156722' lat='50.1029902' lon='14.4202101'>
    <tag k='barrier' v='gate' />
    <tag k='maxwidth:physical' v='1.8' />
    <tag k='source:maxwidth:physical' v='ARCore' />
  </node>
  <node id='5341444663' action='delete' timestamp='2018-01-15T19:52:58Z' uid='969558' user='Matej Lieskovský' visible='true' version='1' changeset='55473937' lat='50.1074306' lon='14.4216921' />
  <node id='5341444676' action='delete' timestamp='2018-01-15T19:52:58Z' uid='969558' user='Matej Lieskovský' visible='true' version='1' changeset='55473937' lat='50.106301' lon='14.4199905' />
  <node id='5341444677' action='delete' timestamp='2018-01-15T19:52:58Z' uid='969558' user='Matej Lieskovský' visible='true' version='1' changeset='55473937' lat='50.1063479' lon='14.4199802' />
  <node id='5341444678' action='delete' timestamp='2018-01-15T19:52:58Z' uid='969558' user='Matej Lieskovský' visible='true' version='1' changeset='55473937' lat='50.1063849' lon='14.4198525' />
  <node id='5341444679' action='delete' timestamp='2018-01-15T19:52:58Z' uid='969558' user='Matej Lieskovský' visible='true' version='1' changeset='55473937' lat='50.10648' lon='14.4197392' />
  <node id='5341444680' action='delete' timestamp='2018-01-15T19:52:58Z' uid='969558' user='Matej Lieskovský' visible='true' version='1' changeset='55473937' lat='50.1064991' lon='14.4196825' />
  <node id='5341444681' action='delete' timestamp='2018-01-15T19:52:58Z' uid='969558' user='Matej Lieskovský' visible='true' version='1' changeset='55473937' lat='50.1065474' lon='14.4196444' />
  <node id='5341444682' action='delete' timestamp='2018-01-15T19:52:58Z' uid='969558' user='Matej Lieskovský' visible='true' version='1' changeset='55473937' lat='50.1065434' lon='14.4196053' />
  <node id='5403572750' action='delete' timestamp='2018-02-10T13:41:24Z' uid='969558' user='Matej Lieskovský' visible='true' version='1' changeset='56240989' lat='50.1063507' lon='14.4315178' />
  <node id='5403572751' action='delete' timestamp='2018-02-10T13:41:24Z' uid='969558' user='Matej Lieskovský' visible='true' version='1' changeset='56240989' lat='50.1065139' lon='14.4314068' />
  <node id='5403572752' action='delete' timestamp='2018-02-10T13:41:24Z' uid='969558' user='Matej Lieskovský' visible='true' version='1' changeset='56240989' lat='50.106245' lon='14.4311567' />
  <node id='5403572753' action='delete' timestamp='2018-02-10T13:41:24Z' uid='969558' user='Matej Lieskovský' visible='true' version='1' changeset='56240989' lat='50.1064106' lon='14.4310429' />
  <node id='5403572754' action='delete' timestamp='2018-02-10T13:41:24Z' uid='969558' user='Matej Lieskovský' visible='true' version='1' changeset='56240989' lat='50.1058947' lon='14.4306111' />
  <node id='5540568935' action='delete' timestamp='2018-04-09T15:20:18Z' uid='2169558' user='JandaM' visible='true' version='1' changeset='57944051' lat='50.10479' lon='14.413593' />
  <node id='5540641073' action='delete' timestamp='2018-04-09T15:54:44Z' uid='2169558' user='JandaM' visible='true' version='1' changeset='57944899' lat='50.1045617' lon='14.409038' />
  <node id='5540641074' action='delete' timestamp='2018-04-09T15:54:44Z' uid='2169558' user='JandaM' visible='true' version='1' changeset='57944899' lat='50.1045895' lon='14.408768' />
  <node id='6016114930' action='delete' timestamp='2025-10-23T10:29:41Z' uid='10545359' user='kainloma' visible='true' version='3' changeset='173666530' lat='50.1039173' lon='14.4311144' />
  <node id='6016115172' action='delete' timestamp='2018-10-26T19:12:27Z' uid='1189910' user='Milancer' visible='true' version='1' changeset='63911139' lat='50.1032555' lon='14.4180448' />
  <node id='6016115174' action='delete' timestamp='2018-10-26T19:12:27Z' uid='1189910' user='Milancer' visible='true' version='1' changeset='63911139' lat='50.1043752' lon='14.4151867' />
  <node id='6016115175' action='delete' timestamp='2018-10-26T19:12:27Z' uid='1189910' user='Milancer' visible='true' version='1' changeset='63911139' lat='50.1047587' lon='14.4138491' />
  <node id='6016115176' action='delete' timestamp='2018-10-26T19:12:27Z' uid='1189910' user='Milancer' visible='true' version='1' changeset='63911139' lat='50.1047492' lon='14.4139869' />
  <node id='6016115177' action='delete' timestamp='2018-10-26T19:12:27Z' uid='1189910' user='Milancer' visible='true' version='1' changeset='63911139' lat='50.1047296' lon='14.4141209' />
  <node id='6016115178' action='delete' timestamp='2018-10-26T19:12:27Z' uid='1189910' user='Milancer' visible='true' version='1' changeset='63911139' lat='50.1046822' lon='14.414443' />
  <node id='6016115179' action='delete' timestamp='2018-10-26T19:12:27Z' uid='1189910' user='Milancer' visible='true' version='1' changeset='63911139' lat='50.1046672' lon='14.4144983' />
  <node id='6016115180' action='delete' timestamp='2018-10-26T19:12:27Z' uid='1189910' user='Milancer' visible='true' version='1' changeset='63911139' lat='50.1046345' lon='14.4146469' />
  <node id='6016115181' action='delete' timestamp='2018-10-26T19:12:27Z' uid='1189910' user='Milancer' visible='true' version='1' changeset='63911139' lat='50.1043352' lon='14.4146795' />
  <node id='6016115182' action='delete' timestamp='2021-04-19T19:11:01Z' uid='873469' user='R3gi' visible='true' version='2' changeset='103218902' lat='50.1043418' lon='14.4144544' />
  <node id='6016115183' action='delete' timestamp='2021-04-19T19:11:01Z' uid='873469' user='R3gi' visible='true' version='2' changeset='103218902' lat='50.1043073' lon='14.4144255' />
  <node id='6016115184' action='delete' timestamp='2021-04-19T19:11:01Z' uid='873469' user='R3gi' visible='true' version='2' changeset='103218902' lat='50.1042873' lon='14.4142623' />
  <node id='6016115185' action='delete' timestamp='2021-04-19T19:11:01Z' uid='873469' user='R3gi' visible='true' version='2' changeset='103218902' lat='50.104283' lon='14.4140569' />
  <node id='6016115186' action='delete' timestamp='2021-04-19T19:11:01Z' uid='873469' user='R3gi' visible='true' version='2' changeset='103218902' lat='50.1042576' lon='14.4139475' />
  <node id='6016115187' action='delete' timestamp='2021-04-19T19:11:01Z' uid='873469' user='R3gi' visible='true' version='2' changeset='103218902' lat='50.1042493' lon='14.4138851' />
  <node id='6016115188' action='delete' timestamp='2021-04-19T19:11:01Z' uid='873469' user='R3gi' visible='true' version='2' changeset='103218902' lat='50.1043254' lon='14.4137188' />
  <node id='6016115189' action='delete' timestamp='2021-04-19T19:11:01Z' uid='873469' user='R3gi' visible='true' version='2' changeset='103218902' lat='50.1043377' lon='14.4136819' />
  <node id='6016115190' action='delete' timestamp='2018-10-26T19:12:27Z' uid='1189910' user='Milancer' visible='true' version='1' changeset='63911139' lat='50.1043061' lon='14.4136179' />
  <node id='6016115191' action='delete' timestamp='2018-10-26T19:12:27Z' uid='1189910' user='Milancer' visible='true' version='1' changeset='63911139' lat='50.1042746' lon='14.4135688' />
  <node id='6016115192' action='delete' timestamp='2018-10-26T19:12:27Z' uid='1189910' user='Milancer' visible='true' version='1' changeset='63911139' lat='50.1042237' lon='14.41357' />
  <node id='6016115193' action='delete' timestamp='2018-10-26T19:12:27Z' uid='1189910' user='Milancer' visible='true' version='1' changeset='63911139' lat='50.1041975' lon='14.4136307' />
  <node id='6016115194' action='delete' timestamp='2018-10-26T19:12:27Z' uid='1189910' user='Milancer' visible='true' version='1' changeset='63911139' lat='50.104172' lon='14.4137498' />
  <node id='6016115195' action='delete' timestamp='2018-10-26T19:12:27Z' uid='1189910' user='Milancer' visible='true' version='1' changeset='63911139' lat='50.1041533' lon='14.4139378' />
  <node id='6016115196' action='delete' timestamp='2018-10-26T19:12:27Z' uid='1189910' user='Milancer' visible='true' version='1' changeset='63911139' lat='50.1041495' lon='14.4141374' />
  <node id='6016115197' action='delete' timestamp='2018-10-26T19:12:27Z' uid='1189910' user='Milancer' visible='true' version='1' changeset='63911139' lat='50.1041391' lon='14.4142612' />
  <node id='6016115198' action='delete' timestamp='2018-10-26T19:12:27Z' uid='1189910' user='Milancer' visible='true' version='1' changeset='63911139' lat='50.1041121' lon='14.4144129' />
  <node id='6016115199' action='delete' timestamp='2018-10-26T19:12:27Z' uid='1189910' user='Milancer' visible='true' version='1' changeset='63911139' lat='50.1040687' lon='14.4145647' />
  <node id='6016115200' action='delete' timestamp='2018-10-26T19:12:27Z' uid='1189910' user='Milancer' visible='true' version='1' changeset='63911139' lat='50.1040455' lon='14.4146721' />
  <node id='6016115201' action='delete' timestamp='2025-12-24T12:36:26Z' uid='10932047' user='Yakari (kleiner Indianer)' visible='true' version='2' changeset='176360375' lat='50.1040351' lon='14.4147122' />
  <node id='6016115203' action='delete' timestamp='2018-10-26T19:12:27Z' uid='1189910' user='Milancer' visible='true' version='1' changeset='63911139' lat='50.1036733' lon='14.4174928' />
  <node id='6016115204' action='delete' timestamp='2018-10-26T19:12:27Z' uid='1189910' user='Milancer' visible='true' version='1' changeset='63911139' lat='50.1036373' lon='14.4176667' />
  <node id='6016115205' action='delete' timestamp='2018-10-26T19:12:27Z' uid='1189910' user='Milancer' visible='true' version='1' changeset='63911139' lat='50.1036007' lon='14.4177917' />
  <node id='6016115209' action='delete' timestamp='2018-10-26T19:12:27Z' uid='1189910' user='Milancer' visible='true' version='1' changeset='63911139' lat='50.1040361' lon='14.4147282' />
  <node id='6016115210' action='delete' timestamp='2018-10-26T19:12:27Z' uid='1189910' user='Milancer' visible='true' version='1' changeset='63911139' lat='50.1041554' lon='14.4149046' />
  <node id='6038863184' action='delete' timestamp='2020-07-15T11:26:51Z' uid='1189910' user='Milancer' visible='true' version='3' changeset='88029969' lat='50.1093431' lon='14.4225589' />
  <node id='6126755895' action='delete' timestamp='2018-12-09T17:16:51Z' uid='3003739' user='r00tcz' visible='true' version='1' changeset='65320361' lat='50.1071724' lon='14.4349354' />
  <node id='6198293585' action='delete' timestamp='2019-01-10T13:11:21Z' uid='100163' user='Hlav' visible='true' version='1' changeset='66195202' lat='50.10632' lon='14.429979' />
  <node id='6198293586' action='delete' timestamp='2019-01-10T13:11:21Z' uid='100163' user='Hlav' visible='true' version='1' changeset='66195202' lat='50.1063416' lon='14.4300574' />
  <node id='6198293587' action='delete' timestamp='2019-01-10T13:11:21Z' uid='100163' user='Hlav' visible='true' version='1' changeset='66195202' lat='50.1063897' lon='14.4300443' />
  <node id='6198293588' action='delete' timestamp='2019-01-10T13:11:21Z' uid='100163' user='Hlav' visible='true' version='1' changeset='66195202' lat='50.1063855' lon='14.4300297' />
  <node id='6198293589' action='delete' timestamp='2019-01-10T13:11:21Z' uid='100163' user='Hlav' visible='true' version='1' changeset='66195202' lat='50.1063461' lon='14.4300732' />
  <node id='6198293590' action='delete' timestamp='2019-01-10T13:11:21Z' uid='100163' user='Hlav' visible='true' version='1' changeset='66195202' lat='50.1063319' lon='14.4300642' />
  <node id='6198293591' action='delete' timestamp='2019-01-10T13:11:21Z' uid='100163' user='Hlav' visible='true' version='1' changeset='66195202' lat='50.1063946' lon='14.4300235' />
  <node id='6198293592' action='delete' timestamp='2019-01-10T13:11:21Z' uid='100163' user='Hlav' visible='true' version='1' changeset='66195202' lat='50.1063241' lon='14.4299936' />
  <node id='6198293593' action='delete' timestamp='2019-01-10T13:11:21Z' uid='100163' user='Hlav' visible='true' version='1' changeset='66195202' lat='50.1063147' lon='14.4300001' />
  <node id='6198293594' action='delete' timestamp='2019-01-10T13:11:21Z' uid='100163' user='Hlav' visible='true' version='1' changeset='66195202' lat='50.1063671' lon='14.4299648' />
  <node id='6198293595' action='delete' timestamp='2019-01-10T13:11:21Z' uid='100163' user='Hlav' visible='true' version='1' changeset='66195202' lat='50.1063768' lon='14.4299583' />
  <node id='6198293596' action='delete' timestamp='2019-01-10T13:11:21Z' uid='100163' user='Hlav' visible='true' version='1' changeset='66195202' lat='50.1063631' lon='14.4299501' />
  <node id='6276517569' action='delete' timestamp='2019-10-23T13:57:52Z' uid='1558400' user='Kudej' visible='true' version='2' changeset='76107333' lat='50.1051867' lon='14.4201778'>
    <tag k='amenity' v='toilets' />
    <tag k='source' v='CZ:IPRPraha:ortofoto' />
    <tag k='toilets:disposal' v='chemical' />
  </node>
  <node id='6341954117' action='delete' timestamp='2019-03-16T20:58:22Z' uid='969558' user='Matej Lieskovský' visible='true' version='1' changeset='68213598' lat='50.1052205' lon='14.4169229' />
  <node id='6341954121' action='delete' timestamp='2019-03-16T20:58:22Z' uid='969558' user='Matej Lieskovský' visible='true' version='1' changeset='68213598' lat='50.1059683' lon='14.419696' />
  <node id='6341954122' action='delete' timestamp='2019-03-16T20:58:22Z' uid='969558' user='Matej Lieskovský' visible='true' version='1' changeset='68213598' lat='50.1059071' lon='14.4196952' />
  <node id='6341954123' action='delete' timestamp='2019-03-16T20:58:22Z' uid='969558' user='Matej Lieskovský' visible='true' version='1' changeset='68213598' lat='50.105688' lon='14.419444' />
  <node id='6341954124' action='delete' timestamp='2019-03-16T20:58:22Z' uid='969558' user='Matej Lieskovský' visible='true' version='1' changeset='68213598' lat='50.1056037' lon='14.4194163' />
  <node id='6341954125' action='delete' timestamp='2019-03-16T20:58:22Z' uid='969558' user='Matej Lieskovský' visible='true' version='1' changeset='68213598' lat='50.1055811' lon='14.4194557' />
  <node id='6341954126' action='delete' timestamp='2019-03-16T20:58:22Z' uid='969558' user='Matej Lieskovský' visible='true' version='1' changeset='68213598' lat='50.1055521' lon='14.4194155' />
  <node id='6341954127' action='delete' timestamp='2019-03-16T20:58:22Z' uid='969558' user='Matej Lieskovský' visible='true' version='1' changeset='68213598' lat='50.1055086' lon='14.4192974' />
  <node id='6341954128' action='delete' timestamp='2019-03-16T20:58:22Z' uid='969558' user='Matej Lieskovský' visible='true' version='1' changeset='68213598' lat='50.1054802' lon='14.4192305' />
  <node id='6341954129' action='delete' timestamp='2019-03-16T20:58:22Z' uid='969558' user='Matej Lieskovský' visible='true' version='1' changeset='68213598' lat='50.1053185' lon='14.4186703' />
  <node id='6341954130' action='delete' timestamp='2019-03-16T20:58:22Z' uid='969558' user='Matej Lieskovský' visible='true' version='1' changeset='68213598' lat='50.1053314' lon='14.4185765' />
  <node id='6341954131' action='delete' timestamp='2019-03-16T20:58:22Z' uid='969558' user='Matej Lieskovský' visible='true' version='1' changeset='68213598' lat='50.105297' lon='14.4187875' />
  <node id='6341954132' action='delete' timestamp='2019-03-16T20:58:22Z' uid='969558' user='Matej Lieskovský' visible='true' version='1' changeset='68213598' lat='50.1052809' lon='14.4188411' />
  <node id='6341954133' action='delete' timestamp='2019-03-16T20:58:22Z' uid='969558' user='Matej Lieskovský' visible='true' version='1' changeset='68213598' lat='50.1053491' lon='14.4191342' />
  <node id='6341954134' action='delete' timestamp='2019-03-16T20:58:22Z' uid='969558' user='Matej Lieskovský' visible='true' version='1' changeset='68213598' lat='50.1054184' lon='14.4191509' />
  <node id='6341954135' action='delete' timestamp='2019-03-16T20:58:22Z' uid='969558' user='Matej Lieskovský' visible='true' version='1' changeset='68213598' lat='50.1053873' lon='14.4191492' />
  <node id='6341954136' action='delete' timestamp='2019-03-16T20:58:22Z' uid='969558' user='Matej Lieskovský' visible='true' version='1' changeset='68213598' lat='50.1053019' lon='14.4187038' />
  <node id='6341954137' action='delete' timestamp='2019-03-16T20:58:22Z' uid='969558' user='Matej Lieskovský' visible='true' version='1' changeset='68213598' lat='50.1053454' lon='14.4184225' />
  <node id='6341954138' action='delete' timestamp='2019-03-16T20:58:22Z' uid='969558' user='Matej Lieskovský' visible='true' version='1' changeset='68213598' lat='50.1053303' lon='14.4185054' />
  <node id='6341954141' action='delete' timestamp='2022-01-05T10:03:03Z' uid='8971394' user='vojtechzaboril' visible='true' version='2' changeset='115789366' lat='50.1051778' lon='14.4177533' />
  <node id='6341954142' action='delete' timestamp='2019-03-16T20:58:22Z' uid='969558' user='Matej Lieskovský' visible='true' version='1' changeset='68213598' lat='50.1051194' lon='14.4177324' />
  <node id='6341954143' action='delete' timestamp='2019-03-16T20:58:22Z' uid='969558' user='Matej Lieskovský' visible='true' version='1' changeset='68213598' lat='50.1054034' lon='14.41807' />
  <node id='6341954144' action='delete' timestamp='2019-03-16T20:58:22Z' uid='969558' user='Matej Lieskovský' visible='true' version='1' changeset='68213598' lat='50.1065453' lon='14.4196241' />
  <node id='6341954145' action='delete' timestamp='2019-03-16T20:58:22Z' uid='969558' user='Matej Lieskovský' visible='true' version='1' changeset='68213598' lat='50.1066842' lon='14.4196458' />
  <node id='6341954146' action='delete' timestamp='2019-03-16T20:58:22Z' uid='969558' user='Matej Lieskovský' visible='true' version='1' changeset='68213598' lat='50.106776' lon='14.4196993' />
  <node id='6341954151' action='delete' timestamp='2019-03-16T20:58:22Z' uid='969558' user='Matej Lieskovský' visible='true' version='1' changeset='68213598' lat='50.1067975' lon='14.4196918' />
  <node id='6341954159' action='delete' timestamp='2019-03-16T20:58:22Z' uid='969558' user='Matej Lieskovský' visible='true' version='1' changeset='68213598' lat='50.1069897' lon='14.4205894' />
  <node id='6341954162' action='delete' timestamp='2019-03-16T20:58:22Z' uid='969558' user='Matej Lieskovský' visible='true' version='1' changeset='68213598' lat='50.1060908' lon='14.4200527' />
  <node id='6341954163' action='delete' timestamp='2019-03-16T20:58:22Z' uid='969558' user='Matej Lieskovský' visible='true' version='1' changeset='68213598' lat='50.106174' lon='14.4200996' />
  <node id='6341954164' action='delete' timestamp='2019-03-16T20:58:22Z' uid='969558' user='Matej Lieskovský' visible='true' version='1' changeset='68213598' lat='50.10624' lon='14.4201054' />
  <node id='6341954165' action='delete' timestamp='2019-03-16T20:58:22Z' uid='969558' user='Matej Lieskovský' visible='true' version='1' changeset='68213598' lat='50.1062728' lon='14.4200736' />
  <node id='6341954166' action='delete' timestamp='2019-03-16T20:58:22Z' uid='969558' user='Matej Lieskovský' visible='true' version='1' changeset='68213598' lat='50.1063142' lon='14.4200284' />
  <node id='6341954167' action='delete' timestamp='2019-03-16T20:58:22Z' uid='969558' user='Matej Lieskovský' visible='true' version='1' changeset='68213598' lat='50.1063528' lon='14.4200184' />
  <node id='6341954168' action='delete' timestamp='2019-03-16T20:58:22Z' uid='969558' user='Matej Lieskovský' visible='true' version='1' changeset='68213598' lat='50.1064248' lon='14.4200443' />
  <node id='6341954169' action='delete' timestamp='2019-03-16T20:58:22Z' uid='969558' user='Matej Lieskovský' visible='true' version='1' changeset='68213598' lat='50.1064677' lon='14.4200535' />
  <node id='6341954170' action='delete' timestamp='2019-03-16T20:58:22Z' uid='969558' user='Matej Lieskovský' visible='true' version='1' changeset='68213598' lat='50.1065279' lon='14.4200845' />
  <node id='6341954171' action='delete' timestamp='2019-03-16T20:58:22Z' uid='969558' user='Matej Lieskovský' visible='true' version='1' changeset='68213598' lat='50.1066004' lon='14.4201825' />
  <node id='6341954172' action='delete' timestamp='2019-03-16T20:58:22Z' uid='969558' user='Matej Lieskovský' visible='true' version='1' changeset='68213598' lat='50.1066632' lon='14.4202679' />
  <node id='6341954173' action='delete' timestamp='2019-03-16T20:58:22Z' uid='969558' user='Matej Lieskovský' visible='true' version='1' changeset='68213598' lat='50.1068898' lon='14.4204278' />
  <node id='6341954174' action='delete' timestamp='2019-03-16T20:58:22Z' uid='969558' user='Matej Lieskovský' visible='true' version='1' changeset='68213598' lat='50.1070563' lon='14.4205877' />
  <node id='6341954175' action='delete' timestamp='2019-03-16T20:58:22Z' uid='969558' user='Matej Lieskovský' visible='true' version='1' changeset='68213598' lat='50.1071653' lon='14.42071' />
  <node id='6341954176' action='delete' timestamp='2019-03-16T20:58:22Z' uid='969558' user='Matej Lieskovský' visible='true' version='1' changeset='68213598' lat='50.1071954' lon='14.4207694' />
  <node id='6341954177' action='delete' timestamp='2019-03-16T20:58:22Z' uid='969558' user='Matej Lieskovský' visible='true' version='1' changeset='68213598' lat='50.1072153' lon='14.420849' />
  <node id='6341954178' action='delete' timestamp='2019-03-16T20:58:22Z' uid='969558' user='Matej Lieskovský' visible='true' version='1' changeset='68213598' lat='50.1072362' lon='14.4209143' />
  <node id='6341954179' action='delete' timestamp='2019-03-16T20:58:22Z' uid='969558' user='Matej Lieskovský' visible='true' version='1' changeset='68213598' lat='50.1073017' lon='14.4210441' />
  <node id='6341954180' action='delete' timestamp='2019-03-16T20:58:22Z' uid='969558' user='Matej Lieskovský' visible='true' version='1' changeset='68213598' lat='50.1073355' lon='14.4210909' />
  <node id='6341954181' action='delete' timestamp='2019-03-16T20:58:22Z' uid='969558' user='Matej Lieskovský' visible='true' version='1' changeset='68213598' lat='50.1073747' lon='14.4211043' />
  <node id='6341954283' action='delete' timestamp='2021-04-19T19:16:04Z' uid='873469' user='R3gi' visible='true' version='2' changeset='103219074' lat='50.1054139' lon='14.4158479' />
  <node id='6341954284' action='delete' timestamp='2021-04-19T19:16:04Z' uid='873469' user='R3gi' visible='true' version='2' changeset='103219074' lat='50.1054431' lon='14.41576' />
  <node id='6341954285' action='delete' timestamp='2019-03-16T20:58:25Z' uid='969558' user='Matej Lieskovský' visible='true' version='1' changeset='68213598' lat='50.1054914' lon='14.4156904' />
  <node id='6341954286' action='delete' timestamp='2019-03-16T20:58:25Z' uid='969558' user='Matej Lieskovský' visible='true' version='1' changeset='68213598' lat='50.1055849' lon='14.4156158' />
  <node id='6341954287' action='delete' timestamp='2019-03-16T20:58:25Z' uid='969558' user='Matej Lieskovský' visible='true' version='1' changeset='68213598' lat='50.1057479' lon='14.4155524' />
  <node id='6341954288' action='delete' timestamp='2022-03-16T07:45:26Z' uid='8971394' user='vojtechzaboril' visible='true' version='2' changeset='118539134' lat='50.105913' lon='14.4155289' />
  <node id='6341954289' action='delete' timestamp='2019-03-16T20:58:25Z' uid='969558' user='Matej Lieskovský' visible='true' version='1' changeset='68213598' lat='50.1075879' lon='14.4151176' />
  <node id='6341954291' action='delete' timestamp='2019-03-16T20:58:25Z' uid='969558' user='Matej Lieskovský' visible='true' version='1' changeset='68213598' lat='50.1076497' lon='14.4151093' />
  <node id='6341954335' action='delete' timestamp='2019-03-16T20:58:26Z' uid='969558' user='Matej Lieskovský' visible='true' version='1' changeset='68213598' lat='50.1065027' lon='14.4153967' />
  <node id='6396486662' timestamp='2026-03-17T23:01:31Z' uid='469828' user='Lukáš Jelínek' visible='true' version='8' changeset='180031608' lat='50.1047953' lon='14.4277245'>
    <tag k='bench' v='no' />
    <tag k='bin' v='yes' />
    <tag k='disused:public_transport' v='stop_position' />
    <tag k='name' v='Planetárium Praha' />
    <tag k='note' v='občasná zastávka, bez pravidelného linkového provozu' />
    <tag k='public_transport' v='stop_position' />
    <tag k='railway' v='tram_stop' />
    <tag k='railway:preserved' v='tram_stop' />
    <tag k='shelter' v='no' />
    <tag k='tram' v='yes' />
    <tag k='usage' v='tourism' />
  </node>
  <node id='6396489035' timestamp='2019-04-10T14:19:49Z' uid='100163' user='Hlav' visible='true' version='1' changeset='69084924' lat='50.1054044' lon='14.4278037' />
  <node id='6396489036' timestamp='2019-04-10T14:19:49Z' uid='100163' user='Hlav' visible='true' version='1' changeset='69084924' lat='50.1054689' lon='14.4279592' />
  <node id='6396489037' timestamp='2019-04-10T14:19:49Z' uid='100163' user='Hlav' visible='true' version='1' changeset='69084924' lat='50.105468' lon='14.427974' />
  <node id='6396489038' timestamp='2019-04-10T14:19:49Z' uid='100163' user='Hlav' visible='true' version='1' changeset='69084924' lat='50.1054577' lon='14.4279834' />
  <node id='6404962082' action='delete' timestamp='2019-04-14T19:20:05Z' uid='665336' user='Minimalis' visible='true' version='1' changeset='69211823' lat='50.1066821' lon='14.4265294' />
  <node id='6404962083' action='delete' timestamp='2019-04-14T19:20:05Z' uid='665336' user='Minimalis' visible='true' version='1' changeset='69211823' lat='50.1063157' lon='14.4277297' />
  <node id='6404962084' action='delete' timestamp='2019-04-14T19:20:05Z' uid='665336' user='Minimalis' visible='true' version='1' changeset='69211823' lat='50.1062237' lon='14.4278879' />
  <node id='6404962985' action='delete' timestamp='2019-04-14T19:20:05Z' uid='665336' user='Minimalis' visible='true' version='1' changeset='69211823' lat='50.1053652' lon='14.4283211' />
  <node id='6404962986' action='delete' timestamp='2019-04-14T19:20:05Z' uid='665336' user='Minimalis' visible='true' version='1' changeset='69211823' lat='50.1053171' lon='14.4283707' />
  <node id='6404962987' action='delete' timestamp='2022-01-28T19:20:43Z' uid='1189910' user='Milancer' visible='true' version='2' changeset='116720050' lat='50.1035322' lon='14.4270175' />
  <node id='6404962988' action='delete' timestamp='2022-01-28T19:20:43Z' uid='1189910' user='Milancer' visible='true' version='2' changeset='116720050' lat='50.1034964' lon='14.4260053' />
  <node id='6404962989' action='delete' timestamp='2022-01-28T19:20:43Z' uid='1189910' user='Milancer' visible='true' version='2' changeset='116720050' lat='50.1035228' lon='14.426119' />
  <node id='6404962991' action='delete' timestamp='2022-01-28T19:20:43Z' uid='1189910' user='Milancer' visible='true' version='2' changeset='116720050' lat='50.1035256' lon='14.4264606' />
  <node id='6908045516' action='delete' timestamp='2019-10-23T07:33:50Z' uid='1558400' user='Kudej' visible='true' version='1' changeset='76085447' lat='50.1049215' lon='14.4072202' />
  <node id='6908045517' action='delete' timestamp='2019-10-23T07:33:50Z' uid='1558400' user='Kudej' visible='true' version='1' changeset='76085447' lat='50.104641' lon='14.4077077' />
  <node id='6908045519' action='delete' timestamp='2019-10-23T07:33:50Z' uid='1558400' user='Kudej' visible='true' version='1' changeset='76085447' lat='50.1046409' lon='14.4076249' />
  <node id='6908319013' timestamp='2019-10-23T09:15:57Z' uid='1558400' user='Kudej' visible='true' version='1' changeset='76091097' lat='50.1051052' lon='14.4278902'>
    <tag k='amenity' v='bench' />
    <tag k='backrest' v='yes' />
    <tag k='source' v='CZ:IPRPraha:ortofoto' />
  </node>
  <node id='6908319014' timestamp='2019-10-23T09:15:57Z' uid='1558400' user='Kudej' visible='true' version='1' changeset='76091097' lat='50.1052963' lon='14.4266455'>
    <tag k='amenity' v='bench' />
    <tag k='backrest' v='yes' />
    <tag k='source' v='CZ:IPRPraha:ortofoto' />
  </node>
  <node id='6908319015' timestamp='2019-10-23T09:15:57Z' uid='1558400' user='Kudej' visible='true' version='1' changeset='76091097' lat='50.1054433' lon='14.4260292'>
    <tag k='amenity' v='bench' />
    <tag k='backrest' v='yes' />
    <tag k='source' v='CZ:IPRPraha:ortofoto' />
  </node>
  <node id='6908319017' action='delete' timestamp='2026-06-05T17:07:41Z' uid='23968706' user='Beatrix T' visible='true' version='2' changeset='183706458' lat='50.1065569' lon='14.4211381'>
    <tag k='amenity' v='bench' />
    <tag k='backrest' v='yes' />
    <tag k='check_date' v='2026-06-05' />
    <tag k='source' v='CZ:IPRPraha:ortofoto' />
  </node>
  <node id='6908319018' action='delete' timestamp='2026-06-05T17:07:38Z' uid='23968706' user='Beatrix T' visible='true' version='2' changeset='183706458' lat='50.1066265' lon='14.4216659'>
    <tag k='amenity' v='bench' />
    <tag k='backrest' v='yes' />
    <tag k='check_date' v='2026-06-05' />
    <tag k='source' v='CZ:IPRPraha:ortofoto' />
  </node>
  <node id='6909296630' timestamp='2024-11-27T10:04:27Z' uid='718054' user='Piskvor' visible='true' version='2' changeset='159651624' lat='50.1042598' lon='14.4288163'>
    <tag k='amenity' v='toilets' />
    <tag k='source' v='CZ:IPRPraha:ortofoto' />
    <tag k='toilets:disposal' v='chemical' />
  </node>
  <node id='6909474871' action='delete' timestamp='2019-10-23T14:55:41Z' uid='1558400' user='Kudej' visible='true' version='1' changeset='76110720' lat='50.1037574' lon='14.4282962'>
    <tag k='amenity' v='bench' />
    <tag k='backrest' v='yes' />
    <tag k='source' v='CZ:IPRPraha:ortofoto' />
  </node>
  <node id='6909474872' action='delete' timestamp='2019-10-23T14:55:41Z' uid='1558400' user='Kudej' visible='true' version='1' changeset='76110720' lat='50.1038325' lon='14.4288287'>
    <tag k='amenity' v='bench' />
    <tag k='backrest' v='yes' />
    <tag k='source' v='CZ:IPRPraha:ortofoto' />
  </node>
  <node id='6909474873' action='delete' timestamp='2019-10-23T14:55:41Z' uid='1558400' user='Kudej' visible='true' version='1' changeset='76110720' lat='50.1038839' lon='14.4291855'>
    <tag k='amenity' v='bench' />
    <tag k='backrest' v='yes' />
    <tag k='source' v='CZ:IPRPraha:ortofoto' />
  </node>
  <node id='6909474874' action='delete' timestamp='2019-10-23T14:55:41Z' uid='1558400' user='Kudej' visible='true' version='1' changeset='76110720' lat='50.1039392' lon='14.4295673'>
    <tag k='amenity' v='bench' />
    <tag k='backrest' v='yes' />
    <tag k='source' v='CZ:IPRPraha:ortofoto' />
  </node>
  <node id='6909474875' timestamp='2019-10-23T14:55:41Z' uid='1558400' user='Kudej' visible='true' version='1' changeset='76110720' lat='50.1050717' lon='14.4263435'>
    <tag k='amenity' v='bench' />
    <tag k='backrest' v='yes' />
    <tag k='source' v='CZ:IPRPraha:ortofoto' />
  </node>
  <node id='6909474876' timestamp='2022-06-13T21:20:25Z' uid='1803854' user='Enock4seth' visible='true' version='2' changeset='122344034' lat='50.1051305' lon='14.4257634'>
    <tag k='amenity' v='bench' />
    <tag k='backrest' v='yes' />
    <tag k='source' v='CZ:IPRPraha:ortofoto' />
  </node>
  <node id='6909474877' timestamp='2026-07-21T08:27:42Z' uid='11113396' user='osmatze' visible='true' version='2' changeset='186102227' lat='50.1050032' lon='14.4267666'>
    <tag k='amenity' v='bench' />
    <tag k='backrest' v='yes' />
    <tag k='check_date' v='2026-07-21' />
    <tag k='source' v='CZ:IPRPraha:ortofoto' />
  </node>
  <node id='6909474878' timestamp='2026-07-21T08:27:41Z' uid='11113396' user='osmatze' visible='true' version='2' changeset='186102227' lat='50.1046854' lon='14.4278989'>
    <tag k='amenity' v='bench' />
    <tag k='backrest' v='yes' />
    <tag k='check_date' v='2026-07-21' />
    <tag k='source' v='CZ:IPRPraha:ortofoto' />
  </node>
  <node id='6909474880' action='delete' timestamp='2019-10-23T14:55:41Z' uid='1558400' user='Kudej' visible='true' version='1' changeset='76110720' lat='50.104' lon='14.4299947'>
    <tag k='amenity' v='bench' />
    <tag k='backrest' v='yes' />
    <tag k='source' v='CZ:IPRPraha:ortofoto' />
  </node>
  <node id='6909474881' action='delete' timestamp='2019-10-23T14:55:41Z' uid='1558400' user='Kudej' visible='true' version='1' changeset='76110720' lat='50.1041' lon='14.4301756'>
    <tag k='amenity' v='bench' />
    <tag k='backrest' v='yes' />
    <tag k='source' v='CZ:IPRPraha:ortofoto' />
  </node>
  <node id='6909474882' timestamp='2019-10-23T14:55:41Z' uid='1558400' user='Kudej' visible='true' version='1' changeset='76110720' lat='50.1045383' lon='14.4236876' />
  <node id='6909474883' timestamp='2019-10-23T14:55:41Z' uid='1558400' user='Kudej' visible='true' version='1' changeset='76110720' lat='50.1053735' lon='14.4230603' />
  <node id='6909474884' timestamp='2019-10-23T14:55:41Z' uid='1558400' user='Kudej' visible='true' version='1' changeset='76110720' lat='50.1055199' lon='14.4229741' />
  <node id='6909484885' timestamp='2019-10-23T14:55:41Z' uid='1558400' user='Kudej' visible='true' version='1' changeset='76110720' lat='50.1057963' lon='14.4231042' />
  <node id='6909484886' timestamp='2019-10-23T14:55:41Z' uid='1558400' user='Kudej' visible='true' version='1' changeset='76110720' lat='50.1050993' lon='14.4220029' />
  <node id='6909484887' timestamp='2019-10-23T14:55:41Z' uid='1558400' user='Kudej' visible='true' version='1' changeset='76110720' lat='50.1048783' lon='14.4220159' />
  <node id='6909484888' timestamp='2019-10-23T14:55:41Z' uid='1558400' user='Kudej' visible='true' version='1' changeset='76110720' lat='50.1048523' lon='14.4219555' />
  <node id='6909484889' timestamp='2019-10-23T14:55:41Z' uid='1558400' user='Kudej' visible='true' version='1' changeset='76110720' lat='50.10487' lon='14.4217953' />
  <node id='6909484890' timestamp='2019-10-23T14:55:41Z' uid='1558400' user='Kudej' visible='true' version='1' changeset='76110720' lat='50.1050966' lon='14.4217854' />
  <node id='6909484891' timestamp='2019-10-23T14:55:41Z' uid='1558400' user='Kudej' visible='true' version='1' changeset='76110720' lat='50.1051779' lon='14.4218923' />
  <node id='6909484892' timestamp='2019-10-23T14:55:41Z' uid='1558400' user='Kudej' visible='true' version='1' changeset='76110720' lat='50.1050971' lon='14.4217375' />
  <node id='6909484893' timestamp='2019-10-23T14:55:41Z' uid='1558400' user='Kudej' visible='true' version='1' changeset='76110720' lat='50.1051214' lon='14.4216608' />
  <node id='6909484894' timestamp='2019-10-23T14:55:41Z' uid='1558400' user='Kudej' visible='true' version='1' changeset='76110720' lat='50.1050304' lon='14.4216335' />
  <node id='6909484895' timestamp='2019-10-23T14:55:41Z' uid='1558400' user='Kudej' visible='true' version='1' changeset='76110720' lat='50.1050208' lon='14.4216091' />
  <node id='6909484896' action='delete' timestamp='2019-10-23T14:55:41Z' uid='1558400' user='Kudej' visible='true' version='1' changeset='76110720' lat='50.1049487' lon='14.4215071' />
  <node id='6909484897' action='delete' timestamp='2019-10-23T14:55:41Z' uid='1558400' user='Kudej' visible='true' version='1' changeset='76110720' lat='50.1049377' lon='14.4214885' />
  <node id='6909484898' timestamp='2019-10-23T14:55:41Z' uid='1558400' user='Kudej' visible='true' version='1' changeset='76110720' lat='50.1053602' lon='14.4230827' />
  <node id='6909484899' timestamp='2019-10-23T14:55:41Z' uid='1558400' user='Kudej' visible='true' version='1' changeset='76110720' lat='50.1053' lon='14.4230026' />
  <node id='7141618539' action='delete' timestamp='2020-01-18T20:42:40Z' uid='8971394' user='vojtechzaboril' visible='true' version='1' changeset='79741100' lat='50.1044973' lon='14.4287007' />
  <node id='7141618540' action='delete' timestamp='2020-01-18T20:42:40Z' uid='8971394' user='vojtechzaboril' visible='true' version='1' changeset='79741100' lat='50.1048732' lon='14.4289501' />
  <node id='7141618541' action='delete' timestamp='2020-01-18T20:42:40Z' uid='8971394' user='vojtechzaboril' visible='true' version='1' changeset='79741100' lat='50.1048405' lon='14.4288133' />
  <node id='7141618542' action='delete' timestamp='2020-01-18T20:42:40Z' uid='8971394' user='vojtechzaboril' visible='true' version='1' changeset='79741100' lat='50.104764' lon='14.4286899' />
  <node id='7141618543' action='delete' timestamp='2020-01-18T20:42:40Z' uid='8971394' user='vojtechzaboril' visible='true' version='1' changeset='79741100' lat='50.1045558' lon='14.4286403' />
  <node id='7141618544' action='delete' timestamp='2020-01-18T20:42:40Z' uid='8971394' user='vojtechzaboril' visible='true' version='1' changeset='79741100' lat='50.1046547' lon='14.4286309' />
  <node id='7141618545' timestamp='2020-01-18T20:42:40Z' uid='8971394' user='vojtechzaboril' visible='true' version='1' changeset='79741100' lat='50.1047674' lon='14.4277176' />
  <node id='7569489128' action='delete' timestamp='2024-09-25T16:21:09Z' uid='8971394' user='vojtechzaboril' visible='true' version='3' changeset='157091549' lat='50.1049423' lon='14.4325443' />
  <node id='7623810223' action='delete' timestamp='2020-06-15T19:40:52Z' uid='1833010' user='M a r k u s' visible='true' version='1' changeset='86685388' lat='50.1070915' lon='14.4219616' />
  <node id='7623810224' action='delete' timestamp='2020-06-15T19:40:52Z' uid='1833010' user='M a r k u s' visible='true' version='1' changeset='86685388' lat='50.1073603' lon='14.4216391' />
  <node id='7623810225' action='delete' timestamp='2020-06-15T19:40:52Z' uid='1833010' user='M a r k u s' visible='true' version='1' changeset='86685388' lat='50.1072999' lon='14.421829' />
  <node id='7623810259' action='delete' timestamp='2020-06-15T19:40:52Z' uid='1833010' user='M a r k u s' visible='true' version='1' changeset='86685388' lat='50.1073272' lon='14.4219831' />
  <node id='7623810278' action='delete' timestamp='2020-06-15T19:40:52Z' uid='1833010' user='M a r k u s' visible='true' version='1' changeset='86685388' lat='50.1071945' lon='14.4220658' />
  <node id='7623815996' action='delete' timestamp='2020-06-15T19:40:52Z' uid='1833010' user='M a r k u s' visible='true' version='1' changeset='86685388' lat='50.1072632' lon='14.4218901' />
  <node id='7714594771' action='delete' timestamp='2022-08-10T15:19:27Z' uid='17615' user='Petr Dlouhý' visible='true' version='2' changeset='124736925' lat='50.1079597' lon='14.424259'>
    <tag k='barrier' v='gate' />
  </node>
  <node id='7714619201' action='delete' timestamp='2020-07-14T19:21:13Z' uid='6588887' user='Martin2035' visible='true' version='1' changeset='87993771' lat='50.1091056' lon='14.4225464'>
    <tag k='barrier' v='gate' />
    <tag k='start_date' v='2019' />
  </node>
  <node id='7714619210' action='delete' timestamp='2020-07-14T19:21:13Z' uid='6588887' user='Martin2035' visible='true' version='1' changeset='87993771' lat='50.1070061' lon='14.4266609' />
  <node id='7714619211' action='delete' timestamp='2020-07-14T19:21:13Z' uid='6588887' user='Martin2035' visible='true' version='1' changeset='87993771' lat='50.1072071' lon='14.4263825' />
  <node id='8311922324' action='delete' timestamp='2022-02-19T18:15:40Z' uid='10932047' user='Yakari (kleiner Indianer)' visible='true' version='2' changeset='117614420' lat='50.1092418' lon='14.4225412' />
  <node id='8311922383' action='delete' timestamp='2021-01-11T15:35:30Z' uid='100163' user='Hlav' visible='true' version='1' changeset='97316154' lat='50.1069868' lon='14.4204801' />
  <node id='8311922384' action='delete' timestamp='2021-01-11T15:35:30Z' uid='100163' user='Hlav' visible='true' version='1' changeset='97316154' lat='50.1070246' lon='14.4203172' />
  <node id='8311922385' action='delete' timestamp='2021-01-11T15:35:30Z' uid='100163' user='Hlav' visible='true' version='1' changeset='97316154' lat='50.1068481' lon='14.4198959' />
  <node id='8311922386' action='delete' timestamp='2021-01-11T15:35:30Z' uid='100163' user='Hlav' visible='true' version='1' changeset='97316154' lat='50.1067437' lon='14.41966' />
  <node id='8311922387' action='delete' timestamp='2021-01-11T15:35:30Z' uid='100163' user='Hlav' visible='true' version='1' changeset='97316154' lat='50.1066122' lon='14.4195477' />
  <node id='8311922388' action='delete' timestamp='2021-01-11T15:35:30Z' uid='100163' user='Hlav' visible='true' version='1' changeset='97316154' lat='50.106441' lon='14.4198426' />
  <node id='8311922389' action='delete' timestamp='2021-01-11T15:35:30Z' uid='100163' user='Hlav' visible='true' version='1' changeset='97316154' lat='50.1063816' lon='14.4199156' />
  <node id='8311922390' action='delete' timestamp='2021-01-11T15:35:30Z' uid='100163' user='Hlav' visible='true' version='1' changeset='97316154' lat='50.1064284' lon='14.4200111' />
  <node id='8311922391' action='delete' timestamp='2021-01-11T15:35:30Z' uid='100163' user='Hlav' visible='true' version='1' changeset='97316154' lat='50.1065545' lon='14.4200925' />
  <node id='8311922392' action='delete' timestamp='2021-01-11T15:35:30Z' uid='100163' user='Hlav' visible='true' version='1' changeset='97316154' lat='50.1067058' lon='14.4202779' />
  <node id='8404425938' timestamp='2021-02-08T09:48:54Z' uid='100163' user='Hlav' visible='true' version='1' changeset='98898357' lat='50.1052809' lon='14.4277342' />
  <node id='8404425939' timestamp='2021-02-08T09:48:54Z' uid='100163' user='Hlav' visible='true' version='1' changeset='98898357' lat='50.1052393' lon='14.4277519' />
  <node id='8404425940' timestamp='2021-02-08T09:48:54Z' uid='100163' user='Hlav' visible='true' version='1' changeset='98898357' lat='50.1051783' lon='14.4273978' />
  <node id='8404425941' timestamp='2021-02-08T09:48:54Z' uid='100163' user='Hlav' visible='true' version='1' changeset='98898357' lat='50.1052064' lon='14.4272911' />
  <node id='8404425942' timestamp='2021-02-08T09:48:54Z' uid='100163' user='Hlav' visible='true' version='1' changeset='98898357' lat='50.1054015' lon='14.4270806' />
  <node id='8404425943' timestamp='2021-02-08T09:48:54Z' uid='100163' user='Hlav' visible='true' version='1' changeset='98898357' lat='50.1054283' lon='14.4271414' />
  <node id='8404425944' timestamp='2021-02-08T09:48:54Z' uid='100163' user='Hlav' visible='true' version='1' changeset='98898357' lat='50.105432' lon='14.4272014' />
  <node id='8404435273' timestamp='2021-02-08T09:50:18Z' uid='100163' user='Hlav' visible='true' version='1' changeset='98898466' lat='50.1049367' lon='14.4270807'>
    <tag k='amenity' v='bench' />
    <tag k='backrest' v='yes' />
  </node>
  <node id='8486380754' action='delete' timestamp='2021-03-04T15:52:59Z' uid='6588887' user='Martin2035' visible='true' version='1' changeset='100433029' lat='50.1070362' lon='14.426764' />
  <node id='8486380755' action='delete' timestamp='2021-03-04T15:52:59Z' uid='6588887' user='Martin2035' visible='true' version='1' changeset='100433029' lat='50.1069748' lon='14.4265401' />
  <node id='8567900400' action='delete' timestamp='2021-04-19T11:50:00Z' uid='873469' user='R3gi' visible='true' version='2' changeset='103195423' lat='50.1046642' lon='14.41667' />
  <node id='8567900405' action='delete' timestamp='2021-03-27T21:07:27Z' uid='873469' user='R3gi' visible='true' version='1' changeset='101854395' lat='50.104553' lon='14.4182184' />
  <node id='8567902109' action='delete' timestamp='2021-03-27T21:16:00Z' uid='873469' user='R3gi' visible='true' version='1' changeset='101854630' lat='50.1052504' lon='14.4189916' />
  <node id='8567902111' action='delete' timestamp='2021-03-27T21:16:00Z' uid='873469' user='R3gi' visible='true' version='1' changeset='101854630' lat='50.1057562' lon='14.4197622' />
  <node id='8567930117' action='delete' timestamp='2021-04-19T11:50:00Z' uid='873469' user='R3gi' visible='true' version='2' changeset='103195423' lat='50.1047001' lon='14.416632' />
  <node id='8567930121' action='delete' timestamp='2021-03-27T21:07:27Z' uid='873469' user='R3gi' visible='true' version='1' changeset='101854395' lat='50.1045692' lon='14.418082' />
  <node id='8567930134' action='delete' timestamp='2021-03-27T21:07:27Z' uid='873469' user='R3gi' visible='true' version='1' changeset='101854395' lat='50.1047667' lon='14.4161439' />
  <node id='8567930139' action='delete' timestamp='2023-07-28T12:45:27Z' uid='100163' user='Hlav' visible='true' version='3' changeset='139134143' lat='50.1045928' lon='14.4170318' />
  <node id='8567930151' action='delete' timestamp='2021-04-19T11:50:00Z' uid='873469' user='R3gi' visible='true' version='2' changeset='103195423' lat='50.1045038' lon='14.4180663' />
  <node id='8567941719' action='delete' timestamp='2021-03-27T21:16:00Z' uid='873469' user='R3gi' visible='true' version='1' changeset='101854630' lat='50.1053218' lon='14.4181743' />
  <node id='8567941721' action='delete' timestamp='2021-03-27T21:16:00Z' uid='873469' user='R3gi' visible='true' version='1' changeset='101854630' lat='50.1052816' lon='14.4191484' />
  <node id='8567941730' action='delete' timestamp='2021-03-27T21:16:00Z' uid='873469' user='R3gi' visible='true' version='1' changeset='101854630' lat='50.1052534' lon='14.4190422' />
  <node id='8569405420' action='delete' timestamp='2021-03-28T16:11:10Z' uid='873469' user='R3gi' visible='true' version='1' changeset='101880309' lat='50.1041384' lon='14.4176889' />
  <node id='8569405432' action='delete' timestamp='2021-03-28T16:11:10Z' uid='873469' user='R3gi' visible='true' version='1' changeset='101880309' lat='50.1045282' lon='14.4189782' />
  <node id='8569405434' action='delete' timestamp='2021-03-28T16:11:10Z' uid='873469' user='R3gi' visible='true' version='1' changeset='101880309' lat='50.1044951' lon='14.4153819' />
  <node id='8569405441' action='delete' timestamp='2021-03-28T16:11:10Z' uid='873469' user='R3gi' visible='true' version='1' changeset='101880309' lat='50.1041077' lon='14.4180248' />
  <node id='8569405445' action='delete' timestamp='2021-03-28T16:11:10Z' uid='873469' user='R3gi' visible='true' version='1' changeset='101880309' lat='50.1044924' lon='14.4152546' />
  <node id='8576293101' action='delete' timestamp='2024-09-25T16:21:09Z' uid='8971394' user='vojtechzaboril' visible='true' version='2' changeset='157091549' lat='50.1041714' lon='14.4306865' />
  <node id='8576293102' action='delete' timestamp='2024-09-25T16:21:09Z' uid='8971394' user='vojtechzaboril' visible='true' version='2' changeset='157091549' lat='50.1041957' lon='14.4305721' />
  <node id='8576293103' action='delete' timestamp='2021-03-30T18:11:33Z' uid='11276832' user='HaPe-CZ' visible='true' version='1' changeset='102002843' lat='50.104206' lon='14.4305477' />
  <node id='8576293104' action='delete' timestamp='2021-03-30T18:11:33Z' uid='11276832' user='HaPe-CZ' visible='true' version='1' changeset='102002843' lat='50.1042172' lon='14.4305259' />
  <node id='8576293106' action='delete' timestamp='2024-09-25T16:21:09Z' uid='8971394' user='vojtechzaboril' visible='true' version='2' changeset='157091549' lat='50.1041413' lon='14.4303499' />
  <node id='8576293110' action='delete' timestamp='2024-09-25T16:21:09Z' uid='8971394' user='vojtechzaboril' visible='true' version='2' changeset='157091549' lat='50.104165' lon='14.4304791' />
  <node id='8576293111' action='delete' timestamp='2024-09-25T16:21:09Z' uid='8971394' user='vojtechzaboril' visible='true' version='2' changeset='157091549' lat='50.1041552' lon='14.430539' />
  <node id='8576293112' timestamp='2021-03-30T18:11:33Z' uid='11276832' user='HaPe-CZ' visible='true' version='1' changeset='102002843' lat='50.1042622' lon='14.4295923' />
  <node id='8576293113' timestamp='2021-03-30T18:11:33Z' uid='11276832' user='HaPe-CZ' visible='true' version='1' changeset='102002843' lat='50.1042235' lon='14.4296491' />
  <node id='8576293114' timestamp='2021-03-30T18:11:33Z' uid='11276832' user='HaPe-CZ' visible='true' version='1' changeset='102002843' lat='50.104281' lon='14.4294939' />
  <node id='8576293115' timestamp='2021-03-30T18:11:33Z' uid='11276832' user='HaPe-CZ' visible='true' version='1' changeset='102002843' lat='50.1042623' lon='14.4294502' />
  <node id='8576293116' timestamp='2021-03-30T18:11:33Z' uid='11276832' user='HaPe-CZ' visible='true' version='1' changeset='102002843' lat='50.1042805' lon='14.429365' />
  <node id='8576308117' timestamp='2021-03-30T18:11:33Z' uid='11276832' user='HaPe-CZ' visible='true' version='1' changeset='102002843' lat='50.1043173' lon='14.4292171' />
  <node id='8576308118' timestamp='2021-03-30T18:11:33Z' uid='11276832' user='HaPe-CZ' visible='true' version='1' changeset='102002843' lat='50.1044036' lon='14.4289873' />
  <node id='8576308119' timestamp='2021-03-30T18:11:33Z' uid='11276832' user='HaPe-CZ' visible='true' version='1' changeset='102002843' lat='50.1043935' lon='14.4290422' />
  <node id='8576308120' timestamp='2021-03-30T18:11:33Z' uid='11276832' user='HaPe-CZ' visible='true' version='1' changeset='102002843' lat='50.1043668' lon='14.4291583' />
  <node id='8576308121' timestamp='2021-03-30T18:11:33Z' uid='11276832' user='HaPe-CZ' visible='true' version='1' changeset='102002843' lat='50.1043515' lon='14.4292091' />
  <node id='8576308122' timestamp='2021-03-30T18:11:33Z' uid='11276832' user='HaPe-CZ' visible='true' version='1' changeset='102002843' lat='50.1043277' lon='14.4292927' />
  <node id='8576308123' timestamp='2021-03-30T18:11:33Z' uid='11276832' user='HaPe-CZ' visible='true' version='1' changeset='102002843' lat='50.1043518' lon='14.4291038' />
  <node id='8576308124' timestamp='2021-03-30T18:11:33Z' uid='11276832' user='HaPe-CZ' visible='true' version='1' changeset='102002843' lat='50.1044124' lon='14.4289398' />
  <node id='8642986212' action='delete' timestamp='2021-04-19T09:27:19Z' uid='873469' user='R3gi' visible='true' version='1' changeset='103184274' lat='50.104634' lon='14.4191877' />
  <node id='8643475648' action='delete' timestamp='2021-04-19T11:50:00Z' uid='873469' user='R3gi' visible='true' version='1' changeset='103195423' lat='50.1045934' lon='14.4171948' />
  <node id='8643475650' action='delete' timestamp='2021-04-19T11:50:00Z' uid='873469' user='R3gi' visible='true' version='1' changeset='103195423' lat='50.1046144' lon='14.4169261' />
  <node id='8643475652' action='delete' timestamp='2021-04-19T11:50:00Z' uid='873469' user='R3gi' visible='true' version='1' changeset='103195423' lat='50.1046569' lon='14.4166947' />
  <node id='8643475661' action='delete' timestamp='2023-07-28T12:45:27Z' uid='100163' user='Hlav' visible='true' version='2' changeset='139134143' lat='50.1045748' lon='14.4171913' />
  <node id='8643475663' action='delete' timestamp='2021-04-19T11:50:00Z' uid='873469' user='R3gi' visible='true' version='1' changeset='103195423' lat='50.1046585' lon='14.416748' />
  <node id='8643475665' action='delete' timestamp='2021-04-19T11:50:00Z' uid='873469' user='R3gi' visible='true' version='1' changeset='103195423' lat='50.1046558' lon='14.4167229' />
  <node id='8643475676' action='delete' timestamp='2023-07-28T12:45:27Z' uid='100163' user='Hlav' visible='true' version='2' changeset='139134143' lat='50.1046047' lon='14.417035' />
  <node id='8643475678' action='delete' timestamp='2021-04-19T11:50:00Z' uid='873469' user='R3gi' visible='true' version='1' changeset='103195423' lat='50.1046767' lon='14.4166487' />
  <node id='8643475680' action='delete' timestamp='2021-04-19T11:50:00Z' uid='873469' user='R3gi' visible='true' version='1' changeset='103195423' lat='50.104689' lon='14.4166378' />
  <node id='8644837513' action='delete' timestamp='2021-04-19T19:16:04Z' uid='873469' user='R3gi' visible='true' version='1' changeset='103219074' lat='50.105463' lon='14.4157237' />
  <node id='8644957912' action='delete' timestamp='2021-04-19T19:11:01Z' uid='873469' user='R3gi' visible='true' version='1' changeset='103218902' lat='50.1042758' lon='14.4144062' />
  <node id='8644975523' action='delete' timestamp='2021-04-19T19:11:01Z' uid='873469' user='R3gi' visible='true' version='1' changeset='103218902' lat='50.1042517' lon='14.4138262' />
  <node id='8644975533' action='delete' timestamp='2021-04-19T19:11:01Z' uid='873469' user='R3gi' visible='true' version='1' changeset='103218902' lat='50.1042639' lon='14.4137827' />
  <node id='8644975543' action='delete' timestamp='2021-04-19T19:11:01Z' uid='873469' user='R3gi' visible='true' version='1' changeset='103218902' lat='50.1042919' lon='14.4137423' />
  <node id='8645024517' action='delete' timestamp='2021-04-19T19:16:04Z' uid='873469' user='R3gi' visible='true' version='1' changeset='103219074' lat='50.1054238' lon='14.415807' />
  <node id='8697244757' action='delete' timestamp='2022-03-31T11:26:02Z' uid='100163' user='Hlav' visible='true' version='2' changeset='119155260' lat='50.1068522' lon='14.4281274' />
  <node id='8697244758' action='delete' timestamp='2021-05-04T12:59:19Z' uid='100163' user='Hlav' visible='true' version='1' changeset='104126075' lat='50.106848' lon='14.4282396' />
  <node id='8697244759' action='delete' timestamp='2021-05-04T12:59:19Z' uid='100163' user='Hlav' visible='true' version='1' changeset='104126075' lat='50.1068327' lon='14.4287746' />
  <node id='8697244760' action='delete' timestamp='2021-05-04T12:59:19Z' uid='100163' user='Hlav' visible='true' version='1' changeset='104126075' lat='50.1068303' lon='14.4288299' />
  <node id='8697244761' action='delete' timestamp='2021-05-04T12:59:19Z' uid='100163' user='Hlav' visible='true' version='1' changeset='104126075' lat='50.1068196' lon='14.4288447' />
  <node id='8697244762' action='delete' timestamp='2021-05-04T12:59:19Z' uid='100163' user='Hlav' visible='true' version='1' changeset='104126075' lat='50.1068019' lon='14.4288594' />
  <node id='8697244763' action='delete' timestamp='2021-05-04T12:59:19Z' uid='100163' user='Hlav' visible='true' version='1' changeset='104126075' lat='50.1067889' lon='14.4288594' />
  <node id='8697244764' action='delete' timestamp='2021-05-04T12:59:19Z' uid='100163' user='Hlav' visible='true' version='1' changeset='104126075' lat='50.1067782' lon='14.428852' />
  <node id='8697244765' action='delete' timestamp='2021-05-04T12:59:19Z' uid='100163' user='Hlav' visible='true' version='1' changeset='104126075' lat='50.1067664' lon='14.4288391' />
  <node id='8697244766' action='delete' timestamp='2021-05-04T12:59:19Z' uid='100163' user='Hlav' visible='true' version='1' changeset='104126075' lat='50.1065913' lon='14.4282451' />
  <node id='8697244767' action='delete' timestamp='2021-05-04T12:59:19Z' uid='100163' user='Hlav' visible='true' version='1' changeset='104126075' lat='50.1067002' lon='14.4281752' />
  <node id='8697244772' action='delete' timestamp='2021-05-04T12:59:19Z' uid='100163' user='Hlav' visible='true' version='1' changeset='104126075' lat='50.1068356' lon='14.429089' />
  <node id='8768905526' action='delete' timestamp='2021-05-26T14:44:01Z' uid='100163' user='Hlav' visible='true' version='1' changeset='105365179' lat='50.1060447' lon='14.4308378' />
  <node id='8768905527' action='delete' timestamp='2021-05-26T14:44:01Z' uid='100163' user='Hlav' visible='true' version='1' changeset='105365179' lat='50.1063448' lon='14.4318726' />
  <node id='8768905528' action='delete' timestamp='2021-05-26T14:44:01Z' uid='100163' user='Hlav' visible='true' version='1' changeset='105365179' lat='50.1063437' lon='14.4318949' />
  <node id='8768905529' action='delete' timestamp='2021-05-26T14:44:01Z' uid='100163' user='Hlav' visible='true' version='1' changeset='105365179' lat='50.1063384' lon='14.4319238' />
  <node id='8768905530' action='delete' timestamp='2021-05-26T14:44:01Z' uid='100163' user='Hlav' visible='true' version='1' changeset='105365179' lat='50.1063321' lon='14.4319395' />
  <node id='8768905531' action='delete' timestamp='2021-05-26T14:44:01Z' uid='100163' user='Hlav' visible='true' version='1' changeset='105365179' lat='50.1063193' lon='14.4319593' />
  <node id='8768905532' action='delete' timestamp='2021-05-26T14:44:01Z' uid='100163' user='Hlav' visible='true' version='1' changeset='105365179' lat='50.1061377' lon='14.4320897' />
  <node id='8768905533' action='delete' timestamp='2021-05-26T14:44:01Z' uid='100163' user='Hlav' visible='true' version='1' changeset='105365179' lat='50.1061036' lon='14.4321135' />
  <node id='8768905534' action='delete' timestamp='2021-05-26T14:44:01Z' uid='100163' user='Hlav' visible='true' version='1' changeset='105365179' lat='50.106018' lon='14.4321708' />
  <node id='8768905535' action='delete' timestamp='2021-05-26T14:44:01Z' uid='100163' user='Hlav' visible='true' version='1' changeset='105365179' lat='50.1059991' lon='14.4321816' />
  <node id='8768905536' action='delete' timestamp='2021-05-26T14:44:01Z' uid='100163' user='Hlav' visible='true' version='1' changeset='105365179' lat='50.1059586' lon='14.4321953' />
  <node id='8768905537' action='delete' timestamp='2021-05-26T14:44:01Z' uid='100163' user='Hlav' visible='true' version='1' changeset='105365179' lat='50.1059215' lon='14.4321992' />
  <node id='8768905538' action='delete' timestamp='2021-05-26T14:44:01Z' uid='100163' user='Hlav' visible='true' version='1' changeset='105365179' lat='50.1058876' lon='14.4322009' />
  <node id='8768905539' action='delete' timestamp='2021-05-26T14:44:01Z' uid='100163' user='Hlav' visible='true' version='1' changeset='105365179' lat='50.1058731' lon='14.4321958' />
  <node id='8768905540' action='delete' timestamp='2021-05-26T14:44:01Z' uid='100163' user='Hlav' visible='true' version='1' changeset='105365179' lat='50.1057092' lon='14.4321362' />
  <node id='8768905541' action='delete' timestamp='2021-05-26T14:44:01Z' uid='100163' user='Hlav' visible='true' version='1' changeset='105365179' lat='50.1056553' lon='14.4319596' />
  <node id='8768905542' action='delete' timestamp='2021-05-26T14:44:01Z' uid='100163' user='Hlav' visible='true' version='1' changeset='105365179' lat='50.1056407' lon='14.4319057' />
  <node id='8768905543' action='delete' timestamp='2021-05-26T14:44:01Z' uid='100163' user='Hlav' visible='true' version='1' changeset='105365179' lat='50.1055042' lon='14.4319948' />
  <node id='8768905544' action='delete' timestamp='2021-05-26T14:44:01Z' uid='100163' user='Hlav' visible='true' version='1' changeset='105365179' lat='50.1054812' lon='14.4319886' />
  <node id='8768905545' action='delete' timestamp='2021-05-26T14:44:01Z' uid='100163' user='Hlav' visible='true' version='1' changeset='105365179' lat='50.1054567' lon='14.4318983' />
  <node id='8768905546' action='delete' timestamp='2021-05-26T14:44:01Z' uid='100163' user='Hlav' visible='true' version='1' changeset='105365179' lat='50.1058516' lon='14.4310886' />
  <node id='8768905547' action='delete' timestamp='2021-05-26T14:44:01Z' uid='100163' user='Hlav' visible='true' version='1' changeset='105365179' lat='50.1058108' lon='14.4309505' />
  <node id='8768905548' action='delete' timestamp='2021-05-26T14:44:01Z' uid='100163' user='Hlav' visible='true' version='1' changeset='105365179' lat='50.1055263' lon='14.4310699' />
  <node id='8768905549' action='delete' timestamp='2021-05-26T14:44:01Z' uid='100163' user='Hlav' visible='true' version='1' changeset='105365179' lat='50.1059397' lon='14.4307791' />
  <node id='8768905550' action='delete' timestamp='2021-05-26T14:44:01Z' uid='100163' user='Hlav' visible='true' version='1' changeset='105365179' lat='50.1057417' lon='14.4301933' />
  <node id='8768905551' action='delete' timestamp='2021-05-26T14:44:01Z' uid='100163' user='Hlav' visible='true' version='1' changeset='105365179' lat='50.1052939' lon='14.4305041' />
  <node id='8768905552' action='delete' timestamp='2021-05-26T14:44:01Z' uid='100163' user='Hlav' visible='true' version='1' changeset='105365179' lat='50.1052447' lon='14.4305375' />
  <node id='8768905553' action='delete' timestamp='2021-05-26T14:44:01Z' uid='100163' user='Hlav' visible='true' version='1' changeset='105365179' lat='50.1048684' lon='14.4307322' />
  <node id='8768905554' action='delete' timestamp='2021-05-26T14:44:01Z' uid='100163' user='Hlav' visible='true' version='1' changeset='105365179' lat='50.1045004' lon='14.4304617' />
  <node id='8768905555' action='delete' timestamp='2021-05-26T14:44:01Z' uid='100163' user='Hlav' visible='true' version='1' changeset='105365179' lat='50.1045147' lon='14.430418' />
  <node id='8768905556' action='delete' timestamp='2021-05-26T14:44:01Z' uid='100163' user='Hlav' visible='true' version='1' changeset='105365179' lat='50.1045976' lon='14.4306382' />
  <node id='8768905557' action='delete' timestamp='2021-05-26T14:44:01Z' uid='100163' user='Hlav' visible='true' version='1' changeset='105365179' lat='50.104537' lon='14.4306887' />
  <node id='8768905558' action='delete' timestamp='2021-05-26T14:44:01Z' uid='100163' user='Hlav' visible='true' version='1' changeset='105365179' lat='50.1045509' lon='14.4304707' />
  <node id='8768905559' action='delete' timestamp='2021-05-26T14:44:01Z' uid='100163' user='Hlav' visible='true' version='1' changeset='105365179' lat='50.1045384' lon='14.4304443' />
  <node id='8768905565' action='delete' timestamp='2021-05-26T14:44:01Z' uid='100163' user='Hlav' visible='true' version='1' changeset='105365179' lat='50.1048294' lon='14.4315503' />
  <node id='8791235225' action='delete' timestamp='2021-06-02T07:50:50Z' uid='1189910' user='Milancer' visible='true' version='1' changeset='105712142' lat='50.1067163' lon='14.429394' />
  <node id='8791235226' action='delete' timestamp='2021-06-02T07:50:50Z' uid='1189910' user='Milancer' visible='true' version='1' changeset='105712142' lat='50.1061343' lon='14.4298145' />
  <node id='8791235227' action='delete' timestamp='2021-06-02T07:50:50Z' uid='1189910' user='Milancer' visible='true' version='1' changeset='105712142' lat='50.1058345' lon='14.428738' />
  <node id='8791235228' action='delete' timestamp='2021-06-02T07:50:50Z' uid='1189910' user='Milancer' visible='true' version='1' changeset='105712142' lat='50.1058841' lon='14.4284189' />
  <node id='8791235229' action='delete' timestamp='2021-06-02T07:50:50Z' uid='1189910' user='Milancer' visible='true' version='1' changeset='105712142' lat='50.1064577' lon='14.4280408' />
  <node id='8851252416' timestamp='2021-06-21T09:21:22Z' uid='100163' user='Hlav' visible='true' version='2' changeset='106704321' lat='50.1053943' lon='14.4271227'>
    <tag k='colour' v='sand' />
    <tag k='height' v='10' />
    <tag k='man_made' v='flagpole' />
  </node>
  <node id='8851294317' timestamp='2025-07-22T11:35:59Z' uid='15945994' user='Bohuslav Kovalsky' visible='true' version='2' changeset='169288690' lat='50.1052946' lon='14.4275581'>
    <tag k='amenity' v='bicycle_parking' />
    <tag k='bicycle_parking' v='wall_loops' />
    <tag k='capacity' v='5' />
    <tag k='check_date:capacity' v='2025-07-22' />
    <tag k='covered' v='no' />
    <tag k='fee' v='no' />
  </node>
  <node id='8851294318' timestamp='2025-08-09T09:21:36Z' uid='529629' user='Pescan' visible='true' version='3' changeset='170190993' lat='50.1052775' lon='14.4274023'>
    <tag k='access' v='yes' />
    <tag k='fee' v='yes' />
    <tag k='name' v='Apollo 11 - přistávací modul' />
    <tag k='name:en' v='Apollo 11 landing module' />
    <tag k='name:sk' v='Apollo 11 - lunárny modul' />
    <tag k='operator' v='Planetárium Praha' />
    <tag k='subject:wikidata' v='Q28101302' />
    <tag k='subject:wikipedia' v='en:Lunar Module Eagle' />
    <tag k='tourism' v='attraction' />
  </node>
  <node id='8852424423' timestamp='2021-06-21T09:15:02Z' uid='100163' user='Hlav' visible='true' version='1' changeset='106703903' lat='50.1053502' lon='14.4270519' />
  <node id='8852424424' timestamp='2021-06-21T09:15:02Z' uid='100163' user='Hlav' visible='true' version='1' changeset='106703903' lat='50.1052824' lon='14.427732' />
  <node id='8852424425' timestamp='2021-06-21T09:15:02Z' uid='100163' user='Hlav' visible='true' version='1' changeset='106703903' lat='50.1051715' lon='14.4276575' />
  <node id='8852424426' timestamp='2021-06-21T09:15:02Z' uid='100163' user='Hlav' visible='true' version='1' changeset='106703903' lat='50.1051796' lon='14.4276542' />
  <node id='8862647608' action='delete' timestamp='2021-06-24T09:51:38Z' uid='100163' user='Hlav' visible='true' version='1' changeset='106890026' lat='50.1066918' lon='14.4258835' />
  <node id='8862647609' action='delete' timestamp='2021-06-24T09:51:38Z' uid='100163' user='Hlav' visible='true' version='1' changeset='106890026' lat='50.1067508' lon='14.4257424' />
  <node id='8862647610' action='delete' timestamp='2021-06-24T09:51:38Z' uid='100163' user='Hlav' visible='true' version='1' changeset='106890026' lat='50.1068522' lon='14.4256906' />
  <node id='8862647611' action='delete' timestamp='2021-06-24T09:51:38Z' uid='100163' user='Hlav' visible='true' version='1' changeset='106890026' lat='50.1069425' lon='14.4253916' />
  <node id='8862647612' action='delete' timestamp='2021-06-24T09:51:38Z' uid='100163' user='Hlav' visible='true' version='1' changeset='106890026' lat='50.1071177' lon='14.4249978' />
  <node id='8862647613' action='delete' timestamp='2021-06-24T09:51:38Z' uid='100163' user='Hlav' visible='true' version='1' changeset='106890026' lat='50.1067674' lon='14.4246931' />
  <node id='8862647614' action='delete' timestamp='2021-06-24T09:51:38Z' uid='100163' user='Hlav' visible='true' version='1' changeset='106890026' lat='50.1069112' lon='14.4242906' />
  <node id='8862647615' action='delete' timestamp='2021-06-24T09:51:38Z' uid='100163' user='Hlav' visible='true' version='1' changeset='106890026' lat='50.1070716' lon='14.4240003' />
  <node id='8862647616' action='delete' timestamp='2021-06-24T09:51:38Z' uid='100163' user='Hlav' visible='true' version='1' changeset='106890026' lat='50.1072283' lon='14.4240492' />
  <node id='8862701417' action='delete' timestamp='2021-06-24T09:51:38Z' uid='100163' user='Hlav' visible='true' version='1' changeset='106890026' lat='50.1072781' lon='14.4242878' />
  <node id='8862701418' action='delete' timestamp='2021-06-24T09:51:38Z' uid='100163' user='Hlav' visible='true' version='1' changeset='106890026' lat='50.1074366' lon='14.4245695' />
  <node id='8862701419' action='delete' timestamp='2021-06-24T09:51:38Z' uid='100163' user='Hlav' visible='true' version='1' changeset='106890026' lat='50.1078017' lon='14.424167' />
  <node id='8862701420' action='delete' timestamp='2021-06-24T09:51:38Z' uid='100163' user='Hlav' visible='true' version='1' changeset='106890026' lat='50.1079455' lon='14.4239054' />
  <node id='8862701421' action='delete' timestamp='2021-06-24T09:51:38Z' uid='100163' user='Hlav' visible='true' version='1' changeset='106890026' lat='50.1081151' lon='14.4238594' />
  <node id='8862701422' action='delete' timestamp='2021-06-24T09:51:38Z' uid='100163' user='Hlav' visible='true' version='1' changeset='106890026' lat='50.1084396' lon='14.4235317' />
  <node id='8862701423' action='delete' timestamp='2021-06-24T09:51:38Z' uid='100163' user='Hlav' visible='true' version='1' changeset='106890026' lat='50.1086959' lon='14.423089' />
  <node id='8862701424' action='delete' timestamp='2021-06-24T09:51:38Z' uid='100163' user='Hlav' visible='true' version='1' changeset='106890026' lat='50.1088139' lon='14.4228015' />
  <node id='8862701425' action='delete' timestamp='2021-06-24T09:51:38Z' uid='100163' user='Hlav' visible='true' version='1' changeset='106890026' lat='50.1089872' lon='14.4221375' />
  <node id='8862701426' action='delete' timestamp='2021-06-24T09:51:38Z' uid='100163' user='Hlav' visible='true' version='1' changeset='106890026' lat='50.1090499' lon='14.4216373' />
  <node id='8862701427' action='delete' timestamp='2021-06-24T09:51:38Z' uid='100163' user='Hlav' visible='true' version='1' changeset='106890026' lat='50.1090296' lon='14.4210106' />
  <node id='8862701428' action='delete' timestamp='2021-06-24T09:51:38Z' uid='100163' user='Hlav' visible='true' version='1' changeset='106890026' lat='50.1089632' lon='14.4206685' />
  <node id='8862701429' action='delete' timestamp='2021-06-24T09:51:38Z' uid='100163' user='Hlav' visible='true' version='1' changeset='106890026' lat='50.1087327' lon='14.4196508' />
  <node id='8862701430' action='delete' timestamp='2021-06-24T09:51:38Z' uid='100163' user='Hlav' visible='true' version='1' changeset='106890026' lat='50.108506' lon='14.4186734' />
  <node id='8862701431' action='delete' timestamp='2021-06-24T09:51:38Z' uid='100163' user='Hlav' visible='true' version='1' changeset='106890026' lat='50.1083898' lon='14.4186533' />
  <node id='8862701432' action='delete' timestamp='2021-06-24T09:51:38Z' uid='100163' user='Hlav' visible='true' version='1' changeset='106890026' lat='50.1083824' lon='14.418912' />
  <node id='8862701433' action='delete' timestamp='2021-06-24T09:51:38Z' uid='100163' user='Hlav' visible='true' version='1' changeset='106890026' lat='50.1084562' lon='14.419165' />
  <node id='8862701434' action='delete' timestamp='2021-06-24T09:51:38Z' uid='100163' user='Hlav' visible='true' version='1' changeset='106890026' lat='50.1085115' lon='14.4195042' />
  <node id='8862701435' action='delete' timestamp='2021-06-24T09:51:38Z' uid='100163' user='Hlav' visible='true' version='1' changeset='106890026' lat='50.1085576' lon='14.4195962' />
  <node id='8862701436' action='delete' timestamp='2021-06-24T09:51:38Z' uid='100163' user='Hlav' visible='true' version='1' changeset='106890026' lat='50.1085152' lon='14.4199412' />
  <node id='8862701437' action='delete' timestamp='2021-06-24T09:51:38Z' uid='100163' user='Hlav' visible='true' version='1' changeset='106890026' lat='50.1087014' lon='14.4204443' />
  <node id='8862701438' action='delete' timestamp='2021-06-24T09:51:38Z' uid='100163' user='Hlav' visible='true' version='1' changeset='106890026' lat='50.1087751' lon='14.4206915' />
  <node id='8862701439' action='delete' timestamp='2021-06-24T09:51:38Z' uid='100163' user='Hlav' visible='true' version='1' changeset='106890026' lat='50.108812' lon='14.4209416' />
  <node id='8862701440' action='delete' timestamp='2021-06-24T09:51:38Z' uid='100163' user='Hlav' visible='true' version='1' changeset='106890026' lat='50.1088765' lon='14.4212003' />
  <node id='8862701441' action='delete' timestamp='2021-06-24T09:51:38Z' uid='100163' user='Hlav' visible='true' version='1' changeset='106890026' lat='50.1088747' lon='14.4214533' />
  <node id='8862701442' action='delete' timestamp='2021-06-24T09:51:38Z' uid='100163' user='Hlav' visible='true' version='1' changeset='106890026' lat='50.1088083' lon='14.4217264' />
  <node id='8862701443' action='delete' timestamp='2021-06-24T09:51:38Z' uid='100163' user='Hlav' visible='true' version='1' changeset='106890026' lat='50.1085558' lon='14.4216516' />
  <node id='8862701444' action='delete' timestamp='2021-06-24T09:51:38Z' uid='100163' user='Hlav' visible='true' version='1' changeset='106890026' lat='50.1081944' lon='14.4224048' />
  <node id='8862701445' action='delete' timestamp='2021-06-24T09:51:38Z' uid='100163' user='Hlav' visible='true' version='1' changeset='106890026' lat='50.1081372' lon='14.422583' />
  <node id='8862701446' action='delete' timestamp='2021-06-24T09:51:38Z' uid='100163' user='Hlav' visible='true' version='1' changeset='106890026' lat='50.1081999' lon='14.4226377' />
  <node id='8862701447' action='delete' timestamp='2021-06-24T09:51:38Z' uid='100163' user='Hlav' visible='true' version='1' changeset='106890026' lat='50.1086166' lon='14.4223962' />
  <node id='8862701448' action='delete' timestamp='2021-06-24T09:51:38Z' uid='100163' user='Hlav' visible='true' version='1' changeset='106890026' lat='50.1087198' lon='14.4224163' />
  <node id='8862701449' action='delete' timestamp='2021-06-24T09:51:38Z' uid='100163' user='Hlav' visible='true' version='1' changeset='106890026' lat='50.1086996' lon='14.4225715' />
  <node id='8862701450' action='delete' timestamp='2021-06-24T09:51:38Z' uid='100163' user='Hlav' visible='true' version='1' changeset='106890026' lat='50.1084488' lon='14.4227929' />
  <node id='8862701451' action='delete' timestamp='2021-06-24T09:51:38Z' uid='100163' user='Hlav' visible='true' version='1' changeset='106890026' lat='50.1083308' lon='14.4229424' />
  <node id='8862701452' action='delete' timestamp='2021-06-24T09:51:38Z' uid='100163' user='Hlav' visible='true' version='1' changeset='106890026' lat='50.1085687' lon='14.4228533' />
  <node id='8862701453' action='delete' timestamp='2021-06-24T09:51:38Z' uid='100163' user='Hlav' visible='true' version='1' changeset='106890026' lat='50.1085723' lon='14.4229711' />
  <node id='8862701454' action='delete' timestamp='2021-06-24T09:51:38Z' uid='100163' user='Hlav' visible='true' version='1' changeset='106890026' lat='50.108399' lon='14.4232701' />
  <node id='8862701455' action='delete' timestamp='2021-06-24T09:51:38Z' uid='100163' user='Hlav' visible='true' version='1' changeset='106890026' lat='50.108128' lon='14.4234713' />
  <node id='8862701456' action='delete' timestamp='2021-06-24T09:51:38Z' uid='100163' user='Hlav' visible='true' version='1' changeset='106890026' lat='50.1079031' lon='14.4233535' />
  <node id='8862701457' action='delete' timestamp='2021-06-24T09:51:38Z' uid='100163' user='Hlav' visible='true' version='1' changeset='106890026' lat='50.1077851' lon='14.4233362' />
  <node id='8862701458' action='delete' timestamp='2021-06-24T09:51:38Z' uid='100163' user='Hlav' visible='true' version='1' changeset='106890026' lat='50.107715' lon='14.4237243' />
  <node id='8862701459' action='delete' timestamp='2021-06-24T09:51:38Z' uid='100163' user='Hlav' visible='true' version='1' changeset='106890026' lat='50.107315' lon='14.4235719' />
  <node id='8862701460' action='delete' timestamp='2021-06-24T09:51:38Z' uid='100163' user='Hlav' visible='true' version='1' changeset='106890026' lat='50.1073942' lon='14.423227' />
  <node id='8862701461' action='delete' timestamp='2021-06-24T09:51:38Z' uid='100163' user='Hlav' visible='true' version='1' changeset='106890026' lat='50.107267' lon='14.4228044' />
  <node id='8862701462' action='delete' timestamp='2021-06-24T09:51:38Z' uid='100163' user='Hlav' visible='true' version='1' changeset='106890026' lat='50.1069757' lon='14.4226032' />
  <node id='8862701463' action='delete' timestamp='2021-06-24T09:51:38Z' uid='100163' user='Hlav' visible='true' version='1' changeset='106890026' lat='50.1066616' lon='14.4230752' />
  <node id='8862701464' action='delete' timestamp='2021-06-24T09:51:38Z' uid='100163' user='Hlav' visible='true' version='1' changeset='106890026' lat='50.1063657' lon='14.4229572' />
  <node id='8862701465' action='delete' timestamp='2021-06-24T09:51:38Z' uid='100163' user='Hlav' visible='true' version='1' changeset='106890026' lat='50.106204' lon='14.4223832' />
  <node id='8862701466' action='delete' timestamp='2021-06-24T09:51:38Z' uid='100163' user='Hlav' visible='true' version='1' changeset='106890026' lat='50.106352' lon='14.4212728' />
  <node id='8862701467' action='delete' timestamp='2021-06-24T09:51:38Z' uid='100163' user='Hlav' visible='true' version='1' changeset='106890026' lat='50.1059322' lon='14.4206076' />
  <node id='8862701468' action='delete' timestamp='2021-06-24T09:51:38Z' uid='100163' user='Hlav' visible='true' version='1' changeset='106890026' lat='50.1056707' lon='14.4205379' />
  <node id='8862701469' action='delete' timestamp='2021-06-24T09:51:38Z' uid='100163' user='Hlav' visible='true' version='1' changeset='106890026' lat='50.1054897' lon='14.4196922' />
  <node id='8862701470' action='delete' timestamp='2021-06-24T09:51:38Z' uid='100163' user='Hlav' visible='true' version='1' changeset='106890026' lat='50.1053569' lon='14.4183083' />
  <node id='8862701471' action='delete' timestamp='2021-06-24T09:51:38Z' uid='100163' user='Hlav' visible='true' version='1' changeset='106890026' lat='50.1053526' lon='14.4179263' />
  <node id='8862701472' action='delete' timestamp='2021-06-24T09:51:38Z' uid='100163' user='Hlav' visible='true' version='1' changeset='106890026' lat='50.1053637' lon='14.4177703' />
  <node id='8862701473' action='delete' timestamp='2021-06-24T09:51:38Z' uid='100163' user='Hlav' visible='true' version='1' changeset='106890026' lat='50.1053437' lon='14.4173578' />
  <node id='8862701474' action='delete' timestamp='2021-06-24T09:51:38Z' uid='100163' user='Hlav' visible='true' version='1' changeset='106890026' lat='50.1052058' lon='14.4172954' />
  <node id='8862701475' action='delete' timestamp='2023-07-28T12:45:27Z' uid='100163' user='Hlav' visible='true' version='3' changeset='139134143' lat='50.1050522' lon='14.4185247' />
  <node id='8862701476' action='delete' timestamp='2023-07-28T12:45:27Z' uid='100163' user='Hlav' visible='true' version='2' changeset='139134143' lat='50.1050245' lon='14.4187472' />
  <node id='8862701477' action='delete' timestamp='2023-07-28T12:45:27Z' uid='100163' user='Hlav' visible='true' version='2' changeset='139134143' lat='50.1050296' lon='14.4189657' />
  <node id='8862701478' action='delete' timestamp='2021-06-24T09:51:38Z' uid='100163' user='Hlav' visible='true' version='1' changeset='106890026' lat='50.1057261' lon='14.4218606' />
  <node id='8862701479' action='delete' timestamp='2021-06-24T09:51:38Z' uid='100163' user='Hlav' visible='true' version='1' changeset='106890026' lat='50.1059573' lon='14.4227341' />
  <node id='8862701480' action='delete' timestamp='2021-06-24T09:51:38Z' uid='100163' user='Hlav' visible='true' version='1' changeset='106890026' lat='50.1061283' lon='14.4230413' />
  <node id='8862701481' action='delete' timestamp='2021-06-24T09:51:38Z' uid='100163' user='Hlav' visible='true' version='1' changeset='106890026' lat='50.1062154' lon='14.4234193' />
  <node id='8862701482' action='delete' timestamp='2021-06-24T09:51:38Z' uid='100163' user='Hlav' visible='true' version='1' changeset='106890026' lat='50.106154' lon='14.4235125' />
  <node id='8862701483' action='delete' timestamp='2021-06-24T09:51:38Z' uid='100163' user='Hlav' visible='true' version='1' changeset='106890026' lat='50.1071' lon='14.4221833' />
  <node id='8862701484' action='delete' timestamp='2021-06-24T09:51:38Z' uid='100163' user='Hlav' visible='true' version='1' changeset='106890026' lat='50.1072297' lon='14.4221419' />
  <node id='8862701485' action='delete' timestamp='2021-06-24T09:51:38Z' uid='100163' user='Hlav' visible='true' version='1' changeset='106890026' lat='50.1072363' lon='14.422259' />
  <node id='8862701486' action='delete' timestamp='2021-06-24T09:51:38Z' uid='100163' user='Hlav' visible='true' version='1' changeset='106890026' lat='50.1073629' lon='14.4222137' />
  <node id='8862701487' action='delete' timestamp='2021-06-24T09:51:38Z' uid='100163' user='Hlav' visible='true' version='1' changeset='106890026' lat='50.1073094' lon='14.4226194' />
  <node id='8862701488' action='delete' timestamp='2021-06-24T09:51:38Z' uid='100163' user='Hlav' visible='true' version='1' changeset='106890026' lat='50.107549' lon='14.4225034' />
  <node id='8862701489' action='delete' timestamp='2021-06-24T09:51:38Z' uid='100163' user='Hlav' visible='true' version='1' changeset='106890026' lat='50.1076327' lon='14.4222544' />
  <node id='8862701490' action='delete' timestamp='2021-06-24T09:51:38Z' uid='100163' user='Hlav' visible='true' version='1' changeset='106890026' lat='50.1076376' lon='14.4218528' />
  <node id='8862701491' action='delete' timestamp='2021-06-24T09:51:38Z' uid='100163' user='Hlav' visible='true' version='1' changeset='106890026' lat='50.1075355' lon='14.4219869' />
  <node id='8862701492' action='delete' timestamp='2021-06-24T09:51:38Z' uid='100163' user='Hlav' visible='true' version='1' changeset='106890026' lat='50.1074563' lon='14.4217097' />
  <node id='8862701493' action='delete' timestamp='2021-06-24T09:51:38Z' uid='100163' user='Hlav' visible='true' version='1' changeset='106890026' lat='50.1075159' lon='14.421659' />
  <node id='8918425385' timestamp='2022-08-01T18:47:17Z' uid='8971394' user='vojtechzaboril' visible='true' version='3' changeset='124360374' lat='50.104698' lon='14.4280328'>
    <tag k='railway' v='tram_crossing' />
  </node>
  <node id='8919039295' action='delete' timestamp='2021-07-14T09:29:28Z' uid='13633789' user='tter' visible='true' version='1' changeset='107965800' lat='50.1043845' lon='14.4305427' />
  <node id='8919039296' action='delete' timestamp='2021-07-14T09:29:28Z' uid='13633789' user='tter' visible='true' version='1' changeset='107965800' lat='50.10446' lon='14.4302892' />
  <node id='9393895103' action='delete' timestamp='2023-09-21T09:18:24Z' uid='19222241' user='ThHes' visible='true' version='2' changeset='141546092' lat='50.1065419' lon='14.4197582'>
    <tag k='amenity' v='bench' />
    <tag k='backrest' v='yes' />
    <tag k='source' v='CZ:IPRPraha:ortofoto' />
  </node>
  <node id='9393895110' action='delete' timestamp='2022-01-05T10:03:03Z' uid='8971394' user='vojtechzaboril' visible='true' version='1' changeset='115789366' lat='50.1060972' lon='14.4198085' />
  <node id='9393895111' action='delete' timestamp='2022-01-05T10:03:03Z' uid='8971394' user='vojtechzaboril' visible='true' version='1' changeset='115789366' lat='50.1060478' lon='14.4197528'>
    <tag k='amenity' v='bench' />
    <tag k='backrest' v='yes' />
    <tag k='source' v='CZ:IPRPraha:ortofoto' />
  </node>
  <node id='9393895112' action='delete' timestamp='2022-01-05T10:03:03Z' uid='8971394' user='vojtechzaboril' visible='true' version='1' changeset='115789366' lat='50.1062503' lon='14.4208451'>
    <tag k='amenity' v='bench' />
    <tag k='backrest' v='yes' />
    <tag k='source' v='CZ:IPRPraha:ortofoto' />
  </node>
  <node id='9393895113' action='delete' timestamp='2022-01-05T10:03:03Z' uid='8971394' user='vojtechzaboril' visible='true' version='1' changeset='115789366' lat='50.1062632' lon='14.4208894'>
    <tag k='amenity' v='bench' />
    <tag k='backrest' v='yes' />
    <tag k='source' v='CZ:IPRPraha:ortofoto' />
  </node>
  <node id='9394012045' action='delete' timestamp='2023-09-21T08:59:23Z' uid='19222241' user='ThHes' visible='true' version='2' changeset='141546092' lat='50.1058985' lon='14.422382'>
    <tag k='amenity' v='bench' />
    <tag k='backrest' v='yes' />
  </node>
  <node id='9394012046' action='delete' timestamp='2023-09-21T08:59:28Z' uid='19222241' user='ThHes' visible='true' version='2' changeset='141546092' lat='50.1057717' lon='14.4220696'>
    <tag k='amenity' v='bench' />
    <tag k='backrest' v='yes' />
  </node>
  <node id='9394012047' action='delete' timestamp='2023-09-21T08:59:30Z' uid='19222241' user='ThHes' visible='true' version='2' changeset='141546092' lat='50.1058336' lon='14.4221245'>
    <tag k='amenity' v='bench' />
    <tag k='backrest' v='yes' />
  </node>
  <node id='9394012048' action='delete' timestamp='2023-09-21T08:59:36Z' uid='19222241' user='ThHes' visible='true' version='2' changeset='141546092' lat='50.105693' lon='14.421745'>
    <tag k='amenity' v='bench' />
    <tag k='backrest' v='yes' />
  </node>
  <node id='9394012049' action='delete' timestamp='2023-09-21T08:59:26Z' uid='19222241' user='ThHes' visible='true' version='2' changeset='141546092' lat='50.1057678' lon='14.4218677'>
    <tag k='amenity' v='bench' />
    <tag k='backrest' v='yes' />
  </node>
  <node id='9394012050' action='delete' timestamp='2023-09-21T08:59:32Z' uid='19222241' user='ThHes' visible='true' version='2' changeset='141546092' lat='50.1056938' lon='14.421578'>
    <tag k='amenity' v='bench' />
    <tag k='backrest' v='yes' />
  </node>
  <node id='9394012051' action='delete' timestamp='2023-09-21T08:59:43Z' uid='19222241' user='ThHes' visible='true' version='2' changeset='141546092' lat='50.1056069' lon='14.4213943'>
    <tag k='amenity' v='bench' />
    <tag k='backrest' v='yes' />
  </node>
  <node id='9394012052' action='delete' timestamp='2023-09-21T08:59:41Z' uid='19222241' user='ThHes' visible='true' version='2' changeset='141546092' lat='50.1056005' lon='14.4213655'>
    <tag k='amenity' v='bench' />
    <tag k='backrest' v='yes' />
  </node>
  <node id='9394012053' action='delete' timestamp='2023-09-21T08:59:38Z' uid='19222241' user='ThHes' visible='true' version='2' changeset='141546092' lat='50.1056332' lon='14.4213427'>
    <tag k='amenity' v='bench' />
    <tag k='backrest' v='yes' />
  </node>
  <node id='9394012054' action='delete' timestamp='2023-09-21T08:59:47Z' uid='19222241' user='ThHes' visible='true' version='2' changeset='141546092' lat='50.1054418' lon='14.4205514'>
    <tag k='amenity' v='bench' />
    <tag k='backrest' v='yes' />
  </node>
  <node id='9394012055' action='delete' timestamp='2023-09-21T08:59:48Z' uid='19222241' user='ThHes' visible='true' version='2' changeset='141546092' lat='50.1053743' lon='14.4202899'>
    <tag k='amenity' v='bench' />
    <tag k='backrest' v='yes' />
  </node>
  <node id='9394012056' action='delete' timestamp='2023-09-21T08:59:51Z' uid='19222241' user='ThHes' visible='true' version='2' changeset='141546092' lat='50.1053089' lon='14.4200257'>
    <tag k='amenity' v='bench' />
    <tag k='backrest' v='yes' />
  </node>
  <node id='9394012063' action='delete' timestamp='2022-01-05T10:03:03Z' uid='8971394' user='vojtechzaboril' visible='true' version='1' changeset='115789366' lat='50.1051394' lon='14.4191942' />
  <node id='9394012067' action='delete' timestamp='2023-07-28T12:45:27Z' uid='100163' user='Hlav' visible='true' version='2' changeset='139134143' lat='50.1050881' lon='14.4186276' />
  <node id='9394012068' action='delete' timestamp='2022-01-05T10:03:03Z' uid='8971394' user='vojtechzaboril' visible='true' version='1' changeset='115789366' lat='50.1051231' lon='14.418234' />
  <node id='9507753830' action='delete' timestamp='2022-02-15T12:40:58Z' uid='177221' user='reki' visible='true' version='1' changeset='117434791' lat='50.1063592' lon='14.4276367' />
  <node id='9507753831' action='delete' timestamp='2025-09-08T11:09:21Z' uid='21772938' user='316filip' visible='true' version='4' changeset='171628810' lat='50.1064127' lon='14.4277003'>
    <tag k='barrier' v='entrance' />
    <tag k='maxwidth:physical' v='1.6' />
    <tag k='source:maxwidth:physical' v='ARCore' />
  </node>
  <node id='9507753833' action='delete' timestamp='2022-02-15T12:40:58Z' uid='177221' user='reki' visible='true' version='1' changeset='117434791' lat='50.1064402' lon='14.4277302' />
  <node id='9520223727' action='delete' timestamp='2022-02-19T18:15:40Z' uid='10932047' user='Yakari (kleiner Indianer)' visible='true' version='1' changeset='117614420' lat='50.1063077' lon='14.4315493' />
  <node id='9520223728' action='delete' timestamp='2022-02-19T18:15:40Z' uid='10932047' user='Yakari (kleiner Indianer)' visible='true' version='1' changeset='117614420' lat='50.1065569' lon='14.431381' />
  <node id='9520223729' action='delete' timestamp='2022-02-19T18:15:40Z' uid='10932047' user='Yakari (kleiner Indianer)' visible='true' version='1' changeset='117614420' lat='50.1064552' lon='14.4310129' />
  <node id='9520223730' action='delete' timestamp='2022-02-19T18:15:40Z' uid='10932047' user='Yakari (kleiner Indianer)' visible='true' version='1' changeset='117614420' lat='50.1062029' lon='14.4311858' />
  <node id='9520223911' action='delete' timestamp='2022-02-19T18:15:40Z' uid='10932047' user='Yakari (kleiner Indianer)' visible='true' version='1' changeset='117614420' lat='50.1047501' lon='14.413066' />
  <node id='9613414300' action='delete' timestamp='2022-03-28T15:38:33Z' uid='100163' user='Hlav' visible='true' version='1' changeset='119027721' lat='50.105837' lon='14.429048' />
  <node id='9626343766' action='delete' timestamp='2022-03-31T11:26:02Z' uid='100163' user='Hlav' visible='true' version='1' changeset='119155260' lat='50.1069974' lon='14.426911' />
  <node id='9626343767' action='delete' timestamp='2022-03-31T11:26:02Z' uid='100163' user='Hlav' visible='true' version='1' changeset='119155260' lat='50.107038' lon='14.4270607' />
  <node id='9626343768' action='delete' timestamp='2022-03-31T11:26:02Z' uid='100163' user='Hlav' visible='true' version='1' changeset='119155260' lat='50.1067797' lon='14.4272275' />
  <node id='9626343769' action='delete' timestamp='2022-03-31T11:26:02Z' uid='100163' user='Hlav' visible='true' version='1' changeset='119155260' lat='50.1067449' lon='14.4270865' />
  <node id='9626343770' action='delete' timestamp='2022-03-31T11:26:02Z' uid='100163' user='Hlav' visible='true' version='1' changeset='119155260' lat='50.1068482' lon='14.4270156' />
  <node id='9626343771' action='delete' timestamp='2022-03-31T11:26:02Z' uid='100163' user='Hlav' visible='true' version='1' changeset='119155260' lat='50.1067977' lon='14.4265226' />
  <node id='9626343772' action='delete' timestamp='2022-03-31T11:26:02Z' uid='100163' user='Hlav' visible='true' version='1' changeset='119155260' lat='50.1067804' lon='14.4265315' />
  <node id='9626343773' action='delete' timestamp='2022-03-31T11:26:02Z' uid='100163' user='Hlav' visible='true' version='1' changeset='119155260' lat='50.1067576' lon='14.4266209' />
  <node id='9626343774' action='delete' timestamp='2022-03-31T11:26:02Z' uid='100163' user='Hlav' visible='true' version='1' changeset='119155260' lat='50.1067435' lon='14.4266331' />
  <node id='9626343775' action='delete' timestamp='2022-03-31T11:26:02Z' uid='100163' user='Hlav' visible='true' version='1' changeset='119155260' lat='50.1068718' lon='14.4264565' />
  <node id='9626343776' action='delete' timestamp='2022-03-31T11:26:02Z' uid='100163' user='Hlav' visible='true' version='1' changeset='119155260' lat='50.1067479' lon='14.4263725' />
  <node id='9626343777' action='delete' timestamp='2022-03-31T11:26:02Z' uid='100163' user='Hlav' visible='true' version='1' changeset='119155260' lat='50.1067848' lon='14.4261876' />
  <node id='9626343778' action='delete' timestamp='2022-03-31T11:26:02Z' uid='100163' user='Hlav' visible='true' version='1' changeset='119155260' lat='50.106807' lon='14.4262513' />
  <node id='9626343779' action='delete' timestamp='2022-03-31T11:26:02Z' uid='100163' user='Hlav' visible='true' version='1' changeset='119155260' lat='50.1064435' lon='14.4276083' />
  <node id='9626343780' action='delete' timestamp='2022-03-31T11:26:02Z' uid='100163' user='Hlav' visible='true' version='1' changeset='119155260' lat='50.1067088' lon='14.4271998' />
  <node id='9626343781' action='delete' timestamp='2022-03-31T11:26:02Z' uid='100163' user='Hlav' visible='true' version='1' changeset='119155260' lat='50.106765' lon='14.4271681' />
  <node id='9626343782' action='delete' timestamp='2022-03-31T11:26:02Z' uid='100163' user='Hlav' visible='true' version='1' changeset='119155260' lat='50.1066766' lon='14.4269205' />
  <node id='9626343783' action='delete' timestamp='2025-09-01T11:33:51Z' uid='21772938' user='316filip' visible='true' version='2' changeset='171310729' lat='50.1067413' lon='14.4271813'>
    <tag k='barrier' v='gate' />
    <tag k='maxwidth:physical' v='2' />
  </node>
  <node id='9626343784' action='delete' timestamp='2022-03-31T11:26:02Z' uid='100163' user='Hlav' visible='true' version='1' changeset='119155260' lat='50.1068639' lon='14.4276765' />
  <node id='9626343785' action='delete' timestamp='2022-03-31T11:26:02Z' uid='100163' user='Hlav' visible='true' version='1' changeset='119155260' lat='50.1064078' lon='14.4275839' />
  <node id='9626343786' action='delete' timestamp='2022-03-31T11:26:02Z' uid='100163' user='Hlav' visible='true' version='1' changeset='119155260' lat='50.1067342' lon='14.4271529' />
  <node id='9626343787' action='delete' timestamp='2022-03-31T11:26:02Z' uid='100163' user='Hlav' visible='true' version='1' changeset='119155260' lat='50.1064422' lon='14.4273446' />
  <node id='9626343788' action='delete' timestamp='2022-03-31T11:26:02Z' uid='100163' user='Hlav' visible='true' version='1' changeset='119155260' lat='50.1064559' lon='14.4275725' />
  <node id='9626343789' action='delete' timestamp='2022-03-31T11:26:02Z' uid='100163' user='Hlav' visible='true' version='1' changeset='119155260' lat='50.1064188' lon='14.4275467' />
  <node id='9626343790' action='delete' timestamp='2022-03-31T11:26:02Z' uid='100163' user='Hlav' visible='true' version='1' changeset='119155260' lat='50.1066976' lon='14.4271221' />
  <node id='9626343791' action='delete' timestamp='2022-03-31T11:26:02Z' uid='100163' user='Hlav' visible='true' version='1' changeset='119155260' lat='50.106704' lon='14.4271481' />
  <node id='9626343792' action='delete' timestamp='2022-03-31T11:26:02Z' uid='100163' user='Hlav' visible='true' version='1' changeset='119155260' lat='50.1067001' lon='14.4271541' />
  <node id='9626343793' action='delete' timestamp='2022-03-31T11:26:02Z' uid='100163' user='Hlav' visible='true' version='1' changeset='119155260' lat='50.1066658' lon='14.4267535'>
    <tag k='highway' v='street_lamp' />
  </node>
  <node id='9626343795' action='delete' timestamp='2022-03-31T11:26:02Z' uid='100163' user='Hlav' visible='true' version='1' changeset='119155260' lat='50.1063764' lon='14.4278096' />
  <node id='9626343796' action='delete' timestamp='2022-03-31T11:26:02Z' uid='100163' user='Hlav' visible='true' version='1' changeset='119155260' lat='50.1064503' lon='14.4279313' />
  <node id='9626343797' action='delete' timestamp='2022-03-31T11:26:02Z' uid='100163' user='Hlav' visible='true' version='1' changeset='119155260' lat='50.1061379' lon='14.4281467' />
  <node id='9626343798' action='delete' timestamp='2022-03-31T11:26:02Z' uid='100163' user='Hlav' visible='true' version='1' changeset='119155260' lat='50.1061174' lon='14.4281334' />
  <node id='9626343799' action='delete' timestamp='2022-03-31T11:26:02Z' uid='100163' user='Hlav' visible='true' version='1' changeset='119155260' lat='50.1061011' lon='14.4281124' />
  <node id='9626343800' action='delete' timestamp='2022-03-31T11:26:02Z' uid='100163' user='Hlav' visible='true' version='1' changeset='119155260' lat='50.1060958' lon='14.4280744' />
  <node id='9626343801' action='delete' timestamp='2022-03-31T11:26:02Z' uid='100163' user='Hlav' visible='true' version='1' changeset='119155260' lat='50.1065349' lon='14.4279049' />
  <node id='9626343802' action='delete' timestamp='2022-03-31T11:26:02Z' uid='100163' user='Hlav' visible='true' version='1' changeset='119155260' lat='50.1068815' lon='14.4279626' />
  <node id='9626343803' action='delete' timestamp='2022-03-31T11:26:02Z' uid='100163' user='Hlav' visible='true' version='1' changeset='119155260' lat='50.1069527' lon='14.4277745' />
  <node id='9626343804' action='delete' timestamp='2022-03-31T11:26:02Z' uid='100163' user='Hlav' visible='true' version='1' changeset='119155260' lat='50.1069367' lon='14.4277159' />
  <node id='9626343805' action='delete' timestamp='2022-03-31T11:26:02Z' uid='100163' user='Hlav' visible='true' version='1' changeset='119155260' lat='50.1067284' lon='14.4278499' />
  <node id='9654015372' action='delete' timestamp='2022-04-09T14:49:34Z' uid='10932047' user='Yakari (kleiner Indianer)' visible='true' version='1' changeset='119507354' lat='50.1047301' lon='14.4077102' />
  <node id='9806459810' action='delete' timestamp='2026-09-13T14:50:29Z' uid='18511019' user='Senihtu' visible='true' version='3' changeset='188965725' lat='50.1051906' lon='14.4299696'>
    <tag k='addr:city' v='Praha 7' />
    <tag k='addr:housenumber' v='188' />
    <tag k='addr:postcode' v='17000' />
    <tag k='addr:street' v='Výstaviště' />
    <tag k='name' v='Moderní galerie AVU' />
    <tag k='opening_hours' v='Mo-Su 06:00-22:00' />
    <tag k='operator' v='Akademie výtvarných umění v Praze' />
    <tag k='operator:wikidata' v='Q414009' />
    <tag k='tourism' v='gallery' />
  </node>
  <node id='9925327415' action='delete' timestamp='2022-08-01T18:47:17Z' uid='8971394' user='vojtechzaboril' visible='true' version='1' changeset='124360374' lat='50.1044668' lon='14.4299935' />
  <node id='9925327416' action='delete' timestamp='2024-09-25T16:21:09Z' uid='8971394' user='vojtechzaboril' visible='true' version='2' changeset='157091549' lat='50.1044481' lon='14.4300624' />
  <node id='9925355317' timestamp='2022-08-01T18:47:17Z' uid='8971394' user='vojtechzaboril' visible='true' version='1' changeset='124360374' lat='50.1039683' lon='14.4286658' />
  <node id='9925355318' timestamp='2022-08-01T18:47:17Z' uid='8971394' user='vojtechzaboril' visible='true' version='1' changeset='124360374' lat='50.1041361' lon='14.4286524' />
  <node id='10066908987' action='delete' timestamp='2022-10-01T14:08:07Z' uid='1189910' user='Milancer' visible='true' version='1' changeset='126861387' lat='50.1033983' lon='14.4260574' />
  <node id='10066908988' action='delete' timestamp='2022-10-01T14:08:07Z' uid='1189910' user='Milancer' visible='true' version='1' changeset='126861387' lat='50.1032251' lon='14.4274882' />
  <node id='10066908989' action='delete' timestamp='2022-10-01T14:08:07Z' uid='1189910' user='Milancer' visible='true' version='1' changeset='126861387' lat='50.103326' lon='14.4257285' />
  <node id='10066908990' action='delete' timestamp='2022-10-01T14:08:07Z' uid='1189910' user='Milancer' visible='true' version='1' changeset='126861387' lat='50.1034129' lon='14.4257885' />
  <node id='10066908991' action='delete' timestamp='2022-10-01T14:08:07Z' uid='1189910' user='Milancer' visible='true' version='1' changeset='126861387' lat='50.103503' lon='14.4258696' />
  <node id='10066920018' action='delete' timestamp='2024-06-05T18:19:20Z' uid='8971394' user='vojtechzaboril' visible='true' version='2' changeset='152300261' lat='50.1035655' lon='14.430848' />
  <node id='10066920027' action='delete' timestamp='2022-10-01T14:08:07Z' uid='1189910' user='Milancer' visible='true' version='1' changeset='126861387' lat='50.1032112' lon='14.4277658' />
  <node id='10066920028' action='delete' timestamp='2022-10-01T14:08:07Z' uid='1189910' user='Milancer' visible='true' version='1' changeset='126861387' lat='50.1032392' lon='14.4272084' />
  <node id='10066920029' action='delete' timestamp='2022-10-01T14:08:07Z' uid='1189910' user='Milancer' visible='true' version='1' changeset='126861387' lat='50.103275' lon='14.4266676' />
  <node id='10066920030' action='delete' timestamp='2022-10-01T14:08:07Z' uid='1189910' user='Milancer' visible='true' version='1' changeset='126861387' lat='50.1033506' lon='14.4252761' />
  <node id='10066920031' action='delete' timestamp='2022-10-01T14:08:07Z' uid='1189910' user='Milancer' visible='true' version='1' changeset='126861387' lat='50.1034478' lon='14.423533' />
  <node id='10066920032' action='delete' timestamp='2022-10-01T14:08:07Z' uid='1189910' user='Milancer' visible='true' version='1' changeset='126861387' lat='50.1035274' lon='14.422097' />
  <node id='10066920033' action='delete' timestamp='2023-03-17T14:12:37Z' uid='1189910' user='Milancer' visible='true' version='2' changeset='133790206' lat='50.1035779' lon='14.4213186' />
  <node id='10066920034' action='delete' timestamp='2022-10-01T14:08:07Z' uid='1189910' user='Milancer' visible='true' version='1' changeset='126861387' lat='50.1035917' lon='14.420995' />
  <node id='10066920035' action='delete' timestamp='2022-10-01T14:08:07Z' uid='1189910' user='Milancer' visible='true' version='1' changeset='126861387' lat='50.1035996' lon='14.4206253' />
  <node id='10066920036' action='delete' timestamp='2022-10-01T14:08:07Z' uid='1189910' user='Milancer' visible='true' version='1' changeset='126861387' lat='50.1036021' lon='14.4203027' />
  <node id='10066920037' action='delete' timestamp='2022-10-01T14:08:07Z' uid='1189910' user='Milancer' visible='true' version='1' changeset='126861387' lat='50.1035879' lon='14.4200104' />
  <node id='10066920038' action='delete' timestamp='2022-10-01T14:08:07Z' uid='1189910' user='Milancer' visible='true' version='1' changeset='126861387' lat='50.1035663' lon='14.4197126' />
  <node id='10066920039' action='delete' timestamp='2022-10-01T14:08:07Z' uid='1189910' user='Milancer' visible='true' version='1' changeset='126861387' lat='50.1035304' lon='14.4194288' />
  <node id='10066920086' action='delete' timestamp='2022-12-25T16:06:02Z' uid='8971394' user='vojtechzaboril' visible='true' version='2' changeset='130487117' lat='50.103898' lon='14.431138' />
  <node id='10066920087' action='delete' timestamp='2022-12-25T16:44:16Z' uid='8971394' user='vojtechzaboril' visible='true' version='3' changeset='130488108' lat='50.1037553' lon='14.4308734' />
  <node id='10066920091' action='delete' timestamp='2022-12-25T16:30:04Z' uid='8971394' user='vojtechzaboril' visible='true' version='2' changeset='130487759' lat='50.1034319' lon='14.4295896' />
  <node id='10066920092' action='delete' timestamp='2022-12-25T16:44:16Z' uid='8971394' user='vojtechzaboril' visible='true' version='3' changeset='130488108' lat='50.1034031' lon='14.4293132' />
  <node id='10066920094' action='delete' timestamp='2022-12-25T16:30:04Z' uid='8971394' user='vojtechzaboril' visible='true' version='2' changeset='130487759' lat='50.1033307' lon='14.4286081' />
  <node id='10066920095' action='delete' timestamp='2022-12-25T16:44:16Z' uid='8971394' user='vojtechzaboril' visible='true' version='3' changeset='130488108' lat='50.1033177' lon='14.4283341' />
  <node id='10066920096' action='delete' timestamp='2022-12-25T16:44:16Z' uid='8971394' user='vojtechzaboril' visible='true' version='3' changeset='130488108' lat='50.1033246' lon='14.4277756' />
  <node id='10066920097' action='delete' timestamp='2022-12-25T16:30:04Z' uid='8971394' user='vojtechzaboril' visible='true' version='2' changeset='130487759' lat='50.1033574' lon='14.4270788' />
  <node id='10066920098' action='delete' timestamp='2022-10-01T14:08:07Z' uid='1189910' user='Milancer' visible='true' version='1' changeset='126861387' lat='50.1033644' lon='14.4266808' />
  <node id='10066920099' action='delete' timestamp='2022-10-01T14:08:07Z' uid='1189910' user='Milancer' visible='true' version='1' changeset='126861387' lat='50.1034402' lon='14.4252881' />
  <node id='10066920100' action='delete' timestamp='2022-10-01T14:08:07Z' uid='1189910' user='Milancer' visible='true' version='1' changeset='126861387' lat='50.1035372' lon='14.4235452' />
  <node id='10066920101' action='delete' timestamp='2022-10-01T14:08:07Z' uid='1189910' user='Milancer' visible='true' version='1' changeset='126861387' lat='50.103617' lon='14.4221088' />
  <node id='10066920102' action='delete' timestamp='2022-10-01T14:08:07Z' uid='1189910' user='Milancer' visible='true' version='1' changeset='126861387' lat='50.1036813' lon='14.421005' />
  <node id='10066920103' action='delete' timestamp='2022-10-01T14:08:07Z' uid='1189910' user='Milancer' visible='true' version='1' changeset='126861387' lat='50.1036894' lon='14.4206285' />
  <node id='10066920104' action='delete' timestamp='2022-10-01T14:08:07Z' uid='1189910' user='Milancer' visible='true' version='1' changeset='126861387' lat='50.1036919' lon='14.4202983' />
  <node id='10066920105' action='delete' timestamp='2022-10-01T14:08:07Z' uid='1189910' user='Milancer' visible='true' version='1' changeset='126861387' lat='50.1036773' lon='14.4199972' />
  <node id='10066920106' action='delete' timestamp='2022-10-01T14:08:07Z' uid='1189910' user='Milancer' visible='true' version='1' changeset='126861387' lat='50.1036551' lon='14.4196912' />
  <node id='10066920135' action='delete' timestamp='2023-03-17T14:12:37Z' uid='1189910' user='Milancer' visible='true' version='2' changeset='133790206' lat='50.1036673' lon='14.421332' />
  <node id='10066920136' action='delete' timestamp='2022-10-01T14:08:07Z' uid='1189910' user='Milancer' visible='true' version='1' changeset='126861387' lat='50.1036178' lon='14.419396' />
  <node id='10066920142' action='delete' timestamp='2022-10-01T14:08:07Z' uid='1189910' user='Milancer' visible='true' version='1' changeset='126861387' lat='50.1068952' lon='14.4058789' />
  <node id='10066920143' action='delete' timestamp='2022-10-01T14:08:07Z' uid='1189910' user='Milancer' visible='true' version='1' changeset='126861387' lat='50.1091805' lon='14.4180634' />
  <node id='10066920146' action='delete' timestamp='2022-10-01T14:08:07Z' uid='1189910' user='Milancer' visible='true' version='1' changeset='126861387' lat='50.1069105' lon='14.4058222' />
  <node id='10066920153' action='delete' timestamp='2022-10-01T14:08:07Z' uid='1189910' user='Milancer' visible='true' version='1' changeset='126861387' lat='50.1086954' lon='14.4327893' />
  <node id='10066920279' action='delete' timestamp='2022-10-01T14:08:07Z' uid='1189910' user='Milancer' visible='true' version='1' changeset='126861387' lat='50.1073881' lon='14.4130189' />
  <node id='10066920280' action='delete' timestamp='2022-10-01T14:08:07Z' uid='1189910' user='Milancer' visible='true' version='1' changeset='126861387' lat='50.107131' lon='14.4123522' />
  <node id='10066920281' action='delete' timestamp='2022-10-01T14:08:07Z' uid='1189910' user='Milancer' visible='true' version='1' changeset='126861387' lat='50.1069811' lon='14.411957' />
  <node id='10066920282' action='delete' timestamp='2022-10-01T14:08:07Z' uid='1189910' user='Milancer' visible='true' version='1' changeset='126861387' lat='50.1068949' lon='14.4116993' />
  <node id='10066920283' action='delete' timestamp='2022-10-01T14:08:07Z' uid='1189910' user='Milancer' visible='true' version='1' changeset='126861387' lat='50.106817' lon='14.4114229' />
  <node id='10066920284' action='delete' timestamp='2022-10-01T14:08:07Z' uid='1189910' user='Milancer' visible='true' version='1' changeset='126861387' lat='50.1067528' lon='14.4111947' />
  <node id='10066920285' action='delete' timestamp='2022-10-01T14:08:07Z' uid='1189910' user='Milancer' visible='true' version='1' changeset='126861387' lat='50.1067005' lon='14.4109859' />
  <node id='10066920286' action='delete' timestamp='2022-10-01T14:08:07Z' uid='1189910' user='Milancer' visible='true' version='1' changeset='126861387' lat='50.1066568' lon='14.4107803' />
  <node id='10066920287' action='delete' timestamp='2022-10-01T14:08:07Z' uid='1189910' user='Milancer' visible='true' version='1' changeset='126861387' lat='50.1065879' lon='14.4103835' />
  <node id='10066920288' action='delete' timestamp='2022-10-01T14:08:07Z' uid='1189910' user='Milancer' visible='true' version='1' changeset='126861387' lat='50.1065374' lon='14.4100106' />
  <node id='10066920289' action='delete' timestamp='2022-10-01T14:08:07Z' uid='1189910' user='Milancer' visible='true' version='1' changeset='126861387' lat='50.1065001' lon='14.4096525' />
  <node id='10066920290' action='delete' timestamp='2022-10-01T14:08:07Z' uid='1189910' user='Milancer' visible='true' version='1' changeset='126861387' lat='50.1064825' lon='14.4091714' />
  <node id='10066920291' action='delete' timestamp='2022-10-01T14:08:07Z' uid='1189910' user='Milancer' visible='true' version='1' changeset='126861387' lat='50.1064766' lon='14.4086828' />
  <node id='10066920292' action='delete' timestamp='2022-10-01T14:08:07Z' uid='1189910' user='Milancer' visible='true' version='1' changeset='126861387' lat='50.1064927' lon='14.4082677' />
  <node id='10066920293' action='delete' timestamp='2022-10-01T14:08:07Z' uid='1189910' user='Milancer' visible='true' version='1' changeset='126861387' lat='50.1065215' lon='14.4078552' />
  <node id='10066920294' action='delete' timestamp='2022-10-01T14:08:07Z' uid='1189910' user='Milancer' visible='true' version='1' changeset='126861387' lat='50.1065837' lon='14.407315' />
  <node id='10066920295' action='delete' timestamp='2022-10-01T14:08:07Z' uid='1189910' user='Milancer' visible='true' version='1' changeset='126861387' lat='50.1091822' lon='14.4180685' />
  <node id='10066920296' action='delete' timestamp='2022-10-01T14:08:07Z' uid='1189910' user='Milancer' visible='true' version='1' changeset='126861387' lat='50.108979' lon='14.4174707' />
  <node id='10066920297' action='delete' timestamp='2022-10-01T14:08:07Z' uid='1189910' user='Milancer' visible='true' version='1' changeset='126861387' lat='50.1087165' lon='14.4167279' />
  <node id='10066920298' action='delete' timestamp='2022-10-01T14:08:07Z' uid='1189910' user='Milancer' visible='true' version='1' changeset='126861387' lat='50.108188' lon='14.4152389' />
  <node id='10066920299' action='delete' timestamp='2022-10-01T14:08:07Z' uid='1189910' user='Milancer' visible='true' version='1' changeset='126861387' lat='50.1079184' lon='14.4144821' />
  <node id='10066920303' action='delete' timestamp='2022-10-01T14:08:07Z' uid='1189910' user='Milancer' visible='true' version='1' changeset='126861387' lat='50.110127' lon='14.4226123' />
  <node id='10066920304' action='delete' timestamp='2022-10-01T14:08:07Z' uid='1189910' user='Milancer' visible='true' version='1' changeset='126861387' lat='50.1100889' lon='14.422226' />
  <node id='10066920305' action='delete' timestamp='2022-10-01T14:08:07Z' uid='1189910' user='Milancer' visible='true' version='1' changeset='126861387' lat='50.1100449' lon='14.421888' />
  <node id='10066920306' action='delete' timestamp='2022-10-01T14:08:07Z' uid='1189910' user='Milancer' visible='true' version='1' changeset='126861387' lat='50.1099799' lon='14.4214413' />
  <node id='10066920307' action='delete' timestamp='2022-10-01T14:08:07Z' uid='1189910' user='Milancer' visible='true' version='1' changeset='126861387' lat='50.1099164' lon='14.4210157' />
  <node id='10066920308' action='delete' timestamp='2022-10-01T14:08:07Z' uid='1189910' user='Milancer' visible='true' version='1' changeset='126861387' lat='50.1098491' lon='14.4206442' />
  <node id='10066920309' action='delete' timestamp='2022-10-01T14:08:07Z' uid='1189910' user='Milancer' visible='true' version='1' changeset='126861387' lat='50.1097733' lon='14.4202552' />
  <node id='10066920310' action='delete' timestamp='2022-10-01T14:08:07Z' uid='1189910' user='Milancer' visible='true' version='1' changeset='126861387' lat='50.1096921' lon='14.4198961' />
  <node id='10066920311' action='delete' timestamp='2022-10-01T14:08:07Z' uid='1189910' user='Milancer' visible='true' version='1' changeset='126861387' lat='50.1096154' lon='14.4195618' />
  <node id='10066920312' action='delete' timestamp='2022-10-01T14:08:07Z' uid='1189910' user='Milancer' visible='true' version='1' changeset='126861387' lat='50.10949' lon='14.4190906' />
  <node id='10066920355' action='delete' timestamp='2022-10-01T14:08:07Z' uid='1189910' user='Milancer' visible='true' version='1' changeset='126861387' lat='50.1067537' lon='14.4064027' />
  <node id='10066920356' action='delete' timestamp='2022-10-01T14:08:07Z' uid='1189910' user='Milancer' visible='true' version='1' changeset='126861387' lat='50.1066598' lon='14.4068528' />
  <node id='10066920357' action='delete' timestamp='2022-10-01T14:08:07Z' uid='1189910' user='Milancer' visible='true' version='1' changeset='126861387' lat='50.1075233' lon='14.4133743' />
  <node id='10066920358' action='delete' timestamp='2022-10-01T14:08:07Z' uid='1189910' user='Milancer' visible='true' version='1' changeset='126861387' lat='50.1092892' lon='14.4184211' />
  <node id='10066920359' action='delete' timestamp='2022-10-01T14:08:07Z' uid='1189910' user='Milancer' visible='true' version='1' changeset='126861387' lat='50.1093898' lon='14.4187433' />
  <node id='10103247694' action='delete' timestamp='2022-10-15T14:21:48Z' uid='469828' user='Lukáš Jelínek' visible='true' version='1' changeset='127573397' lat='50.106532' lon='14.421316' />
  <node id='10103247695' action='delete' timestamp='2022-10-15T14:21:48Z' uid='469828' user='Lukáš Jelínek' visible='true' version='1' changeset='127573397' lat='50.1065505' lon='14.4212652' />
  <node id='10103247696' action='delete' timestamp='2022-10-15T14:21:48Z' uid='469828' user='Lukáš Jelínek' visible='true' version='1' changeset='127573397' lat='50.106569' lon='14.4211799' />
  <node id='10286091766' action='delete' timestamp='2025-07-29T12:25:07Z' uid='718054' user='Piskvor' visible='true' version='3' changeset='169669862' lat='50.1038644' lon='14.4311702' />
  <node id='10286091767' action='delete' timestamp='2022-12-25T16:44:16Z' uid='8971394' user='vojtechzaboril' visible='true' version='1' changeset='130488108' lat='50.1037724' lon='14.4309899' />
  <node id='10286091768' action='delete' timestamp='2022-12-25T16:44:16Z' uid='8971394' user='vojtechzaboril' visible='true' version='1' changeset='130488108' lat='50.1037993' lon='14.430956' />
  <node id='10286091769' action='delete' timestamp='2022-12-25T16:44:16Z' uid='8971394' user='vojtechzaboril' visible='true' version='1' changeset='130488108' lat='50.10338' lon='14.4292485' />
  <node id='10286091770' action='delete' timestamp='2022-12-25T16:44:16Z' uid='8971394' user='vojtechzaboril' visible='true' version='1' changeset='130488108' lat='50.1033499' lon='14.4289964' />
  <node id='10286091771' action='delete' timestamp='2022-12-25T16:44:16Z' uid='8971394' user='vojtechzaboril' visible='true' version='1' changeset='130488108' lat='50.1033043' lon='14.428535' />
  <node id='10286091772' action='delete' timestamp='2022-12-25T16:44:16Z' uid='8971394' user='vojtechzaboril' visible='true' version='1' changeset='130488108' lat='50.1033' lon='14.4284398' />
  <node id='10286091773' action='delete' timestamp='2022-12-25T16:44:16Z' uid='8971394' user='vojtechzaboril' visible='true' version='1' changeset='130488108' lat='50.1032987' lon='14.4282373' />
  <node id='10286091793' action='delete' timestamp='2025-07-29T12:25:07Z' uid='718054' user='Piskvor' visible='true' version='2' changeset='169669862' lat='50.1038302' lon='14.4312037' />
  <node id='10286091794' action='delete' timestamp='2025-08-02T16:25:51Z' uid='12087838' user='Bilykralik16' visible='true' version='2' changeset='169870756' lat='50.1036471' lon='14.4311017' />
  <node id='10286091795' action='delete' timestamp='2022-12-25T16:44:16Z' uid='8971394' user='vojtechzaboril' visible='true' version='1' changeset='130488108' lat='50.1035541' lon='14.4307244' />
  <node id='10286091796' action='delete' timestamp='2022-12-25T16:44:16Z' uid='8971394' user='vojtechzaboril' visible='true' version='1' changeset='130488108' lat='50.1035176' lon='14.4305896' />
  <node id='10286091797' action='delete' timestamp='2022-12-25T16:44:16Z' uid='8971394' user='vojtechzaboril' visible='true' version='1' changeset='130488108' lat='50.1034716' lon='14.4304253' />
  <node id='10286091798' action='delete' timestamp='2022-12-25T16:44:16Z' uid='8971394' user='vojtechzaboril' visible='true' version='1' changeset='130488108' lat='50.1034389' lon='14.430306' />
  <node id='10286091799' action='delete' timestamp='2022-12-25T16:44:16Z' uid='8971394' user='vojtechzaboril' visible='true' version='1' changeset='130488108' lat='50.1034122' lon='14.4301987' />
  <node id='10286091800' action='delete' timestamp='2022-12-25T16:44:16Z' uid='8971394' user='vojtechzaboril' visible='true' version='1' changeset='130488108' lat='50.1033813' lon='14.4300632' />
  <node id='10286091801' action='delete' timestamp='2022-12-25T16:44:16Z' uid='8971394' user='vojtechzaboril' visible='true' version='1' changeset='130488108' lat='50.1033289' lon='14.4298079' />
  <node id='10286091803' action='delete' timestamp='2022-12-25T16:44:16Z' uid='8971394' user='vojtechzaboril' visible='true' version='1' changeset='130488108' lat='50.1033473' lon='14.4298949' />
  <node id='10286091804' action='delete' timestamp='2022-12-25T16:44:16Z' uid='8971394' user='vojtechzaboril' visible='true' version='1' changeset='130488108' lat='50.1033064' lon='14.4297018' />
  <node id='10286091805' action='delete' timestamp='2022-12-25T16:44:16Z' uid='8971394' user='vojtechzaboril' visible='true' version='1' changeset='130488108' lat='50.1032815' lon='14.4295603' />
  <node id='10286091806' action='delete' timestamp='2022-12-25T16:44:16Z' uid='8971394' user='vojtechzaboril' visible='true' version='1' changeset='130488108' lat='50.103257' lon='14.4294067' />
  <node id='10286091807' action='delete' timestamp='2022-12-25T16:44:16Z' uid='8971394' user='vojtechzaboril' visible='true' version='1' changeset='130488108' lat='50.1032415' lon='14.429282' />
  <node id='10286096071' action='delete' timestamp='2022-12-25T16:52:54Z' uid='8971394' user='vojtechzaboril' visible='true' version='1' changeset='130488293' lat='50.1037865' lon='14.4309722' />
  <node id='10286096074' action='delete' timestamp='2025-08-02T16:25:51Z' uid='12087838' user='Bilykralik16' visible='true' version='2' changeset='169870756' lat='50.1036585' lon='14.4310927' />
  <node id='10286096075' action='delete' timestamp='2025-08-02T16:25:51Z' uid='12087838' user='Bilykralik16' visible='true' version='2' changeset='169870756' lat='50.1035762' lon='14.4308394' />
  <node id='10286116316' action='delete' timestamp='2022-12-25T16:44:16Z' uid='8971394' user='vojtechzaboril' visible='true' version='2' changeset='130488108' lat='50.1037526' lon='14.4312813' />
  <node id='10286116349' action='delete' timestamp='2022-12-25T16:06:02Z' uid='8971394' user='vojtechzaboril' visible='true' version='1' changeset='130487117' lat='50.1038471' lon='14.4311867' />
  <node id='10286116379' action='delete' timestamp='2022-12-25T16:06:02Z' uid='8971394' user='vojtechzaboril' visible='true' version='1' changeset='130487117' lat='50.1037808' lon='14.4312538' />
  <node id='10286116380' action='delete' timestamp='2022-12-25T16:06:02Z' uid='8971394' user='vojtechzaboril' visible='true' version='1' changeset='130487117' lat='50.1038169' lon='14.4312172' />
  <node id='10286131078' action='delete' timestamp='2022-12-25T16:44:16Z' uid='8971394' user='vojtechzaboril' visible='true' version='2' changeset='130488108' lat='50.1033391' lon='14.427491' />
  <node id='10286131100' action='delete' timestamp='2022-12-25T16:30:04Z' uid='8971394' user='vojtechzaboril' visible='true' version='1' changeset='130487759' lat='50.1034025' lon='14.4290684' />
  <node id='10286131101' action='delete' timestamp='2022-12-25T16:30:04Z' uid='8971394' user='vojtechzaboril' visible='true' version='1' changeset='130487759' lat='50.1034061' lon='14.428991' />
  <node id='10286131103' action='delete' timestamp='2022-12-25T16:30:04Z' uid='8971394' user='vojtechzaboril' visible='true' version='1' changeset='130487759' lat='50.103404' lon='14.4291459' />
  <node id='10286131104' action='delete' timestamp='2022-12-25T16:30:04Z' uid='8971394' user='vojtechzaboril' visible='true' version='1' changeset='130487759' lat='50.1034346' lon='14.4288395' />
  <node id='10286131105' action='delete' timestamp='2022-12-25T16:30:04Z' uid='8971394' user='vojtechzaboril' visible='true' version='1' changeset='130487759' lat='50.103461' lon='14.4287695' />
  <node id='10286131106' action='delete' timestamp='2025-08-08T08:37:13Z' uid='17615' user='Petr Dlouhý' visible='true' version='2' changeset='170142767' lat='50.1034937' lon='14.4287098' />
  <node id='10286131107' action='delete' timestamp='2025-08-08T08:37:13Z' uid='17615' user='Petr Dlouhý' visible='true' version='2' changeset='170142767' lat='50.103571' lon='14.4286233' />
  <node id='10286131108' action='delete' timestamp='2025-08-08T08:37:13Z' uid='17615' user='Petr Dlouhý' visible='true' version='2' changeset='170142767' lat='50.1036132' lon='14.4285853' />
  <node id='10286152309' action='delete' timestamp='2022-12-25T16:30:04Z' uid='8971394' user='vojtechzaboril' visible='true' version='1' changeset='130487759' lat='50.1034148' lon='14.4289146' />
  <node id='10286152310' action='delete' timestamp='2025-08-08T08:37:13Z' uid='17615' user='Petr Dlouhý' visible='true' version='2' changeset='170142767' lat='50.1035328' lon='14.4286597' />
  <node id='10286152311' action='delete' timestamp='2025-08-08T08:37:13Z' uid='17615' user='Petr Dlouhý' visible='true' version='2' changeset='170142767' lat='50.1036584' lon='14.4285558' />
  <node id='10286152329' action='delete' timestamp='2022-12-25T16:30:04Z' uid='8971394' user='vojtechzaboril' visible='true' version='1' changeset='130487759' lat='50.1038608' lon='14.4310717' />
  <node id='10286152330' action='delete' timestamp='2022-12-25T16:44:16Z' uid='8971394' user='vojtechzaboril' visible='true' version='2' changeset='130488108' lat='50.1036778' lon='14.430672' />
  <node id='10286167909' action='delete' timestamp='2022-12-25T16:44:16Z' uid='8971394' user='vojtechzaboril' visible='true' version='1' changeset='130488108' lat='50.1032275' lon='14.4291596' />
  <node id='10286167910' action='delete' timestamp='2022-12-25T16:44:16Z' uid='8971394' user='vojtechzaboril' visible='true' version='1' changeset='130488108' lat='50.1032144' lon='14.4290121' />
  <node id='10286167911' action='delete' timestamp='2022-12-25T16:44:16Z' uid='8971394' user='vojtechzaboril' visible='true' version='1' changeset='130488108' lat='50.1031991' lon='14.42881' />
  <node id='10286167912' action='delete' timestamp='2022-12-25T16:44:16Z' uid='8971394' user='vojtechzaboril' visible='true' version='1' changeset='130488108' lat='50.1031911' lon='14.4286712' />
  <node id='10286167913' action='delete' timestamp='2022-12-25T16:44:16Z' uid='8971394' user='vojtechzaboril' visible='true' version='1' changeset='130488108' lat='50.1031886' lon='14.4285917' />
  <node id='10286167914' action='delete' timestamp='2022-12-25T16:44:16Z' uid='8971394' user='vojtechzaboril' visible='true' version='1' changeset='130488108' lat='50.1031858' lon='14.4284495' />
  <node id='10286167915' action='delete' timestamp='2022-12-25T16:44:16Z' uid='8971394' user='vojtechzaboril' visible='true' version='1' changeset='130488108' lat='50.103186' lon='14.4282447' />
  <node id='10286167936' action='delete' timestamp='2022-12-25T16:44:16Z' uid='8971394' user='vojtechzaboril' visible='true' version='1' changeset='130488108' lat='50.1037709' lon='14.4312639' />
  <node id='10286167937' action='delete' timestamp='2022-12-25T16:44:16Z' uid='8971394' user='vojtechzaboril' visible='true' version='1' changeset='130488108' lat='50.1037374' lon='14.4312957' />
  <node id='10286167938' action='delete' timestamp='2022-12-25T16:44:16Z' uid='8971394' user='vojtechzaboril' visible='true' version='1' changeset='130488108' lat='50.1035511' lon='14.4302423' />
  <node id='10286167939' action='delete' timestamp='2022-12-25T16:44:16Z' uid='8971394' user='vojtechzaboril' visible='true' version='1' changeset='130488108' lat='50.1034806' lon='14.4299356' />
  <node id='10286167960' action='delete' timestamp='2022-12-25T16:44:16Z' uid='8971394' user='vojtechzaboril' visible='true' version='1' changeset='130488108' lat='50.1033953' lon='14.4292439' />
  <node id='10286167961' action='delete' timestamp='2022-12-25T16:44:16Z' uid='8971394' user='vojtechzaboril' visible='true' version='1' changeset='130488108' lat='50.1033536' lon='14.4288682' />
  <node id='10286167962' action='delete' timestamp='2022-12-25T16:44:16Z' uid='8971394' user='vojtechzaboril' visible='true' version='1' changeset='130488108' lat='50.1033197' lon='14.428474' />
  <node id='10286167963' action='delete' timestamp='2022-12-25T16:44:16Z' uid='8971394' user='vojtechzaboril' visible='true' version='1' changeset='130488108' lat='50.1033483' lon='14.4272971' />
  <node id='10597429824' timestamp='2023-02-01T00:03:04Z' uid='17322186' user='VLD311' visible='true' version='1' changeset='131941999' lat='50.1057286' lon='14.4276654' />
  <node id='10597429825' timestamp='2023-02-01T00:03:04Z' uid='17322186' user='VLD311' visible='true' version='1' changeset='131941999' lat='50.1057202' lon='14.4276579' />
  <node id='11073297329' action='delete' timestamp='2023-07-28T12:45:27Z' uid='100163' user='Hlav' visible='true' version='1' changeset='139134143' lat='50.1047019' lon='14.4199541' />
  <node id='11073297330' action='delete' timestamp='2023-07-28T12:45:27Z' uid='100163' user='Hlav' visible='true' version='1' changeset='139134143' lat='50.1048926' lon='14.4209146' />
  <node id='11073297331' timestamp='2023-07-28T12:45:27Z' uid='100163' user='Hlav' visible='true' version='1' changeset='139134143' lat='50.1053712' lon='14.4212167' />
  <node id='11073297332' action='delete' timestamp='2023-07-28T12:45:27Z' uid='100163' user='Hlav' visible='true' version='1' changeset='139134143' lat='50.1054983' lon='14.4212754' />
  <node id='11073297333' action='delete' timestamp='2023-07-28T12:45:27Z' uid='100163' user='Hlav' visible='true' version='1' changeset='139134143' lat='50.1057178' lon='14.4221752' />
  <node id='11073297334' action='delete' timestamp='2023-07-28T12:45:27Z' uid='100163' user='Hlav' visible='true' version='1' changeset='139134143' lat='50.1059191' lon='14.4230116' />
  <node id='11073297335' timestamp='2023-07-28T12:45:27Z' uid='100163' user='Hlav' visible='true' version='1' changeset='139134143' lat='50.1058442' lon='14.4231673' />
  <node id='11073297336' timestamp='2023-07-28T12:45:27Z' uid='100163' user='Hlav' visible='true' version='1' changeset='139134143' lat='50.1060453' lon='14.424193' />
  <node id='11088785762' action='delete' timestamp='2023-08-04T09:22:08Z' uid='4242854' user='Erlen Dur' visible='true' version='1' changeset='139431770' lat='50.1052282' lon='14.4290846' />
  <node id='11088785763' action='delete' timestamp='2023-08-04T09:22:08Z' uid='4242854' user='Erlen Dur' visible='true' version='1' changeset='139431770' lat='50.1052181' lon='14.4291236' />
  <node id='11088785764' action='delete' timestamp='2023-08-04T09:22:08Z' uid='4242854' user='Erlen Dur' visible='true' version='1' changeset='139431770' lat='50.1052156' lon='14.429157' />
  <node id='11088785765' action='delete' timestamp='2023-08-04T09:22:08Z' uid='4242854' user='Erlen Dur' visible='true' version='1' changeset='139431770' lat='50.1052239' lon='14.4291954' />
  <node id='11088785766' action='delete' timestamp='2023-08-04T09:22:08Z' uid='4242854' user='Erlen Dur' visible='true' version='1' changeset='139431770' lat='50.1053557' lon='14.4292084' />
  <node id='11088785767' action='delete' timestamp='2023-08-04T09:22:08Z' uid='4242854' user='Erlen Dur' visible='true' version='1' changeset='139431770' lat='50.1053371' lon='14.4292402' />
  <node id='11088785768' action='delete' timestamp='2023-08-04T09:22:08Z' uid='4242854' user='Erlen Dur' visible='true' version='1' changeset='139431770' lat='50.1053123' lon='14.429256' />
  <node id='11088785769' action='delete' timestamp='2023-08-04T09:22:08Z' uid='4242854' user='Erlen Dur' visible='true' version='1' changeset='139431770' lat='50.1052894' lon='14.4292576' />
  <node id='11088785770' action='delete' timestamp='2023-08-04T09:22:08Z' uid='4242854' user='Erlen Dur' visible='true' version='1' changeset='139431770' lat='50.1052712' lon='14.429252' />
  <node id='11088785771' action='delete' timestamp='2023-08-04T09:22:08Z' uid='4242854' user='Erlen Dur' visible='true' version='1' changeset='139431770' lat='50.1052462' lon='14.4292251' />
  <node id='11543012564' action='delete' timestamp='2024-01-23T14:25:51Z' uid='10932047' user='Yakari (kleiner Indianer)' visible='true' version='1' changeset='146595303' lat='50.1078215' lon='14.4346992' />
  <node id='11646568035' action='delete' timestamp='2024-09-25T16:21:09Z' uid='8971394' user='vojtechzaboril' visible='true' version='2' changeset='157091549' lat='50.1050418' lon='14.4326464' />
  <node id='11697666251' action='delete' timestamp='2024-03-06T14:48:48Z' uid='8971394' user='vojtechzaboril' visible='true' version='1' changeset='148298975' lat='50.1036691' lon='14.4310843' />
  <node id='11801944933' action='delete' timestamp='2025-12-24T12:36:26Z' uid='10932047' user='Yakari (kleiner Indianer)' visible='true' version='2' changeset='176360375' lat='50.1066598' lon='14.4066524' />
  <node id='11930360969' action='delete' timestamp='2025-06-03T22:59:34Z' uid='746938' user='aloxe' visible='true' version='2' changeset='167155016' lat='50.1044939' lon='14.430422'>
    <tag k='amenity' v='bench' />
    <tag k='backrest' v='yes' />
  </node>
  <node id='12117341868' timestamp='2024-08-17T19:24:25Z' uid='44793' user='st1974' visible='true' version='2' changeset='155386594' lat='50.1067485' lon='14.425623'>
    <tag k='amenity' v='bench' />
    <tag k='backrest' v='yes' />
  </node>
  <node id='12199265921' action='delete' timestamp='2025-10-23T10:29:41Z' uid='10545359' user='kainloma' visible='true' version='2' changeset='173666530' lat='50.1040135' lon='14.4308865' />
  <node id='12199265922' action='delete' timestamp='2025-10-23T10:29:41Z' uid='10545359' user='kainloma' visible='true' version='2' changeset='173666530' lat='50.1039966' lon='14.430972' />
  <node id='12199265923' action='delete' timestamp='2025-10-23T10:29:41Z' uid='10545359' user='kainloma' visible='true' version='2' changeset='173666530' lat='50.1040084' lon='14.430929' />
  <node id='12199265924' action='delete' timestamp='2025-10-23T10:29:41Z' uid='10545359' user='kainloma' visible='true' version='2' changeset='173666530' lat='50.1039353' lon='14.4310894' />
  <node id='12199319897' action='delete' timestamp='2025-10-23T10:29:41Z' uid='10545359' user='kainloma' visible='true' version='3' changeset='173666530' lat='50.1040648' lon='14.4311268' />
  <node id='12199319899' action='delete' timestamp='2025-10-23T10:29:41Z' uid='10545359' user='kainloma' visible='true' version='2' changeset='173666530' lat='50.103906' lon='14.4311944' />
  <node id='12199319900' action='delete' timestamp='2024-09-25T16:21:09Z' uid='8971394' user='vojtechzaboril' visible='true' version='1' changeset='157091549' lat='50.1039259' lon='14.4311681' />
  <node id='12199340901' action='delete' timestamp='2025-10-23T10:29:41Z' uid='10545359' user='kainloma' visible='true' version='2' changeset='173666530' lat='50.1039781' lon='14.4310871' />
  <node id='12199340902' action='delete' timestamp='2024-09-25T16:21:09Z' uid='8971394' user='vojtechzaboril' visible='true' version='1' changeset='157091549' lat='50.1040147' lon='14.4310039' />
  <node id='12199340903' action='delete' timestamp='2025-10-23T10:29:41Z' uid='10545359' user='kainloma' visible='true' version='2' changeset='173666530' lat='50.1039524' lon='14.4311282' />
  <node id='12199340904' action='delete' timestamp='2024-09-25T16:21:09Z' uid='8971394' user='vojtechzaboril' visible='true' version='1' changeset='157091549' lat='50.103996' lon='14.4310523' />
  <node id='12199340905' action='delete' timestamp='2024-09-25T16:21:09Z' uid='8971394' user='vojtechzaboril' visible='true' version='1' changeset='157091549' lat='50.1040268' lon='14.4309506' />
  <node id='12199340906' action='delete' timestamp='2025-10-23T10:29:41Z' uid='10545359' user='kainloma' visible='true' version='3' changeset='173666530' lat='50.1040403' lon='14.4308411' />
  <node id='12199340907' action='delete' timestamp='2024-09-25T16:21:09Z' uid='8971394' user='vojtechzaboril' visible='true' version='1' changeset='157091549' lat='50.104218' lon='14.4305811' />
  <node id='12199340908' action='delete' timestamp='2024-09-25T16:21:09Z' uid='8971394' user='vojtechzaboril' visible='true' version='1' changeset='157091549' lat='50.1041766' lon='14.4306501' />
  <node id='12199340909' action='delete' timestamp='2024-09-25T16:21:09Z' uid='8971394' user='vojtechzaboril' visible='true' version='1' changeset='157091549' lat='50.1041389' lon='14.4306582' />
  <node id='12199340910' action='delete' timestamp='2024-09-25T16:21:09Z' uid='8971394' user='vojtechzaboril' visible='true' version='1' changeset='157091549' lat='50.1041715' lon='14.430417' />
  <node id='12199340911' action='delete' timestamp='2025-05-15T16:37:51Z' uid='10317199' user='adam 12' visible='true' version='2' changeset='166314028' lat='50.1041682' lon='14.4306194'>
    <tag k='railway' v='tram_level_crossing' />
  </node>
  <node id='12199340912' action='delete' timestamp='2025-05-15T16:37:51Z' uid='10317199' user='adam 12' visible='true' version='2' changeset='166314028' lat='50.1041452' lon='14.4306086'>
    <tag k='railway' v='tram_level_crossing' />
  </node>
  <node id='12199340913' action='delete' timestamp='2024-09-25T16:21:09Z' uid='8971394' user='vojtechzaboril' visible='true' version='1' changeset='157091549' lat='50.1041781' lon='14.4302301' />
  <node id='12199340914' action='delete' timestamp='2024-09-25T16:21:09Z' uid='8971394' user='vojtechzaboril' visible='true' version='1' changeset='157091549' lat='50.104157' lon='14.4301008' />
  <node id='12199340915' timestamp='2024-09-25T16:21:09Z' uid='8971394' user='vojtechzaboril' visible='true' version='1' changeset='157091549' lat='50.1042007' lon='14.4299596' />
  <node id='12199340916' timestamp='2024-09-25T16:21:09Z' uid='8971394' user='vojtechzaboril' visible='true' version='1' changeset='157091549' lat='50.1042215' lon='14.4298076' />
  <node id='12199340917' action='delete' timestamp='2024-09-25T16:21:09Z' uid='8971394' user='vojtechzaboril' visible='true' version='1' changeset='157091549' lat='50.104379' lon='14.4302566' />
  <node id='12199340918' timestamp='2024-09-25T16:21:09Z' uid='8971394' user='vojtechzaboril' visible='true' version='1' changeset='157091549' lat='50.1041958' lon='14.4297946' />
  <node id='12199340919' action='delete' timestamp='2026-09-08T12:39:46Z' uid='12087838' user='Bilykralik16' visible='true' version='2' changeset='188720495' lat='50.1042531' lon='14.4313206' />
  <node id='12199340920' action='delete' timestamp='2024-09-25T16:21:09Z' uid='8971394' user='vojtechzaboril' visible='true' version='1' changeset='157091549' lat='50.1042219' lon='14.4312476' />
  <node id='12199340921' action='delete' timestamp='2024-09-25T16:21:09Z' uid='8971394' user='vojtechzaboril' visible='true' version='1' changeset='157091549' lat='50.1042346' lon='14.4307643' />
  <node id='12199340922' action='delete' timestamp='2024-09-25T16:21:09Z' uid='8971394' user='vojtechzaboril' visible='true' version='1' changeset='157091549' lat='50.1041817' lon='14.4307693' />
  <node id='12199340923' action='delete' timestamp='2024-09-25T16:21:09Z' uid='8971394' user='vojtechzaboril' visible='true' version='1' changeset='157091549' lat='50.1041825' lon='14.4312389' />
  <node id='12199340926' action='delete' timestamp='2024-09-25T16:21:09Z' uid='8971394' user='vojtechzaboril' visible='true' version='1' changeset='157091549' lat='50.1041912' lon='14.431399' />
  <node id='12199340930' action='delete' timestamp='2026-09-08T12:39:46Z' uid='12087838' user='Bilykralik16' visible='true' version='3' changeset='188720495' lat='50.10411' lon='14.4307769' />
  <node id='12199340932' action='delete' timestamp='2024-09-25T16:21:09Z' uid='8971394' user='vojtechzaboril' visible='true' version='1' changeset='157091549' lat='50.1041471' lon='14.4312851' />
  <node id='12199340941' action='delete' timestamp='2024-09-25T16:21:09Z' uid='8971394' user='vojtechzaboril' visible='true' version='1' changeset='157091549' lat='50.1044088' lon='14.4317101' />
  <node id='12199340942' action='delete' timestamp='2024-09-25T16:21:09Z' uid='8971394' user='vojtechzaboril' visible='true' version='1' changeset='157091549' lat='50.1042553' lon='14.431537' />
  <node id='12199340943' action='delete' timestamp='2024-09-25T16:21:09Z' uid='8971394' user='vojtechzaboril' visible='true' version='1' changeset='157091549' lat='50.1042197' lon='14.4315068' />
  <node id='12199340944' action='delete' timestamp='2024-09-25T16:21:09Z' uid='8971394' user='vojtechzaboril' visible='true' version='1' changeset='157091549' lat='50.1041865' lon='14.4313113' />
  <node id='12199340945' action='delete' timestamp='2024-09-25T16:21:09Z' uid='8971394' user='vojtechzaboril' visible='true' version='1' changeset='157091549' lat='50.1042384' lon='14.4306207' />
  <node id='12199340946' action='delete' timestamp='2024-09-25T16:21:09Z' uid='8971394' user='vojtechzaboril' visible='true' version='1' changeset='157091549' lat='50.1042224' lon='14.4313791' />
  <node id='12199340947' action='delete' timestamp='2024-09-25T16:21:09Z' uid='8971394' user='vojtechzaboril' visible='true' version='1' changeset='157091549' lat='50.1042405' lon='14.4314425' />
  <node id='12199340948' action='delete' timestamp='2024-09-25T16:21:09Z' uid='8971394' user='vojtechzaboril' visible='true' version='1' changeset='157091549' lat='50.1042192' lon='14.4313501' />
  <node id='12199340949' action='delete' timestamp='2024-09-25T16:21:09Z' uid='8971394' user='vojtechzaboril' visible='true' version='1' changeset='157091549' lat='50.1042283' lon='14.4314071' />
  <node id='12199340950' action='delete' timestamp='2024-09-25T16:21:09Z' uid='8971394' user='vojtechzaboril' visible='true' version='1' changeset='157091549' lat='50.1042571' lon='14.4314733' />
  <node id='12199340952' action='delete' timestamp='2024-09-25T16:21:09Z' uid='8971394' user='vojtechzaboril' visible='true' version='1' changeset='157091549' lat='50.1041755' lon='14.4312415' />
  <node id='12199340953' action='delete' timestamp='2024-09-25T16:21:09Z' uid='8971394' user='vojtechzaboril' visible='true' version='1' changeset='157091549' lat='50.1042518' lon='14.4313581' />
  <node id='12199340954' action='delete' timestamp='2024-09-25T16:21:09Z' uid='8971394' user='vojtechzaboril' visible='true' version='1' changeset='157091549' lat='50.104263' lon='14.4314189' />
  <node id='12199340955' action='delete' timestamp='2024-09-25T16:21:09Z' uid='8971394' user='vojtechzaboril' visible='true' version='1' changeset='157091549' lat='50.1042564' lon='14.4313949' />
  <node id='12199340957' action='delete' timestamp='2024-09-25T16:21:09Z' uid='8971394' user='vojtechzaboril' visible='true' version='1' changeset='157091549' lat='50.1042721' lon='14.4314407' />
  <node id='12201974002' action='delete' timestamp='2025-03-05T21:54:09Z' uid='8971394' user='vojtechzaboril' visible='true' version='2' changeset='163262967' lat='50.1029588' lon='14.420662' />
  <node id='12201974029' action='delete' timestamp='2025-10-07T20:17:16Z' uid='8971394' user='vojtechzaboril' visible='true' version='2' changeset='172976515' lat='50.1028102' lon='14.4229625' />
  <node id='12201974030' action='delete' timestamp='2024-09-26T14:47:44Z' uid='8971394' user='vojtechzaboril' visible='true' version='1' changeset='157132605' lat='50.1028553' lon='14.4222826' />
  <node id='12201974031' action='delete' timestamp='2024-09-26T14:47:44Z' uid='8971394' user='vojtechzaboril' visible='true' version='1' changeset='157132605' lat='50.1028967' lon='14.4216183' />
  <node id='12639072313' action='delete' timestamp='2025-03-05T17:51:03Z' uid='8971394' user='vojtechzaboril' visible='true' version='1' changeset='163254476' lat='50.1040371' lon='14.4305588' />
  <node id='12639072316' action='delete' timestamp='2025-03-05T17:51:03Z' uid='8971394' user='vojtechzaboril' visible='true' version='1' changeset='163254476' lat='50.1033984' lon='14.4292815' />
  <node id='12639072317' action='delete' timestamp='2025-03-05T17:51:03Z' uid='8971394' user='vojtechzaboril' visible='true' version='1' changeset='163254476' lat='50.1034196' lon='14.4292742' />
  <node id='12639072318' action='delete' timestamp='2025-08-08T08:37:13Z' uid='17615' user='Petr Dlouhý' visible='true' version='2' changeset='170142767' lat='50.103939' lon='14.4300634' />
  <node id='12639072320' action='delete' timestamp='2025-08-08T08:37:13Z' uid='17615' user='Petr Dlouhý' visible='true' version='2' changeset='170142767' lat='50.1038863' lon='14.4299855' />
  <node id='12639072324' action='delete' timestamp='2025-08-08T08:37:13Z' uid='17615' user='Petr Dlouhý' visible='true' version='2' changeset='170142767' lat='50.1035028' lon='14.4295596' />
  <node id='12639072325' action='delete' timestamp='2025-08-08T08:37:13Z' uid='17615' user='Petr Dlouhý' visible='true' version='2' changeset='170142767' lat='50.1034758' lon='14.42951' />
  <node id='12639072326' action='delete' timestamp='2025-08-08T08:37:13Z' uid='17615' user='Petr Dlouhý' visible='true' version='2' changeset='170142767' lat='50.1035296' lon='14.4295911' />
  <node id='12639072327' action='delete' timestamp='2025-08-08T08:37:13Z' uid='17615' user='Petr Dlouhý' visible='true' version='2' changeset='170142767' lat='50.1034355' lon='14.4293837' />
  <node id='12639072328' action='delete' timestamp='2025-08-08T08:37:13Z' uid='17615' user='Petr Dlouhý' visible='true' version='2' changeset='170142767' lat='50.1034513' lon='14.4294498' />
  <node id='12639072329' action='delete' timestamp='2025-03-05T17:51:03Z' uid='8971394' user='vojtechzaboril' visible='true' version='1' changeset='163254476' lat='50.1034247' lon='14.4293162' />
  <node id='12652538735' action='delete' timestamp='2025-03-11T15:45:47Z' uid='16317487' user='hahraka' visible='true' version='1' changeset='163490906' lat='50.1030308' lon='14.4258469' />
  <node id='12652538737' action='delete' timestamp='2025-03-11T15:45:47Z' uid='16317487' user='hahraka' visible='true' version='1' changeset='163490906' lat='50.1043714' lon='14.4162365' />
  <node id='12652538739' action='delete' timestamp='2025-12-24T12:36:26Z' uid='10932047' user='Yakari (kleiner Indianer)' visible='true' version='2' changeset='176360375' lat='50.1042302' lon='14.4132006' />
  <node id='12652538740' action='delete' timestamp='2025-12-24T12:36:26Z' uid='10932047' user='Yakari (kleiner Indianer)' visible='true' version='2' changeset='176360375' lat='50.104166' lon='14.4128715' />
  <node id='12840369772' action='delete' timestamp='2025-05-15T16:37:51Z' uid='10317199' user='adam 12' visible='true' version='1' changeset='166314028' lat='50.1048848' lon='14.4325165' />
  <node id='12849553359' action='delete' timestamp='2025-05-19T20:12:44Z' uid='12087838' user='Bilykralik16' visible='true' version='1' changeset='166495219' lat='50.1033053' lon='14.4278748' />
  <node id='12849553360' action='delete' timestamp='2025-05-19T20:12:44Z' uid='12087838' user='Bilykralik16' visible='true' version='1' changeset='166495219' lat='50.1033201' lon='14.4275127' />
  <node id='12849553361' action='delete' timestamp='2025-05-19T20:12:44Z' uid='12087838' user='Bilykralik16' visible='true' version='1' changeset='166495219' lat='50.1033429' lon='14.4270876' />
  <node id='12944600773' timestamp='2025-06-22T11:41:18Z' uid='9410222' user='premek' visible='true' version='1' changeset='167953153' lat='50.1057142' lon='14.4225114'>
    <tag k='amenity' v='waste_basket' />
  </node>
  <node id='12944617941' timestamp='2026-08-02T18:05:05Z' uid='19965006' user='Haddad64' visible='true' version='3' changeset='186826835' lat='50.1056935' lon='14.4224475'>
    <tag k='amenity' v='toilets' />
    <tag k='fee' v='no' />
    <tag k='portable' v='yes' />
    <tag k='wheelchair' v='limited' />
  </node>
  <node id='13017150649' timestamp='2025-07-22T11:32:18Z' uid='15945994' user='Bohuslav Kovalsky' visible='true' version='1' changeset='169288553' lat='50.1046129' lon='14.4259734' />
  <node id='13033829348' action='delete' timestamp='2025-07-29T12:25:07Z' uid='718054' user='Piskvor' visible='true' version='1' changeset='169669862' lat='50.1038537' lon='14.4311804'>
    <tag k='highway' v='elevator' />
    <tag k='stroller' v='yes' />
    <tag k='wheelchair' v='designated' />
  </node>
  <node id='13033829350' action='delete' timestamp='2025-07-29T12:25:07Z' uid='718054' user='Piskvor' visible='true' version='1' changeset='169669862' lat='50.1037461' lon='14.4312875'>
    <tag k='highway' v='elevator' />
    <tag k='stroller' v='yes' />
    <tag k='wheelchair' v='designated' />
  </node>
  <node id='13043227652' action='delete' timestamp='2025-08-02T16:25:51Z' uid='12087838' user='Bilykralik16' visible='true' version='1' changeset='169870756' lat='50.103588' lon='14.43083' />
  <node id='13055955201' action='delete' timestamp='2025-08-07T10:23:35Z' uid='529629' user='Pescan' visible='true' version='1' changeset='170098686' lat='50.106582' lon='14.4212183'>
    <tag k='amenity' v='waste_basket' />
  </node>
  <node id='13055963801' action='delete' timestamp='2025-08-09T09:21:36Z' uid='529629' user='Pescan' visible='true' version='2' changeset='170190993' lat='50.106041' lon='14.4199366'>
    <tag k='amenity' v='waste_basket' />
  </node>
  <node id='13055982401' action='delete' timestamp='2025-08-07T10:48:53Z' uid='529629' user='Pescan' visible='true' version='1' changeset='170099736' lat='50.1054114' lon='14.4204098'>
    <tag k='amenity' v='waste_basket' />
  </node>
  <node id='13059346109' timestamp='2026-08-15T02:01:27Z' uid='24283398' user='reperfect-it_bot' visible='true' version='3' changeset='187468787' lat='50.1053177' lon='14.4276797'>
    <tag k='description' v='Pamětní deska Giordana Bruna na Planetáriu ve Stromovce' />
    <tag k='direction' v='230' />
    <tag k='historic' v='memorial' />
    <tag k='inscription' v='GIORDANO BRUNO|(1548 - 1600)|PAMÁTCE RENESANČNÍHO|FILOSOFA A ASTRONOMA|Věnovala NOVÁ AKROPOLIS. AD 1996' />
    <tag k='memorial' v='plaque' />
    <tag k='name' v='Giordano Bruno' />
    <tag k='ref:drobne_pamatky' v='33207' />
    <tag k='start_date' v='1996' />
    <tag k='wikidata' v='Q94441428' />
    <tag k='wikimedia_commons' v='File:Bruno122.jpg' />
  </node>
  <node id='13075991998' action='delete' timestamp='2025-08-17T13:56:35Z' uid='529629' user='Pescan' visible='true' version='1' changeset='170568272' lat='50.1046097' lon='14.4304633'>
    <tag k='camera:direction' v='270' />
    <tag k='camera:mount' v='wall' />
    <tag k='camera:type' v='fixed' />
    <tag k='man_made' v='surveillance' />
    <tag k='surveillance' v='outdoor' />
    <tag k='surveillance:type' v='camera' />
  </node>
  <node id='13251631773' action='delete' timestamp='2025-10-23T10:29:41Z' uid='10545359' user='kainloma' visible='true' version='1' changeset='173666530' lat='50.1040554' lon='14.430987' />
  <node id='13401357148' action='delete' timestamp='2025-12-24T12:36:25Z' uid='10932047' user='Yakari (kleiner Indianer)' visible='true' version='1' changeset='176360375' lat='50.1066856' lon='14.4065952' />
  <node id='13401357149' action='delete' timestamp='2025-12-24T12:36:25Z' uid='10932047' user='Yakari (kleiner Indianer)' visible='true' version='1' changeset='176360375' lat='50.1046461' lon='14.407943' />
  <node id='13401357150' action='delete' timestamp='2025-12-24T12:36:25Z' uid='10932047' user='Yakari (kleiner Indianer)' visible='true' version='1' changeset='176360375' lat='50.1046427' lon='14.4078438' />
  <node id='13401357151' action='delete' timestamp='2025-12-24T12:36:25Z' uid='10932047' user='Yakari (kleiner Indianer)' visible='true' version='1' changeset='176360375' lat='50.1046487' lon='14.4079685' />
  <node id='13401357152' action='delete' timestamp='2025-12-24T12:36:25Z' uid='10932047' user='Yakari (kleiner Indianer)' visible='true' version='1' changeset='176360375' lat='50.1046504' lon='14.4080155' />
  <node id='13401357153' action='delete' timestamp='2025-12-24T12:36:25Z' uid='10932047' user='Yakari (kleiner Indianer)' visible='true' version='1' changeset='176360375' lat='50.1045365' lon='14.4093237' />
  <node id='13401357154' action='delete' timestamp='2025-12-24T12:36:25Z' uid='10932047' user='Yakari (kleiner Indianer)' visible='true' version='1' changeset='176360375' lat='50.1045296' lon='14.4093727' />
  <node id='13401357155' action='delete' timestamp='2025-12-24T12:36:25Z' uid='10932047' user='Yakari (kleiner Indianer)' visible='true' version='1' changeset='176360375' lat='50.10449' lon='14.4096067' />
  <node id='13401357156' action='delete' timestamp='2025-12-24T12:36:25Z' uid='10932047' user='Yakari (kleiner Indianer)' visible='true' version='1' changeset='176360375' lat='50.1044909' lon='14.4095953' />
  <node id='13401357158' action='delete' timestamp='2025-12-24T12:36:25Z' uid='10932047' user='Yakari (kleiner Indianer)' visible='true' version='1' changeset='176360375' lat='50.1044341' lon='14.4100633' />
  <node id='13401357159' action='delete' timestamp='2025-12-24T12:36:25Z' uid='10932047' user='Yakari (kleiner Indianer)' visible='true' version='1' changeset='176360375' lat='50.104475' lon='14.4097193' />
  <node id='13401357160' action='delete' timestamp='2025-12-24T12:36:25Z' uid='10932047' user='Yakari (kleiner Indianer)' visible='true' version='1' changeset='176360375' lat='50.1043872' lon='14.4103885' />
  <node id='13401357161' action='delete' timestamp='2025-12-24T12:36:25Z' uid='10932047' user='Yakari (kleiner Indianer)' visible='true' version='1' changeset='176360375' lat='50.1043705' lon='14.4104965' />
  <node id='13401357162' action='delete' timestamp='2025-12-24T12:36:25Z' uid='10932047' user='Yakari (kleiner Indianer)' visible='true' version='1' changeset='176360375' lat='50.104398' lon='14.4103161' />
  <node id='13401357163' action='delete' timestamp='2025-12-24T12:36:25Z' uid='10932047' user='Yakari (kleiner Indianer)' visible='true' version='1' changeset='176360375' lat='50.1043821' lon='14.4111396' />
  <node id='13401357164' action='delete' timestamp='2025-12-24T12:36:25Z' uid='10932047' user='Yakari (kleiner Indianer)' visible='true' version='1' changeset='176360375' lat='50.1042707' lon='14.4112194' />
  <node id='13401357165' action='delete' timestamp='2025-12-24T12:36:25Z' uid='10932047' user='Yakari (kleiner Indianer)' visible='true' version='1' changeset='176360375' lat='50.1039554' lon='14.4114427' />
  <node id='13401357166' action='delete' timestamp='2025-12-24T12:36:25Z' uid='10932047' user='Yakari (kleiner Indianer)' visible='true' version='1' changeset='176360375' lat='50.1039524' lon='14.4114353' />
  <node id='13401357167' action='delete' timestamp='2025-12-24T12:36:25Z' uid='10932047' user='Yakari (kleiner Indianer)' visible='true' version='1' changeset='176360375' lat='50.1041726' lon='14.4112898' />
  <node id='13401357168' action='delete' timestamp='2025-12-24T12:36:25Z' uid='10932047' user='Yakari (kleiner Indianer)' visible='true' version='1' changeset='176360375' lat='50.1039206' lon='14.4114802' />
  <node id='13401357169' action='delete' timestamp='2025-12-24T12:36:25Z' uid='10932047' user='Yakari (kleiner Indianer)' visible='true' version='1' changeset='176360375' lat='50.1040634' lon='14.4123606' />
  <node id='13401357170' action='delete' timestamp='2025-12-24T12:36:25Z' uid='10932047' user='Yakari (kleiner Indianer)' visible='true' version='1' changeset='176360375' lat='50.1039653' lon='14.411855' />
  <node id='13401357171' action='delete' timestamp='2025-12-24T12:36:25Z' uid='10932047' user='Yakari (kleiner Indianer)' visible='true' version='1' changeset='176360375' lat='50.1039094' lon='14.4115446' />
  <node id='13401357172' action='delete' timestamp='2025-12-24T12:36:25Z' uid='10932047' user='Yakari (kleiner Indianer)' visible='true' version='1' changeset='176360375' lat='50.1039214' lon='14.411613' />
  <node id='13401357173' action='delete' timestamp='2025-12-24T12:36:25Z' uid='10932047' user='Yakari (kleiner Indianer)' visible='true' version='1' changeset='176360375' lat='50.1039305' lon='14.411611' />
  <node id='13401357174' action='delete' timestamp='2025-12-24T12:36:25Z' uid='10932047' user='Yakari (kleiner Indianer)' visible='true' version='1' changeset='176360375' lat='50.1039391' lon='14.411672' />
  <node id='13401357175' action='delete' timestamp='2025-12-24T12:36:25Z' uid='10932047' user='Yakari (kleiner Indianer)' visible='true' version='1' changeset='176360375' lat='50.1039726' lon='14.411851' />
  <node id='13401357176' action='delete' timestamp='2025-12-24T12:36:25Z' uid='10932047' user='Yakari (kleiner Indianer)' visible='true' version='1' changeset='176360375' lat='50.1040707' lon='14.4123593' />
  <node id='13401357177' action='delete' timestamp='2025-12-24T12:36:25Z' uid='10932047' user='Yakari (kleiner Indianer)' visible='true' version='1' changeset='176360375' lat='50.1042612' lon='14.4133209' />
  <node id='13401357178' action='delete' timestamp='2025-12-24T12:36:25Z' uid='10932047' user='Yakari (kleiner Indianer)' visible='true' version='1' changeset='176360375' lat='50.1042401' lon='14.4133658' />
  <node id='13401357179' action='delete' timestamp='2025-12-24T12:36:25Z' uid='10932047' user='Yakari (kleiner Indianer)' visible='true' version='1' changeset='176360375' lat='50.1041687' lon='14.4135609' />
  <node id='13401357180' action='delete' timestamp='2025-12-24T12:36:25Z' uid='10932047' user='Yakari (kleiner Indianer)' visible='true' version='1' changeset='176360375' lat='50.1040672' lon='14.4143978' />
  <node id='13401357181' action='delete' timestamp='2025-12-24T12:36:25Z' uid='10932047' user='Yakari (kleiner Indianer)' visible='true' version='1' changeset='176360375' lat='50.1040608' lon='14.4144273' />
  <node id='13401357182' action='delete' timestamp='2025-12-24T12:36:25Z' uid='10932047' user='Yakari (kleiner Indianer)' visible='true' version='1' changeset='176360375' lat='50.1040023' lon='14.4147827' />
  <node id='13401357183' action='delete' timestamp='2025-12-24T12:36:25Z' uid='10932047' user='Yakari (kleiner Indianer)' visible='true' version='1' changeset='176360375' lat='50.1041292' lon='14.4148638' />
  <node id='13401357184' action='delete' timestamp='2025-12-24T12:36:25Z' uid='10932047' user='Yakari (kleiner Indianer)' visible='true' version='1' changeset='176360375' lat='50.1040827' lon='14.4160514' />
  <node id='13401357185' action='delete' timestamp='2025-12-24T12:36:25Z' uid='10932047' user='Yakari (kleiner Indianer)' visible='true' version='1' changeset='176360375' lat='50.1039288' lon='14.4165207' />
  <node id='13401357186' action='delete' timestamp='2025-12-24T12:36:25Z' uid='10932047' user='Yakari (kleiner Indianer)' visible='true' version='1' changeset='176360375' lat='50.103989' lon='14.416337' />
  <node id='13401357187' action='delete' timestamp='2025-12-24T12:36:25Z' uid='10932047' user='Yakari (kleiner Indianer)' visible='true' version='1' changeset='176360375' lat='50.1033102' lon='14.4177978' />
  <node id='13401357188' action='delete' timestamp='2025-12-24T12:36:25Z' uid='10932047' user='Yakari (kleiner Indianer)' visible='true' version='1' changeset='176360375' lat='50.103299' lon='14.417881' />
  <node id='13970693206' action='delete' timestamp='2026-06-27T21:51:44Z' uid='22864870' user='funH4xx0r' visible='true' version='2' changeset='184715244' lat='50.1064942' lon='14.4277271'>
    <tag k='amenity' v='restaurant' />
    <tag k='check_date' v='2025-09-11' />
    <tag k='check_date:opening_hours' v='2025-09-11' />
    <tag k='name' v='Bistro Artyčok' />
    <tag k='opening_hours' v='Mo-Fr 11:00-20:00; Sa,Su 10:00-20:00' />
    <tag k='outdoor_seating' v='yes' />
  </node>
  <node id='13970695014' action='delete' timestamp='2026-06-27T21:51:44Z' uid='22864870' user='funH4xx0r' visible='true' version='2' changeset='184715244' lat='50.106733' lon='14.428107'>
    <tag k='amenity' v='restaurant' />
    <tag k='name' v='U Primasů' />
    <tag k='outdoor_seating' v='yes' />
    <tag k='phone' v='+420 604 852 830' />
    <tag k='website' v='http://www.uprimasu.cz/' />
  </node>
  <node id='13970697367' timestamp='2026-06-27T21:51:44Z' uid='22864870' user='funH4xx0r' visible='true' version='2' changeset='184715244' lat='50.1050963' lon='14.4221877'>
    <tag k='amenity' v='restaurant' />
    <tag k='email' v='info@vozovna-stromovka.cz' />
    <tag k='name' v='Vozovna Stromovka' />
    <tag k='opening_hours' v='Mo-Fr 11:00-20:00; Sa,Su 10:00-20:00' />
    <tag k='outdoor_seating' v='yes' />
    <tag k='phone' v='+420 725 123 705' />
    <tag k='website' v='http://www.vozovna-stromovka.cz' />
    <tag k='website:menu' v='http://www.vozovna-stromovka.cz' />
  </node>
  <node id='13986619257' action='delete' timestamp='2026-07-03T19:06:01Z' uid='12087838' user='Bilykralik16' visible='true' version='1' changeset='185057384' lat='50.1034748' lon='14.4299078' />
  <node id='13986619267' action='delete' timestamp='2026-07-03T19:06:01Z' uid='12087838' user='Bilykralik16' visible='true' version='1' changeset='185057384' lat='50.1038332' lon='14.4312007' />
  <node id='13986619278' action='delete' timestamp='2026-07-03T19:06:01Z' uid='12087838' user='Bilykralik16' visible='true' version='1' changeset='185057384' lat='50.1037671' lon='14.4312675' />
  <node id='13986619279' action='delete' timestamp='2026-07-03T19:06:01Z' uid='12087838' user='Bilykralik16' visible='true' version='1' changeset='185057384' lat='50.103556' lon='14.4307302' />
  <node id='13986619280' action='delete' timestamp='2026-07-03T19:06:01Z' uid='12087838' user='Bilykralik16' visible='true' version='1' changeset='185057384' lat='50.1033619' lon='14.4299674' />
  <node id='14110679479' action='delete' timestamp='2026-08-21T18:38:48Z' uid='3018330' user='krizvasa' visible='true' version='2' changeset='187811700' lat='50.1066437' lon='14.4272245'>
    <tag k='access' v='yes' />
    <tag k='amenity' v='bicycle_parking' />
    <tag k='bicycle_parking' v='stands' />
    <tag k='capacity' v='16' />
    <tag k='colour' v='silver' />
    <tag k='covered' v='no' />
    <tag k='fee' v='no' />
    <tag k='operator' v='Rekola bikesharing s r. o.' />
    <tag k='operator:type' v='business' />
  </node>
  <node id='14162461961' action='delete' timestamp='2026-09-08T12:39:46Z' uid='12087838' user='Bilykralik16' visible='true' version='1' changeset='188720495' lat='50.1041054' lon='14.4311126' />
  <node id='14162461962' action='delete' timestamp='2026-09-08T12:39:46Z' uid='12087838' user='Bilykralik16' visible='true' version='1' changeset='188720495' lat='50.1041071' lon='14.4310172' />
  <node id='14162461963' action='delete' timestamp='2026-09-08T12:39:46Z' uid='12087838' user='Bilykralik16' visible='true' version='1' changeset='188720495' lat='50.1041291' lon='14.4311363' />
  <node id='14162473083' action='delete' timestamp='2026-09-08T12:39:46Z' uid='12087838' user='Bilykralik16' visible='true' version='1' changeset='188720495' lat='50.1039838' lon='14.4303814' />
  <node id='14185809998' timestamp='2026-09-16T21:32:53Z' uid='194363' user='robotour' visible='true' version='1' changeset='189132204' lat='50.1047321' lon='14.4220843' />
  <node id='14185809999' timestamp='2026-09-16T21:32:53Z' uid='194363' user='robotour' visible='true' version='1' changeset='189132204' lat='50.1041854' lon='14.4221114' />
  <node id='14185810000' timestamp='2026-09-16T21:32:53Z' uid='194363' user='robotour' visible='true' version='1' changeset='189132204' lat='50.104812' lon='14.4220889' />
  <way id='9113424' action='delete' timestamp='2025-07-07T16:45:27Z' uid='700277' user='TeX232' visible='true' version='17' changeset='168614627'>
    <tag k='addr:conscriptionnumber' v='416' />
    <tag k='addr:housenumber' v='416' />
    <tag k='addr:postcode' v='17000' />
    <tag k='addr:street' v='Výstaviště' />
    <tag k='amenity' v='exhibition_centre' />
    <tag k='building' v='construction' />
    <tag k='building:ruian:type' v='3' />
    <tag k='height' v='4' />
    <tag k='name' v='Průmyslový palác' />
    <tag k='name:de' v='Industriepalast' />
    <tag k='name:en' v='Industrial Palace' />
    <tag k='ref:ruian:building' v='22154361' />
    <tag k='source' v='cuzk:ruian' />
    <tag k='website' v='https://navystavisti.cz/' />
    <tag k='wikidata' v='Q12047455' />
    <tag k='wikipedia' v='cs:Průmyslový palác' />
  </way>
  <way id='9113973' action='delete' timestamp='2022-06-09T13:23:08Z' uid='100163' user='Hlav' visible='true' version='6' changeset='122166408'>
    <tag k='building' v='residential' />
    <tag k='building:ruian:type' v='3' />
    <tag k='height' v='10' />
    <tag k='ref:ruian:building' v='22153012' />
    <tag k='source' v='cuzk:ruian' />
  </way>
  <way id='22634016' timestamp='2026-07-21T08:47:31Z' uid='11113396' user='osmatze' visible='true' version='42' changeset='186102965'>
    <nd ref='331184318' />
    <nd ref='1784576444' />
    <nd ref='242744142' />
    <nd ref='1784576448' />
    <nd ref='242744143' />
    <nd ref='1784576449' />
    <nd ref='242744132' />
    <nd ref='331184347' />
    <nd ref='331184348' />
    <nd ref='331184346' />
    <nd ref='331184316' />
    <nd ref='331184349' />
    <nd ref='4581260794' />
    <nd ref='4581260791' />
    <nd ref='4766847789' />
    <nd ref='4581260792' />
    <nd ref='4581260793' />
    <nd ref='331184330' />
    <nd ref='242744135' />
    <nd ref='331184336' />
    <nd ref='331184338' />
    <nd ref='331184339' />
    <nd ref='331184337' />
    <nd ref='1784576443' />
    <nd ref='242744136' />
    <nd ref='331184328' />
    <nd ref='331184340' />
    <nd ref='242744137' />
    <nd ref='331184326' />
    <nd ref='331184341' />
    <nd ref='331184342' />
    <nd ref='13059346109' />
    <nd ref='242744138' />
    <nd ref='1784576429' />
    <nd ref='3849105432' />
    <nd ref='1784576427' />
    <nd ref='331184324' />
    <nd ref='242744139' />
    <nd ref='1784576428' />
    <nd ref='1784576430' />
    <nd ref='1784576431' />
    <nd ref='242744140' />
    <nd ref='1784576432' />
    <nd ref='331184320' />
    <nd ref='1784576438' />
    <nd ref='331184343' />
    <nd ref='331184344' />
    <nd ref='8404425944' />
    <nd ref='331184345' />
    <nd ref='331184318' />
    <tag k='addr:city' v='Praha 7' />
    <tag k='addr:conscriptionnumber' v='233' />
    <tag k='addr:housenumber' v='233' />
    <tag k='addr:postcode' v='17021' />
    <tag k='addr:street' v='Královská obora' />
    <tag k='air_conditioning' v='yes' />
    <tag k='amenity' v='planetarium' />
    <tag k='building' v='civic' />
    <tag k='building:colour' v='#DFC69A' />
    <tag k='building:ruian:type' v='5' />
    <tag k='fee' v='yes' />
    <tag k='height' v='8' />
    <tag k='name' v='Planetárium' />
    <tag k='name:de' v='Planetarium' />
    <tag k='name:en' v='Planetarium' />
    <tag k='name:ru' v='Планетарий' />
    <tag k='opening_hours' v='Tu-Su 10:30-20:30' />
    <tag k='payment:cash' v='yes' />
    <tag k='payment:credit_cards' v='yes' />
    <tag k='ref:ruian:addr' v='22293809' />
    <tag k='ref:ruian:building' v='22153381' />
    <tag k='ref:vatin' v='CZ00064441' />
    <tag k='roof:colour' v='gray' />
    <tag k='source' v='cuzk:ruian' />
    <tag k='start_date' v='1960-11-20' />
    <tag k='tourism' v='museum' />
    <tag k='website' v='https://www.planetum.cz/' />
    <tag k='wheelchair' v='yes' />
    <tag k='wikidata' v='Q18198103' />
    <tag k='wikimedia_commons' v='Category:Planetarium in Prague' />
    <tag k='wikipedia' v='en:Planetárium Praha' />
  </way>
  <way id='23315134' timestamp='2025-04-02T17:05:19Z' uid='447835' user='xorly' visible='true' version='18' changeset='164431036'>
    <nd ref='252419263' />
    <nd ref='252419265' />
    <nd ref='11073297335' />
    <nd ref='252419266' />
    <nd ref='252419267' />
    <nd ref='252419268' />
    <nd ref='2385050034' />
    <nd ref='252419269' />
    <nd ref='1010691884' />
    <nd ref='4407938799' />
    <nd ref='252419271' />
    <nd ref='252419273' />
    <nd ref='1023770686' />
    <nd ref='558379274' />
    <nd ref='1906596875' />
    <tag k='highway' v='footway' />
    <tag k='horse' v='yes' />
    <tag k='motorcar' v='no' />
    <tag k='motorcycle' v='no' />
    <tag k='surface' v='sett' />
  </way>
  <way id='24399672' action='delete' timestamp='2026-05-05T04:47:56Z' uid='23975895' user='Miroslav901' visible='true' version='20' changeset='182231454'>
    <tag k='addr:city' v='Praha' />
    <tag k='addr:conscriptionnumber' v='417' />
    <tag k='addr:country' v='CZ' />
    <tag k='addr:housenumber' v='417' />
    <tag k='addr:place' v='Bubeneč' />
    <tag k='addr:postcode' v='17000' />
    <tag k='addr:street' v='Výstaviště' />
    <tag k='addr:suburb' v='Praha 7' />
    <tag k='building' v='public' />
    <tag k='building:colour' v='#fffff3' />
    <tag k='building:ruian:type' v='3' />
    <tag k='email' v='panorama@navystavisti.cz' />
    <tag k='fee' v='yes' />
    <tag k='height' v='13' />
    <tag k='name' v='Maroldovo panorama' />
    <tag k='name:de' v='Panorama der Schlacht bei Lipany' />
    <tag k='opening_hours' v='Apr-Sep: Th-Su,PH 09:00-12:30,13:00-17:30' />
    <tag k='phone' v='+420 778 457 228' />
    <tag k='ref:ruian:building' v='22154370' />
    <tag k='roof:height' v='3' />
    <tag k='roof:material' v='glass' />
    <tag k='roof:shape' v='pyramidal' />
    <tag k='source' v='cuzk:ruian' />
    <tag k='start_date' v='1934-05-30' />
    <tag k='tourism' v='museum' />
    <tag k='website' v='https://navystavisti.cz/areal/maroldovo-panorama/' />
    <tag k='wikidata' v='Q8243754' />
    <tag k='wikimedia_commons' v='Category:Maroldovo panorama bitvy u Lipan' />
    <tag k='wikipedia' v='cs:Bitva u Lipan (panoráma)' />
  </way>
  <way id='24399673' action='delete' timestamp='2026-09-08T20:35:04Z' uid='12087838' user='Bilykralik16' visible='true' version='22' changeset='188742888'>
    <tag k='bicycle' v='yes' />
    <tag k='carriage' v='yes' />
    <tag k='embedded_rails' v='tram' />
    <tag k='highway' v='pedestrian' />
    <tag k='lanes' v='2' />
    <tag k='maxspeed' v='20' />
    <tag k='motor_vehicle' v='private' />
    <tag k='service' v='alley' />
    <tag k='surface' v='sett' />
  </way>
  <way id='25303589' timestamp='2025-06-27T21:03:44Z' uid='21107796' user='Štěpán Švach' visible='true' version='8' changeset='168204886'>
    <nd ref='275620097' />
    <nd ref='2385093178' />
    <nd ref='11073297331' />
    <nd ref='275620100' />
    <nd ref='329712759' />
    <tag k='highway' v='footway' />
    <tag k='surface' v='sett' />
  </way>
  <way id='25303590' action='modify' timestamp='2026-09-08T12:39:46Z' uid='12087838' user='Bilykralik16' visible='true' version='21' changeset='188720495'>
    <nd ref='275620114' />
    <nd ref='1023770298' />
    <nd ref='7141618545' />
    <nd ref='388382614' />
    <nd ref='275620116' />
    <nd ref='275620117' />
    <nd ref='297543615' />
    <tag k='highway' v='footway' />
    <tag k='surface' v='sett' />
    <tag k='tracktype' v='grade1' />
  </way>
  <way id='25303591' action='delete' timestamp='2026-09-08T12:39:46Z' uid='12087838' user='Bilykralik16' visible='true' version='26' changeset='188720495'>
    <tag k='bicycle' v='yes' />
    <tag k='highway' v='pedestrian' />
    <tag k='horse' v='yes' />
    <tag k='lit' v='yes' />
    <tag k='motor_vehicle' v='no' />
    <tag k='motorcar' v='no' />
    <tag k='motorcycle' v='no' />
    <tag k='name' v='Královská obora' />
    <tag k='name:cs' v='Královská obora' />
    <tag k='name:de' v='Königlicher Wildpark' />
    <tag k='name:etymology:wikidata' v='Q3500538' />
    <tag k='ref:ruian:street' v='481203' />
    <tag k='service' v='alley' />
    <tag k='surface' v='asphalt' />
    <tag k='tracktype' v='grade1' />
    <tag k='wikidata' v='Q45421256' />
  </way>
  <way id='25400096' action='delete' timestamp='2025-05-01T14:54:19Z' uid='22789601' user='nytek23' visible='true' version='12' changeset='165680117'>
    <tag k='bicycle' v='yes' />
    <tag k='highway' v='pedestrian' />
    <tag k='horse' v='yes' />
    <tag k='inline_skates' v='yes' />
    <tag k='lit' v='yes' />
    <tag k='motor_vehicle' v='no' />
    <tag k='motorcar' v='no' />
    <tag k='motorcycle' v='no' />
    <tag k='noname' v='yes' />
    <tag k='service' v='alley' />
    <tag k='smoothness' v='good' />
    <tag k='source' v='uhul:ortofoto' />
    <tag k='surface' v='asphalt' />
    <tag k='tracktype' v='grade1' />
  </way>
  <way id='25400107' action='delete' timestamp='2025-09-20T04:59:52Z' uid='255936' user='NyanSten' visible='true' version='17' changeset='172189334'>
    <tag k='bicycle' v='yes' />
    <tag k='highway' v='pedestrian' />
    <tag k='incline' v='up' />
    <tag k='inline_skates' v='yes' />
    <tag k='lit' v='no' />
    <tag k='loc_name:de' v='Johannaruhe' />
    <tag k='motor_vehicle' v='no' />
    <tag k='name' v='Mecsérova silnice' />
    <tag k='name:cs' v='Mecsérova silnice' />
    <tag k='name:etymology:wikidata' v='Q55899722' />
    <tag k='service' v='alley' />
    <tag k='smoothness' v='good' />
    <tag k='source' v='cuzk:km' />
    <tag k='source:name' v='https://www.bubenec.eu/neexistujici-ulice-a-namesti/' />
    <tag k='surface' v='asphalt' />
    <tag k='tracktype' v='grade1' />
    <tag k='wikidata' v='Q64995715' />
  </way>
  <way id='25400115' action='delete' timestamp='2024-11-25T09:45:20Z' uid='17615' user='Petr Dlouhý' visible='true' version='11' changeset='159565011'>
    <tag k='highway' v='footway' />
    <tag k='horse' v='yes' />
    <tag k='inline_skates' v='yes' />
    <tag k='motorcar' v='no' />
    <tag k='motorcycle' v='no' />
    <tag k='segregated' v='no' />
    <tag k='smoothness' v='good' />
    <tag k='surface' v='asphalt' />
    <tag k='tracktype' v='grade1' />
  </way>
  <way id='25735899' action='delete' timestamp='2024-09-25T16:21:09Z' uid='8971394' user='vojtechzaboril' visible='true' version='15' changeset='157091549'>
    <tag k='electrified' v='contact_line' />
    <tag k='frequency' v='0' />
    <tag k='gauge' v='1435' />
    <tag k='maxspeed' v='15' />
    <tag k='oneway' v='yes' />
    <tag k='railway' v='tram' />
    <tag k='voltage' v='600' />
  </way>
  <way id='27119858' action='delete' timestamp='2025-09-20T04:59:52Z' uid='255936' user='NyanSten' visible='true' version='19' changeset='172189334'>
    <tag k='bicycle' v='yes' />
    <tag k='highway' v='pedestrian' />
    <tag k='horse' v='yes' />
    <tag k='inline_skates' v='yes' />
    <tag k='lit' v='yes' />
    <tag k='motor_vehicle' v='no' />
    <tag k='motorcar' v='no' />
    <tag k='motorcycle' v='no' />
    <tag k='name' v='Královská obora' />
    <tag k='name:cs' v='Královská obora' />
    <tag k='name:de' v='Königlicher Wildpark' />
    <tag k='name:etymology:wikidata' v='Q3500538' />
    <tag k='ref:ruian:street' v='481203' />
    <tag k='service' v='alley' />
    <tag k='smoothness' v='good' />
    <tag k='surface' v='asphalt' />
    <tag k='tracktype' v='grade1' />
    <tag k='wikidata' v='Q45421256' />
  </way>
  <way id='27126955' action='delete' timestamp='2021-05-04T12:59:19Z' uid='100163' user='Hlav' visible='true' version='5' changeset='104126075'>
    <tag k='highway' v='service' />
    <tag k='source' v='cuzk:km' />
  </way>
  <way id='27126958' action='delete' timestamp='2024-08-18T07:53:02Z' uid='44793' user='st1974' visible='true' version='6' changeset='155400287'>
    <tag k='area' v='no' />
    <tag k='highway' v='service' />
    <tag k='source' v='cuzk:km' />
    <tag k='surface' v='asphalt' />
  </way>
  <way id='27126963' action='delete' timestamp='2025-04-24T20:46:59Z' uid='10135165' user='tocra' visible='true' version='2' changeset='165397859'>
    <tag k='highway' v='footway' />
    <tag k='source' v='cuzk:km' />
    <tag k='surface' v='asphalt' />
  </way>
  <way id='27126964' action='delete' timestamp='2025-09-11T11:17:04Z' uid='21772938' user='316filip' visible='true' version='3' changeset='171779136'>
    <tag k='highway' v='footway' />
    <tag k='source' v='cuzk:km' />
    <tag k='surface' v='asphalt' />
  </way>
  <way id='27126965' action='delete' timestamp='2025-04-24T20:47:17Z' uid='10135165' user='tocra' visible='true' version='2' changeset='165397859'>
    <tag k='highway' v='footway' />
    <tag k='source' v='cuzk:km' />
    <tag k='surface' v='paving_stones' />
  </way>
  <way id='27126967' action='delete' timestamp='2021-05-26T14:44:01Z' uid='100163' user='Hlav' visible='true' version='8' changeset='105365179'>
    <tag k='area' v='yes' />
    <tag k='highway' v='pedestrian' />
    <tag k='source' v='uhul:ortofoto' />
    <tag k='surface' v='paving_stones' />
  </way>
  <way id='27126979' action='delete' timestamp='2025-05-15T16:37:51Z' uid='10317199' user='adam 12' visible='true' version='20' changeset='166314028'>
  </way>
  <way id='27127020' action='delete' timestamp='2022-08-13T19:23:42Z' uid='13421560' user='MichMat97' visible='true' version='4' changeset='124865112'>
    <tag k='highway' v='footway' />
    <tag k='source' v='cuzk:km' />
    <tag k='surface' v='sett' />
  </way>
  <way id='29917742' action='delete' timestamp='2024-11-25T09:45:20Z' uid='17615' user='Petr Dlouhý' visible='true' version='9' changeset='159565011'>
    <tag k='highway' v='footway' />
    <tag k='horse' v='yes' />
    <tag k='motorcar' v='no' />
    <tag k='motorcycle' v='no' />
    <tag k='source' v='uhul:ortofoto' />
    <tag k='surface' v='gravel' />
  </way>
  <way id='29917750' action='delete' timestamp='2024-11-25T09:45:20Z' uid='17615' user='Petr Dlouhý' visible='true' version='5' changeset='159565011'>
    <tag k='highway' v='footway' />
    <tag k='source' v='cuzk:km' />
    <tag k='surface' v='gravel' />
  </way>
  <way id='29919511' action='delete' timestamp='2023-07-28T12:45:27Z' uid='100163' user='Hlav' visible='true' version='9' changeset='139134143'>
    <tag k='highway' v='footway' />
    <tag k='horse' v='yes' />
    <tag k='motorcar' v='no' />
    <tag k='motorcycle' v='no' />
    <tag k='source' v='cuzk:km' />
    <tag k='surface' v='sett' />
  </way>
  <way id='29919513' action='delete' timestamp='2014-02-09T07:21:40Z' uid='17615' user='Petr Dlouhý' visible='true' version='3' changeset='20459479'>
    <tag k='highway' v='footway' />
    <tag k='horse' v='yes' />
    <tag k='motorcar' v='no' />
    <tag k='motorcycle' v='no' />
    <tag k='source' v='cuzk:km' />
  </way>
  <way id='30038589' timestamp='2026-06-27T15:51:19Z' uid='22864870' user='funH4xx0r' visible='true' version='13' changeset='184700541'>
    <nd ref='3851400188' />
    <nd ref='330799197' />
    <nd ref='330799198' />
    <nd ref='330799199' />
    <nd ref='330799200' />
    <nd ref='330799201' />
    <nd ref='330799196' />
    <nd ref='3851400188' />
    <tag k='addr:city' v='Praha' />
    <tag k='addr:conscriptionnumber' v='2' />
    <tag k='addr:country' v='CZ' />
    <tag k='addr:housenumber' v='2' />
    <tag k='addr:place' v='Bubeneč' />
    <tag k='addr:postcode' v='17000' />
    <tag k='addr:street' v='Královská obora' />
    <tag k='addr:suburb' v='Praha 7' />
    <tag k='building' v='yes' />
    <tag k='building:flats' v='1' />
    <tag k='building:ruian:type' v='19' />
    <tag k='ref:ruian:building' v='22152300' />
    <tag k='source' v='cuzk:ruian' />
  </way>
  <way id='33898711' timestamp='2026-09-16T21:32:53Z' uid='194363' user='robotour' visible='true' version='5' changeset='189132204'>
    <nd ref='4407938764' />
    <nd ref='388382561' />
    <nd ref='388382562' />
    <nd ref='4407938771' />
    <nd ref='388382563' />
    <nd ref='4407938772' />
    <nd ref='388382564' />
    <nd ref='4407938775' />
    <nd ref='388382565' />
    <nd ref='388382567' />
    <nd ref='14185809999' />
    <nd ref='388382568' />
    <nd ref='388382571' />
    <nd ref='388382573' />
    <nd ref='388382575' />
    <tag k='highway' v='footway' />
    <tag k='source' v='cuzk:km' />
  </way>
  <way id='33898715' timestamp='2009-05-01T20:55:37Z' uid='17615' user='Petr Dlouhý' visible='true' version='1' changeset='1041618'>
    <nd ref='388382580' />
    <nd ref='388382593' />
    <nd ref='388382565' />
    <tag k='highway' v='footway' />
    <tag k='source' v='cuzk:km' />
  </way>
  <way id='33898716' timestamp='2025-07-22T11:32:18Z' uid='15945994' user='Bohuslav Kovalsky' visible='true' version='4' changeset='169288553'>
    <nd ref='388382563' />
    <nd ref='388382594' />
    <nd ref='1008712303' />
    <nd ref='388382595' />
    <nd ref='4407938793' />
    <nd ref='4407938794' />
    <nd ref='388382596' />
    <nd ref='388382597' />
    <nd ref='388382598' />
    <nd ref='388382599' />
    <nd ref='13017150649' />
    <tag k='highway' v='footway' />
    <tag k='source' v='cuzk:km' />
  </way>
  <way id='33898717' action='modify' timestamp='2026-05-10T19:42:09Z' uid='558173' user='prófa' visible='true' version='4' changeset='182482170'>
    <nd ref='388382609' />
    <nd ref='9925355317' />
    <nd ref='388382610' />
    <nd ref='9925355318' />
    <nd ref='388382611' />
    <nd ref='388382605' />
    <nd ref='388382612' />
    <nd ref='388382613' />
    <nd ref='388382614' />
    <tag k='highway' v='footway' />
    <tag k='source' v='cuzk:km' />
    <tag k='surface' v='sett' />
  </way>
  <way id='33898718' action='delete' timestamp='2025-05-01T14:54:48Z' uid='22789601' user='nytek23' visible='true' version='17' changeset='165680117'>
    <tag k='bicycle' v='yes' />
    <tag k='highway' v='pedestrian' />
    <tag k='inline_skates' v='yes' />
    <tag k='lit' v='yes' />
    <tag k='motor_vehicle' v='no' />
    <tag k='noname' v='yes' />
    <tag k='service' v='alley' />
    <tag k='smoothness' v='good' />
    <tag k='source' v='cuzk:km' />
    <tag k='surface' v='asphalt' />
    <tag k='tracktype' v='grade1' />
  </way>
  <way id='33898720' timestamp='2025-08-02T12:59:54Z' uid='23087649' user='RafiMohl' visible='true' version='7' changeset='169862128'>
    <nd ref='388382616' />
    <nd ref='1010691864' />
    <nd ref='558361014' />
    <tag k='highway' v='footway' />
    <tag k='source' v='cuzk:km' />
    <tag k='surface' v='paving_stones' />
  </way>
  <way id='33898721' action='delete' timestamp='2015-11-21T15:03:08Z' uid='2169558' user='JandaM' visible='true' version='3' changeset='35489115'>
    <tag k='building' v='residential' />
    <tag k='building:ruian:type' v='3' />
    <tag k='ref:ruian:building' v='22154353' />
    <tag k='source' v='cuzk:ruian' />
  </way>
  <way id='33898722' action='delete' timestamp='2015-11-21T15:00:48Z' uid='2169558' user='JandaM' visible='true' version='3' changeset='35489054'>
    <tag k='building' v='residential' />
    <tag k='building:flats' v='2' />
    <tag k='building:levels' v='1' />
    <tag k='building:ruian:type' v='3' />
    <tag k='ref:ruian:building' v='22154311' />
    <tag k='source' v='cuzk:ruian' />
  </way>
  <way id='33898723' action='delete' timestamp='2025-08-17T13:56:35Z' uid='529629' user='Pescan' visible='true' version='5' changeset='170568272'>
    <tag k='building' v='residential' />
    <tag k='building:levels' v='2' />
    <tag k='building:ruian:type' v='3' />
    <tag k='ref:ruian:building' v='22152393' />
    <tag k='roof:shape' v='many' />
    <tag k='source' v='cuzk:ruian' />
    <tag k='wikidata' v='Q115434497' />
  </way>
  <way id='33898726' timestamp='2025-07-22T11:32:50Z' uid='15945994' user='Bohuslav Kovalsky' visible='true' version='3' changeset='169288553'>
    <nd ref='388382600' />
    <nd ref='388382681' />
    <nd ref='388382682' />
    <nd ref='275620114' />
    <tag k='highway' v='footway' />
    <tag k='source' v='cuzk:km' />
    <tag k='surface' v='asphalt' />
  </way>
  <way id='43906829' timestamp='2026-02-28T16:43:16Z' uid='3325319' user='Helpful Salamander' visible='true' version='3' changeset='179177174'>
    <nd ref='558361014' />
    <nd ref='11073297336' />
    <nd ref='558361015' />
    <nd ref='558361016' />
    <nd ref='252419265' />
    <tag k='highway' v='footway' />
    <tag k='surface' v='paving_stones' />
  </way>
  <way id='43907854' timestamp='2025-07-22T11:38:13Z' uid='15945994' user='Bohuslav Kovalsky' visible='true' version='6' changeset='169288553'>
    <nd ref='1023770686' />
    <nd ref='1023770111' />
    <nd ref='1286453162' />
    <nd ref='1023770598' />
    <nd ref='1023770713' />
    <nd ref='1023769693' />
    <nd ref='558379276' />
    <nd ref='558379278' />
    <nd ref='4766847780' />
    <nd ref='558379270' />
    <nd ref='1023770192' />
    <nd ref='1023769787' />
    <nd ref='558379272' />
    <nd ref='1023770705' />
    <nd ref='1023769652' />
    <nd ref='558379268' />
    <nd ref='4753383899' />
    <nd ref='388382619' />
    <tag k='highway' v='footway' />
    <tag k='surface' v='sett' />
  </way>
  <way id='43907855' timestamp='2025-07-22T11:38:30Z' uid='15945994' user='Bohuslav Kovalsky' visible='true' version='3' changeset='169288553'>
    <nd ref='558379270' />
    <nd ref='1023770218' />
    <nd ref='1023770114' />
    <nd ref='558379281' />
    <nd ref='1023769700' />
    <nd ref='1023769999' />
    <nd ref='1023770718' />
    <nd ref='558379268' />
    <tag k='highway' v='footway' />
    <tag k='surface' v='sett' />
  </way>
  <way id='43907856' timestamp='2025-07-22T11:38:52Z' uid='15945994' user='Bohuslav Kovalsky' visible='true' version='3' changeset='169288553'>
    <nd ref='558379281' />
    <nd ref='1023770456' />
    <nd ref='558379286' />
    <nd ref='558379282' />
    <nd ref='558379284' />
    <nd ref='558379279' />
    <tag k='highway' v='footway' />
    <tag k='surface' v='sett' />
  </way>
  <way id='50914020' timestamp='2025-08-02T13:03:17Z' uid='23087649' user='RafiMohl' visible='true' version='10' changeset='169862128'>
    <nd ref='329712759' />
    <nd ref='6909484891' />
    <nd ref='1218971219' />
    <nd ref='1218971217' />
    <nd ref='1008712324' />
    <nd ref='275620112' />
    <nd ref='2413986455' />
    <nd ref='1023769495' />
    <nd ref='1023770758' />
    <nd ref='275620114' />
    <tag k='highway' v='footway' />
    <tag k='source' v='CZ:IPRPraha:ortofoto' />
    <tag k='surface' v='sett' />
    <tag k='tracktype' v='grade1' />
  </way>
  <way id='50914021' action='delete' timestamp='2026-09-01T12:52:14Z' uid='23240313' user='Mapikids' visible='true' version='5' changeset='188363148'>
    <tag k='access' v='yes' />
    <tag k='leisure' v='playground' />
    <tag k='max_age' v='15' />
    <tag k='min_age' v='2' />
    <tag k='name' v='Koníček' />
    <tag k='operator' v='Obec Praha' />
    <tag k='source' v='cuzk:km;survey' />
    <tag k='surface' v='grass' />
    <tag k='wheelchair' v='yes' />
  </way>
  <way id='50914022' action='delete' timestamp='2010-02-21T17:43:53Z' uid='162287' user='zby-cz' visible='true' version='1' changeset='3936397'>
    <tag k='highway' v='footway' />
    <tag k='source' v='cuzk:km;survey' />
  </way>
  <way id='50914023' action='delete' timestamp='2019-10-23T14:55:41Z' uid='1558400' user='Kudej' visible='true' version='2' changeset='76110720'>
    <tag k='highway' v='steps' />
    <tag k='incline' v='up' />
    <tag k='source' v='CZ:IPRPraha:ortofoto;survey' />
  </way>
  <way id='50914024' action='delete' timestamp='2010-02-21T17:43:53Z' uid='162287' user='zby-cz' visible='true' version='1' changeset='3936397'>
    <tag k='highway' v='footway' />
    <tag k='source' v='cuzk:km;survey' />
  </way>
  <way id='55966398' action='delete' timestamp='2022-11-11T12:11:13Z' uid='718054' user='Piskvor' visible='true' version='8' changeset='128773893'>
  </way>
  <way id='55966399' action='delete' timestamp='2023-08-10T07:27:02Z' uid='12500589' user='tg4567' visible='true' version='9' changeset='139692070'>
    <tag k='dibavod:id' v='112020010027' />
    <tag k='name' v='Rozinek' />
    <tag k='natural' v='water' />
    <tag k='source' v='vuv:dibavod:a05;uhul:ortofoto' />
    <tag k='water' v='pond' />
    <tag k='wikidata' v='Q27160850' />
    <tag k='wikimedia_commons' v='Category:Rozinek (pond)' />
  </way>
  <way id='55966400' action='delete' timestamp='2023-08-10T07:27:02Z' uid='12500589' user='tg4567' visible='true' version='8' changeset='139692070'>
    <tag k='dibavod:id' v='112020010028' />
    <tag k='name' v='Rudolfův rybník' />
    <tag k='natural' v='water' />
    <tag k='source' v='vuv:dibavod:a05' />
    <tag k='water' v='pond' />
    <tag k='wikidata' v='Q27160827' />
    <tag k='wikimedia_commons' v='Category:Rudolfův rybník' />
  </way>
  <way id='86528258' action='delete' timestamp='2024-08-19T17:32:05Z' uid='44793' user='st1974' visible='true' version='5' changeset='155472783'>
    <tag k='highway' v='footway' />
    <tag k='source' v='cuzk:km' />
    <tag k='surface' v='sett' />
  </way>
  <way id='86528284' action='delete' timestamp='2025-07-22T11:41:32Z' uid='15945994' user='Bohuslav Kovalsky' visible='true' version='8' changeset='169288678'>
    <tag k='handrail' v='yes' />
    <tag k='highway' v='steps' />
    <tag k='incline' v='up' />
    <tag k='ramp' v='no' />
    <tag k='source' v='cuzk:km' />
    <tag k='step_count' v='28' />
    <tag k='surface' v='paving_stones' />
    <tag k='tactile_paving' v='yes' />
  </way>
  <way id='86528285' action='delete' timestamp='2022-03-31T11:26:02Z' uid='100163' user='Hlav' visible='true' version='3' changeset='119155260'>
    <tag k='highway' v='service' />
    <tag k='source' v='cuzk:km' />
    <tag k='surface' v='sett' />
  </way>
  <way id='86528959' timestamp='2026-09-01T12:52:12Z' uid='23240313' user='Mapikids' visible='true' version='5' changeset='188363148'>
    <nd ref='1005679052' />
    <nd ref='1005679054' />
    <nd ref='4753294289' />
    <nd ref='6909484899' />
    <nd ref='4753294297' />
    <nd ref='6909484898' />
    <nd ref='4753294296' />
    <nd ref='4753294295' />
    <nd ref='4753294294' />
    <nd ref='4753294293' />
    <nd ref='4753294292' />
    <nd ref='4753294291' />
    <nd ref='1005679055' />
    <nd ref='4753294290' />
    <nd ref='1005679056' />
    <nd ref='1005679052' />
    <tag k='access' v='yes' />
    <tag k='leisure' v='playground' />
    <tag k='max_age' v='15' />
    <tag k='min_age' v='1' />
    <tag k='source' v='CZ:IPRPraha:ortofoto' />
    <tag k='surface' v='gravel' />
    <tag k='wheelchair' v='yes' />
  </way>
  <way id='86717754' timestamp='2019-10-23T14:55:41Z' uid='1558400' user='Kudej' visible='true' version='5' changeset='76110720'>
    <nd ref='1914382799' />
    <nd ref='388382562' />
    <tag k='highway' v='steps' />
    <tag k='incline' v='up' />
    <tag k='source' v='CZ:IPRPraha:ortofoto' />
  </way>
  <way id='94796297' action='delete' timestamp='2011-01-12T19:54:29Z' uid='177221' user='reki' visible='true' version='2' changeset='6950712'>
    <tag k='barrier' v='fence' />
  </way>
  <way id='94800715' action='delete' timestamp='2022-03-31T11:26:02Z' uid='100163' user='Hlav' visible='true' version='14' changeset='119155260'>
    <tag k='barrier' v='fence' />
  </way>
  <way id='103287381' timestamp='2021-07-14T05:50:34Z' uid='10317199' user='adam 12' visible='true' version='3' changeset='107949265'>
    <nd ref='1192709779' />
    <nd ref='1192709788' />
    <nd ref='1192709787' />
    <nd ref='1192709784' />
    <nd ref='1192709779' />
    <tag k='addr:city' v='Praha' />
    <tag k='addr:postcode' v='17000' />
    <tag k='building' v='yes' />
    <tag k='fixme' v='resurvey' />
  </way>
  <way id='113465850' timestamp='2023-02-01T00:03:04Z' uid='17322186' user='VLD311' visible='true' version='5' changeset='131941999'>
    <nd ref='6396489035' />
    <nd ref='1286453162' />
    <nd ref='1286453201' />
    <nd ref='1286453144' />
    <nd ref='1286453181' />
    <tag k='highway' v='footway' />
    <tag k='surface' v='sett' />
  </way>
  <way id='121794424' action='delete' timestamp='2023-07-28T12:45:27Z' uid='100163' user='Hlav' visible='true' version='3' changeset='139134143'>
    <tag k='highway' v='footway' />
  </way>
  <way id='121794425' action='delete' timestamp='2023-07-28T12:45:27Z' uid='100163' user='Hlav' visible='true' version='3' changeset='139134143'>
    <tag k='highway' v='footway' />
    <tag k='surface' v='sett' />
  </way>
  <way id='127604920' action='delete' timestamp='2026-06-27T15:51:19Z' uid='22864870' user='funH4xx0r' visible='true' version='8' changeset='184700541'>
    <tag k='addr:city' v='Praha' />
    <tag k='addr:country' v='CZ' />
    <tag k='addr:place' v='Bubeneč' />
    <tag k='addr:postcode' v='17000' />
    <tag k='addr:street' v='Výstaviště' />
    <tag k='addr:suburb' v='Praha 7' />
    <tag k='building' v='residential' />
    <tag k='building:levels' v='1' />
    <tag k='building:ruian:type' v='3' />
    <tag k='ref:ruian:building' v='46805761' />
    <tag k='source' v='cuzk:ruian' />
  </way>
  <way id='133359841' action='delete' timestamp='2026-09-08T12:39:46Z' uid='12087838' user='Bilykralik16' visible='true' version='22' changeset='188720495'>
    <tag k='bicycle' v='yes' />
    <tag k='highway' v='pedestrian' />
    <tag k='incline' v='8%' />
    <tag k='inline_skates' v='yes' />
    <tag k='lit' v='yes' />
    <tag k='motor_vehicle' v='no' />
    <tag k='name' v='Královská obora' />
    <tag k='name:cs' v='Královská obora' />
    <tag k='name:de' v='Königlicher Wildpark' />
    <tag k='name:etymology:wikidata' v='Q3500538' />
    <tag k='ref:ruian:street' v='481203' />
    <tag k='service' v='alley' />
    <tag k='smoothness' v='good' />
    <tag k='source' v='Bing;cuzk' />
    <tag k='surface' v='asphalt' />
    <tag k='tracktype' v='grade1' />
    <tag k='wikidata' v='Q45421256' />
  </way>
  <way id='150013560' action='delete' timestamp='2026-09-08T12:39:46Z' uid='12087838' user='Bilykralik16' visible='true' version='13' changeset='188720495'>
    <tag k='bench' v='no' />
    <tag k='bin' v='yes' />
    <tag k='lit' v='no' />
    <tag k='public_transport' v='platform' />
    <tag k='railway' v='platform' />
    <tag k='shelter' v='no' />
    <tag k='source' v='cz:IPRPraha:ortofoto' />
    <tag k='tactile_paving' v='no' />
    <tag k='tram' v='yes' />
  </way>
  <way id='150013562' action='delete' timestamp='2026-09-08T12:39:46Z' uid='12087838' user='Bilykralik16' visible='true' version='11' changeset='188720495'>
    <tag k='bin' v='yes' />
    <tag k='lit' v='yes' />
    <tag k='public_transport' v='platform' />
    <tag k='railway' v='platform' />
    <tag k='shelter' v='no' />
    <tag k='source' v='cz:IPRPraha:ortofoto' />
    <tag k='tactile_paving' v='no' />
    <tag k='tram' v='yes' />
  </way>
  <way id='150256452' action='delete' timestamp='2024-11-27T10:04:27Z' uid='718054' user='Piskvor' visible='true' version='18' changeset='159651624'>
    <tag k='electrified' v='contact_line' />
    <tag k='frequency' v='0' />
    <tag k='gauge' v='1435' />
    <tag k='maxspeed' v='15' />
    <tag k='oneway' v='yes' />
    <tag k='railway' v='tram' />
    <tag k='voltage' v='600' />
  </way>
  <way id='174334941' action='delete' timestamp='2014-09-30T11:51:28Z' uid='384631' user='Vladimír Slávik' visible='true' version='2' changeset='25765401'>
  </way>
  <way id='174334951' action='delete' timestamp='2025-12-24T12:36:26Z' uid='10932047' user='Yakari (kleiner Indianer)' visible='true' version='18' changeset='176360375'>
  </way>
  <way id='180216038' action='delete' timestamp='2025-05-01T13:36:06Z' uid='22789601' user='nytek23' visible='true' version='14' changeset='165676651'>
    <tag k='bicycle' v='yes' />
    <tag k='highway' v='pedestrian' />
    <tag k='horse' v='yes' />
    <tag k='incline' v='0' />
    <tag k='inline_skates' v='yes' />
    <tag k='motor_vehicle' v='no' />
    <tag k='motorcar' v='no' />
    <tag k='motorcycle' v='no' />
    <tag k='noname' v='yes' />
    <tag k='service' v='alley' />
    <tag k='smoothness' v='good' />
    <tag k='surface' v='asphalt' />
    <tag k='tracktype' v='grade1' />
  </way>
  <way id='180216039' timestamp='2026-02-28T16:43:49Z' uid='3325319' user='Helpful Salamander' visible='true' version='3' changeset='179177174'>
    <nd ref='558361014' />
    <nd ref='1010691867' />
    <nd ref='1010691871' />
    <nd ref='1010691873' />
    <nd ref='1010691876' />
    <nd ref='558379279' />
    <nd ref='1010691878' />
    <nd ref='1010691881' />
    <nd ref='388382619' />
    <nd ref='1010691884' />
    <nd ref='4407938797' />
    <nd ref='275620114' />
    <tag k='highway' v='footway' />
    <tag k='source' v='cuzk:km' />
    <tag k='surface' v='paving_stones' />
  </way>
  <way id='180216049' timestamp='2025-04-02T17:05:20Z' uid='447835' user='xorly' visible='true' version='6' changeset='164431036'>
    <nd ref='1906596875' />
    <nd ref='1286453162' />
    <nd ref='6396489038' />
    <nd ref='6396489037' />
    <nd ref='6396489036' />
    <nd ref='6396489035' />
    <tag k='highway' v='footway' />
    <tag k='source' v='cuzk:km' />
    <tag k='surface' v='sett' />
  </way>
  <way id='180998335' action='delete' timestamp='2025-05-01T14:52:42Z' uid='22789601' user='nytek23' visible='true' version='6' changeset='165680050'>
    <tag k='highway' v='footway' />
    <tag k='horse' v='yes' />
    <tag k='motorcar' v='no' />
    <tag k='motorcycle' v='no' />
    <tag k='surface' v='compacted' />
  </way>
  <way id='180998336' timestamp='2012-09-14T19:10:17Z' uid='520972' user='Karl Von Bahnhoff' visible='true' version='1' changeset='13110983'>
    <nd ref='388382575' />
    <nd ref='329712798' />
    <tag k='highway' v='steps' />
    <tag k='source' v='cuzk:km' />
  </way>
  <way id='180998337' action='delete' timestamp='2024-11-25T09:45:20Z' uid='17615' user='Petr Dlouhý' visible='true' version='7' changeset='159565011'>
    <tag k='highway' v='footway' />
    <tag k='surface' v='gravel' />
  </way>
  <way id='180998344' timestamp='2016-09-19T10:18:06Z' uid='17615' user='Petr Dlouhý' visible='true' version='2' changeset='42266539'>
    <nd ref='388382580' />
    <nd ref='4407938776' />
    <nd ref='388382582' />
    <nd ref='4407938773' />
    <nd ref='388382584' />
    <nd ref='388382586' />
    <nd ref='329712845' />
    <tag k='highway' v='footway' />
    <tag k='source' v='cuzk:km' />
  </way>
  <way id='180998345' timestamp='2026-08-02T11:33:34Z' uid='19965006' user='Haddad64' visible='true' version='7' changeset='186805157'>
    <nd ref='1914382799' />
    <nd ref='1008712303' />
    <nd ref='1008712310' />
    <nd ref='6909474882' />
    <nd ref='1008712314' />
    <nd ref='1008712319' />
    <nd ref='1008712324' />
    <nd ref='6909474883' />
    <nd ref='6909474884' />
    <nd ref='1008712332' />
    <nd ref='6909484885' />
    <nd ref='252419265' />
    <tag k='highway' v='footway' />
    <tag k='source' v='CZ:IPRPraha:ortofoto' />
    <tag k='surface' v='asphalt' />
    <tag k='tracktype' v='grade1' />
  </way>
  <way id='186161898' action='delete' timestamp='2026-07-03T19:06:01Z' uid='12087838' user='Bilykralik16' visible='true' version='41' changeset='185057384'>
  </way>
  <way id='229966997' timestamp='2025-01-31T09:54:33Z' uid='447835' user='xorly' visible='true' version='4' changeset='161970456'>
    <nd ref='4407938764' />
    <nd ref='4407938765' />
    <nd ref='2385050030' />
    <nd ref='2385050031' />
    <nd ref='388382598' />
    <nd ref='2413986455' />
    <nd ref='2385050033' />
    <nd ref='2385050034' />
    <nd ref='1010691873' />
    <nd ref='2385050035' />
    <tag k='highway' v='path' />
    <tag k='surface' v='dirt' />
  </way>
  <way id='229972129' action='modify' timestamp='2025-08-02T13:01:39Z' uid='23087649' user='RafiMohl' visible='true' version='2' changeset='169862128'>
    <nd ref='2385093178' />
    <nd ref='252419265' />
    <tag k='highway' v='footway' />
    <tag k='surface' v='fine_gravel' />
  </way>
  <way id='257763516' action='delete' timestamp='2025-09-20T04:59:52Z' uid='255936' user='NyanSten' visible='true' version='16' changeset='172189334'>
    <tag k='bicycle' v='yes' />
    <tag k='highway' v='pedestrian' />
    <tag k='incline' v='4%' />
    <tag k='inline_skates' v='yes' />
    <tag k='lit' v='yes' />
    <tag k='motor_vehicle' v='no' />
    <tag k='name' v='Královská obora' />
    <tag k='name:cs' v='Královská obora' />
    <tag k='name:de' v='Königlicher Wildpark' />
    <tag k='name:etymology:wikidata' v='Q3500538' />
    <tag k='ref:ruian:street' v='481203' />
    <tag k='service' v='alley' />
    <tag k='smoothness' v='excellent' />
    <tag k='source' v='cuzk:km' />
    <tag k='surface' v='asphalt' />
    <tag k='tracktype' v='grade1' />
    <tag k='wikidata' v='Q45421256' />
  </way>
  <way id='312045798' action='delete' timestamp='2025-07-11T15:03:42Z' uid='469828' user='Lukáš Jelínek' visible='true' version='9' changeset='168801233'>
    <tag k='bicycle' v='yes' />
    <tag k='highway' v='pedestrian' />
    <tag k='motor_vehicle' v='private' />
    <tag k='name' v='U Výstaviště' />
    <tag k='name:de' v='Am Messegelände' />
    <tag k='name:etymology:wikidata' v='Q1389717' />
    <tag k='smoothness' v='good' />
    <tag k='surface' v='asphalt' />
  </way>
  <way id='317981718' action='delete' timestamp='2015-11-21T15:03:08Z' uid='2169558' user='JandaM' visible='true' version='3' changeset='35489115'>
    <tag k='garden:type' v='residential' />
    <tag k='leisure' v='garden' />
  </way>
  <way id='317981859' action='delete' timestamp='2025-12-24T12:36:26Z' uid='10932047' user='Yakari (kleiner Indianer)' visible='true' version='25' changeset='176360375'>
  </way>
  <way id='317981871' action='delete' timestamp='2018-02-10T13:41:27Z' uid='969558' user='Matej Lieskovský' visible='true' version='3' changeset='56240989'>
    <tag k='landuse' v='village_green' />
  </way>
  <way id='317981872' action='delete' timestamp='2021-05-26T14:44:01Z' uid='100163' user='Hlav' visible='true' version='3' changeset='105365179'>
    <tag k='landuse' v='village_green' />
  </way>
  <way id='317981873' action='delete' timestamp='2021-07-14T05:50:34Z' uid='10317199' user='adam 12' visible='true' version='3' changeset='107949265'>
    <tag k='landuse' v='village_green' />
  </way>
  <way id='317981875' action='delete' timestamp='2021-07-14T05:50:34Z' uid='10317199' user='adam 12' visible='true' version='4' changeset='107949265'>
    <tag k='landuse' v='village_green' />
  </way>
  <way id='332456400' timestamp='2025-08-11T07:42:41Z' uid='718054' user='Piskvor' visible='true' version='6' changeset='170278156'>
    <nd ref='3395942049' />
    <nd ref='6396486662' />
    <nd ref='8918425385' />
    <nd ref='280666917' />
    <tag k='electrified' v='contact_line' />
    <tag k='frequency' v='0' />
    <tag k='gauge' v='1435' />
    <tag k='maxspeed' v='15' />
    <tag k='note' v='pozůstatek koleje k Vozovně Stromovka. Po zbývajícím úseku směrem na západ se nedochovaly žádné pozůstatky.' />
    <tag k='oneway' v='no' />
    <tag k='railway' v='tram' />
    <tag k='service' v='siding' />
    <tag k='voltage' v='600' />
  </way>
  <way id='332456401' action='modify' timestamp='2024-11-27T10:04:27Z' uid='718054' user='Piskvor' visible='true' version='8' changeset='159651624'>
    <nd ref='3395942050' />
    <nd ref='8576308124' />
    <nd ref='8576308118' />
    <nd ref='8576308119' />
    <nd ref='3395942051' />
    <nd ref='8576308120' />
    <nd ref='8576308121' />
    <nd ref='8576308122' />
    <nd ref='3395942052' />
    <nd ref='8576293114' />
    <nd ref='8576293112' />
    <nd ref='4680424623' />
    <nd ref='12199340916' />
    <nd ref='12199340915' />
    <tag k='electrified' v='contact_line' />
    <tag k='frequency' v='0' />
    <tag k='gauge' v='1435' />
    <tag k='maxspeed' v='15' />
    <tag k='note' v='s odbočkou za výstupní zastávkou lze kolej pojíždět v obou směrech, případně obracet úvratí' />
    <tag k='oneway' v='no' />
    <tag k='railway' v='tram' />
    <tag k='service' v='siding' />
    <tag k='voltage' v='600' />
  </way>
  <way id='332456403' action='delete' timestamp='2024-03-03T23:12:07Z' uid='2949753' user='anlexcz' visible='true' version='6' changeset='148184781'>
    <tag k='electrified' v='contact_line' />
    <tag k='frequency' v='0' />
    <tag k='gauge' v='1435' />
    <tag k='maxspeed' v='15' />
    <tag k='oneway' v='yes' />
    <tag k='railway' v='tram' />
    <tag k='usage' v='siding' />
    <tag k='voltage' v='600' />
  </way>
  <way id='333036592' action='delete' timestamp='2021-07-17T12:31:15Z' uid='11558305' user='QPSK' visible='true' version='3' changeset='108158235'>
    <tag k='highway' v='footway' />
    <tag k='lit' v='no' />
    <tag k='surface' v='fine_gravel' />
  </way>
  <way id='373835137' action='delete' timestamp='2015-10-04T22:01:22Z' uid='17615' user='Petr Dlouhý' visible='true' version='1' changeset='34437751'>
    <tag k='waterway' v='stream' />
  </way>
  <way id='377460846' action='delete' timestamp='2025-09-20T04:59:52Z' uid='255936' user='NyanSten' visible='true' version='8' changeset='172189334'>
    <tag k='bicycle' v='yes' />
    <tag k='highway' v='pedestrian' />
    <tag k='inline_skates' v='yes' />
    <tag k='lit' v='yes' />
    <tag k='motor_vehicle' v='no' />
    <tag k='name' v='Královská obora' />
    <tag k='name:cs' v='Královská obora' />
    <tag k='name:de' v='Königlicher Wildpark' />
    <tag k='name:etymology:wikidata' v='Q3500538' />
    <tag k='ref:ruian:street' v='481203' />
    <tag k='service' v='alley' />
    <tag k='smoothness' v='good' />
    <tag k='source' v='cuzk:km' />
    <tag k='surface' v='asphalt' />
    <tag k='tracktype' v='grade1' />
    <tag k='wikidata' v='Q45421256' />
  </way>
  <way id='381744403' action='delete' timestamp='2026-06-27T15:51:19Z' uid='22864870' user='funH4xx0r' visible='true' version='9' changeset='184700541'>
    <tag k='building' v='civic' />
    <tag k='building:levels' v='1' />
    <tag k='building:ruian:type' v='5' />
    <tag k='ref:ruian:building' v='40456650' />
    <tag k='source' v='cuzk:ruian' />
  </way>
  <way id='381744409' action='delete' timestamp='2015-11-21T15:00:30Z' uid='2169558' user='JandaM' visible='true' version='1' changeset='35489054'>
    <tag k='building' v='yes' />
  </way>
  <way id='381744418' action='delete' timestamp='2015-11-21T15:00:30Z' uid='2169558' user='JandaM' visible='true' version='1' changeset='35489054'>
    <tag k='building' v='yes' />
    <tag k='building:ruian:type' v='19' />
    <tag k='ref:ruian:building' v='46803726' />
    <tag k='source' v='cuzk:ruian' />
  </way>
  <way id='381744485' action='delete' timestamp='2018-04-09T15:55:01Z' uid='2169558' user='JandaM' visible='true' version='2' changeset='57944899'>
    <tag k='building' v='civic' />
    <tag k='building:ruian:type' v='5' />
    <tag k='ref:ruian:building' v='40456641' />
    <tag k='source' v='cuzk:ruian' />
  </way>
  <way id='443168486' action='delete' timestamp='2021-07-17T12:31:14Z' uid='11558305' user='QPSK' visible='true' version='3' changeset='108158235'>
    <tag k='highway' v='footway' />
    <tag k='horse' v='yes' />
    <tag k='lit' v='yes' />
    <tag k='motorcar' v='no' />
    <tag k='motorcycle' v='no' />
    <tag k='surface' v='sett' />
    <tag k='tracktype' v='grade1' />
  </way>
  <way id='448495209' action='delete' timestamp='2021-07-17T12:31:15Z' uid='11558305' user='QPSK' visible='true' version='4' changeset='108158235'>
    <tag k='highway' v='footway' />
    <tag k='lit' v='no' />
    <tag k='surface' v='fine_gravel' />
  </way>
  <way id='462788328' timestamp='2019-07-12T10:10:52Z' uid='102554' user='Jezevec' visible='true' version='4' changeset='72171780'>
    <nd ref='4581260584' />
    <nd ref='4581260585' />
    <nd ref='4581260586' />
    <nd ref='4581260587' />
    <nd ref='4581260569' />
    <nd ref='4581260570' />
    <nd ref='4581260571' />
    <nd ref='4581260572' />
    <nd ref='4581260573' />
    <nd ref='4581260580' />
    <nd ref='4581260581' />
    <nd ref='4581260582' />
    <nd ref='4581260583' />
    <nd ref='4581260574' />
    <nd ref='4581260575' />
    <nd ref='4581260576' />
    <nd ref='4581260577' />
    <nd ref='4581260578' />
    <nd ref='4581260579' />
    <nd ref='4581260584' />
    <tag k='building:colour' v='#DFC69A' />
    <tag k='building:part' v='yes' />
    <tag k='height' v='26' />
    <tag k='roof:colour' v='copper' />
    <tag k='roof:height' v='10' />
    <tag k='roof:shape' v='dome' />
  </way>
  <way id='462788329' timestamp='2023-02-01T00:03:04Z' uid='17322186' user='VLD311' visible='true' version='5' changeset='131941999'>
    <nd ref='4581260581' />
    <nd ref='4581260580' />
    <nd ref='4581260790' />
    <nd ref='4581260789' />
    <nd ref='4581260573' />
    <nd ref='4581260572' />
    <nd ref='4581260571' />
    <nd ref='4581260570' />
    <nd ref='4581260569' />
    <nd ref='4581260587' />
    <nd ref='4581260794' />
    <nd ref='4581260791' />
    <nd ref='10597429825' />
    <nd ref='4581260792' />
    <nd ref='4581260793' />
    <nd ref='4581260586' />
    <nd ref='4581260585' />
    <nd ref='4581260584' />
    <nd ref='4581260579' />
    <nd ref='4581260578' />
    <nd ref='4581260588' />
    <nd ref='4581260577' />
    <nd ref='4581260796' />
    <nd ref='4581260795' />
    <nd ref='4581260576' />
    <nd ref='4581260575' />
    <nd ref='4581260574' />
    <nd ref='4581260583' />
    <nd ref='4581260582' />
    <nd ref='4581260581' />
    <tag k='building:colour' v='#DFC69A' />
    <tag k='building:part' v='yes' />
    <tag k='height' v='11' />
    <tag k='roof:colour' v='copper' />
  </way>
  <way id='464768020' action='delete' timestamp='2017-01-09T17:37:55Z' uid='1189910' user='Milancer' visible='true' version='1' changeset='45031936'>
    <tag k='building:part' v='yes' />
    <tag k='height' v='20' />
    <tag k='roof:colour' v='copper' />
  </way>
  <way id='464768021' action='delete' timestamp='2017-01-09T19:11:59Z' uid='1189910' user='Milancer' visible='true' version='2' changeset='45034224'>
    <tag k='building:part' v='yes' />
    <tag k='height' v='16' />
    <tag k='roof:colour' v='copper' />
    <tag k='roof:height' v='5' />
    <tag k='roof:shape' v='gabled' />
  </way>
  <way id='464768023' action='delete' timestamp='2017-01-09T19:11:58Z' uid='1189910' user='Milancer' visible='true' version='2' changeset='45034224'>
    <tag k='building:part' v='roof' />
    <tag k='height' v='25' />
    <tag k='roof:colour' v='copper' />
    <tag k='roof:height' v='5' />
    <tag k='roof:shape' v='onion' />
  </way>
  <way id='464768024' action='delete' timestamp='2017-01-09T17:37:55Z' uid='1189910' user='Milancer' visible='true' version='1' changeset='45031936'>
    <tag k='building:part' v='yes' />
    <tag k='height' v='20' />
    <tag k='roof:colour' v='copper' />
  </way>
  <way id='464768025' action='delete' timestamp='2017-01-09T19:11:58Z' uid='1189910' user='Milancer' visible='true' version='2' changeset='45034224'>
    <tag k='building:part' v='roof' />
    <tag k='height' v='25' />
    <tag k='roof:colour' v='copper' />
    <tag k='roof:height' v='5' />
    <tag k='roof:shape' v='onion' />
  </way>
  <way id='464768026' action='delete' timestamp='2017-01-09T17:37:55Z' uid='1189910' user='Milancer' visible='true' version='1' changeset='45031936'>
    <tag k='building:part' v='yes' />
    <tag k='height' v='20' />
    <tag k='roof:colour' v='copper' />
  </way>
  <way id='464768027' action='delete' timestamp='2017-01-09T19:11:58Z' uid='1189910' user='Milancer' visible='true' version='2' changeset='45034224'>
    <tag k='building:part' v='roof' />
    <tag k='height' v='25' />
    <tag k='roof:colour' v='copper' />
    <tag k='roof:height' v='5' />
    <tag k='roof:shape' v='onion' />
  </way>
  <way id='464768030' action='delete' timestamp='2017-01-09T17:37:55Z' uid='1189910' user='Milancer' visible='true' version='1' changeset='45031936'>
    <tag k='building:part' v='yes' />
    <tag k='height' v='18' />
    <tag k='roof:colour' v='copper' />
  </way>
  <way id='464768031' action='delete' timestamp='2019-01-10T13:11:21Z' uid='100163' user='Hlav' visible='true' version='3' changeset='66195202'>
    <tag k='building:part' v='yes' />
    <tag k='height' v='20' />
    <tag k='roof:colour' v='copper' />
    <tag k='roof:height' v='3' />
    <tag k='roof:shape' v='round' />
  </way>
  <way id='464768032' action='delete' timestamp='2017-01-09T17:37:56Z' uid='1189910' user='Milancer' visible='true' version='1' changeset='45031936'>
    <tag k='building:part' v='yes' />
    <tag k='height' v='18' />
    <tag k='roof:colour' v='copper' />
  </way>
  <way id='464768033' action='delete' timestamp='2019-01-10T13:11:21Z' uid='100163' user='Hlav' visible='true' version='4' changeset='66195202'>
    <tag k='building:part' v='yes' />
    <tag k='height' v='40' />
    <tag k='min_height' v='28' />
    <tag k='roof:colour' v='copper' />
    <tag k='roof:height' v='6' />
    <tag k='roof:shape' v='dome' />
  </way>
  <way id='464768034' action='delete' timestamp='2021-06-02T07:50:50Z' uid='1189910' user='Milancer' visible='true' version='5' changeset='105712142'>
    <tag k='building' v='yes' />
    <tag k='building:colour' v='#d1a9a5' />
    <tag k='building:levels' v='1' />
    <tag k='height' v='5' />
    <tag k='roof:colour' v='#d1a9a5' />
  </way>
  <way id='482510585' action='delete' timestamp='2023-08-04T09:22:08Z' uid='4242854' user='Erlen Dur' visible='true' version='2' changeset='139431770'>
    <tag k='addr:city' v='Praha 7' />
    <tag k='addr:housenumber' v='415' />
    <tag k='addr:postcode' v='17000' />
    <tag k='addr:street' v='Výstaviště' />
    <tag k='amenity' v='festival_grounds' />
    <tag k='building' v='tent' />
    <tag k='contact:email' v='info@gaucnavystavisti.cz' />
    <tag k='contact:facebook' v='https://www.facebook.com/gaucnavystavisti' />
    <tag k='contact:instagram' v='https://www.instagram.com/gaucnavystavisti/' />
    <tag k='contact:phone' v='+420 778 958 213' />
    <tag k='contact:website' v='https://www.gaucnavystavisti.cz/en/' />
    <tag k='name' v='Gauč na Výstavišti' />
    <tag k='opening_hours' v='Mo-So 14:00-22:00' />
  </way>
  <way id='483930375' timestamp='2025-07-22T11:38:09Z' uid='15945994' user='Bohuslav Kovalsky' visible='true' version='3' changeset='169288553'>
    <nd ref='4766847780' />
    <nd ref='4766847786' />
    <nd ref='4766847762' />
    <nd ref='10597429824' />
    <tag k='highway' v='footway' />
    <tag k='surface' v='sett' />
  </way>
  <way id='483930376' timestamp='2017-03-31T10:44:59Z' uid='100163' user='Hlav' visible='true' version='1' changeset='47321149'>
    <nd ref='4766847791' />
    <nd ref='4766847760' />
    <nd ref='4766847761' />
    <nd ref='4766847768' />
    <nd ref='4766847790' />
    <nd ref='4766847770' />
    <nd ref='4766847787' />
    <tag k='barrier' v='hedge' />
  </way>
  <way id='483930377' action='delete' timestamp='2022-08-01T18:47:17Z' uid='8971394' user='vojtechzaboril' visible='true' version='2' changeset='124360374'>
    <tag k='landuse' v='grass' />
  </way>
  <way id='485303236' action='delete' timestamp='2017-04-07T09:31:57Z' uid='100163' user='Hlav' visible='true' version='1' changeset='47533355'>
    <tag k='natural' v='tree_row' />
  </way>
  <way id='485303237' action='delete' timestamp='2025-04-24T20:47:11Z' uid='10135165' user='tocra' visible='true' version='2' changeset='165397866'>
    <tag k='leaf_type' v='broadleaved' />
    <tag k='natural' v='tree_row' />
  </way>
  <way id='485303238' action='delete' timestamp='2025-04-24T20:47:08Z' uid='10135165' user='tocra' visible='true' version='2' changeset='165397866'>
    <tag k='leaf_type' v='broadleaved' />
    <tag k='natural' v='tree_row' />
  </way>
  <way id='485303240' action='delete' timestamp='2017-04-07T09:31:57Z' uid='100163' user='Hlav' visible='true' version='1' changeset='47533355'>
    <tag k='natural' v='tree_row' />
  </way>
  <way id='485303241' action='delete' timestamp='2022-03-28T15:38:33Z' uid='100163' user='Hlav' visible='true' version='2' changeset='119027721'>
    <tag k='landuse' v='village_green' />
    <tag k='source' v='Bing' />
  </way>
  <way id='485303242' action='delete' timestamp='2022-02-19T18:15:40Z' uid='10932047' user='Yakari (kleiner Indianer)' visible='true' version='3' changeset='117614420'>
  </way>
  <way id='485303243' action='delete' timestamp='2025-09-11T11:16:59Z' uid='21772938' user='316filip' visible='true' version='2' changeset='171779160'>
    <tag k='leaf_type' v='broadleaved' />
    <tag k='natural' v='tree_row' />
  </way>
  <way id='487679669' action='delete' timestamp='2020-06-15T15:22:38Z' uid='1833010' user='M a r k u s' visible='true' version='4' changeset='86677383'>
    <tag k='building:part' v='yes' />
    <tag k='height' v='16' />
    <tag k='material' v='glass' />
    <tag k='roof:height' v='1' />
    <tag k='roof:material' v='glass' />
    <tag k='roof:shape' v='pyramidal' />
  </way>
  <way id='548739738' timestamp='2025-04-06T10:51:03Z' uid='6741202' user='Lardarius' visible='true' version='2' changeset='164584475'>
    <nd ref='4407938773' />
    <nd ref='5301037243' />
    <tag k='highway' v='path' />
    <tag k='surface' v='compacted' />
  </way>
  <way id='548739739' timestamp='2025-04-06T10:51:03Z' uid='6741202' user='Lardarius' visible='true' version='3' changeset='164584475'>
    <nd ref='5301037243' />
    <nd ref='5301037244' />
    <tag k='covered' v='no' />
    <tag k='handrail' v='yes' />
    <tag k='highway' v='steps' />
    <tag k='incline' v='up' />
    <tag k='indoor' v='no' />
    <tag k='lit' v='no' />
    <tag k='ramp' v='no' />
    <tag k='step_count' v='38' />
    <tag k='stroller' v='no' />
    <tag k='surface' v='wood' />
    <tag k='tactile_paving' v='no' />
    <tag k='wheelchair' v='no' />
  </way>
  <way id='564151309' action='delete' timestamp='2026-09-08T12:39:46Z' uid='12087838' user='Bilykralik16' visible='true' version='7' changeset='188720495'>
    <tag k='electrified' v='contact_line' />
    <tag k='frequency' v='0' />
    <tag k='gauge' v='1435' />
    <tag k='maxspeed' v='15' />
    <tag k='oneway' v='yes' />
    <tag k='railway' v='tram' />
    <tag k='voltage' v='600' />
  </way>
  <way id='604657382' timestamp='2025-09-20T05:21:10Z' uid='255936' user='NyanSten' visible='true' version='6' changeset='172189876'>
    <nd ref='3243240559' />
    <nd ref='3243240546' />
    <nd ref='3243240545' />
    <nd ref='3243240557' />
    <nd ref='3243240559' />
    <tag k='alt_name' v='Ledovna' />
    <tag k='building' v='yes' />
    <tag k='building:ruian:type' v='19' />
    <tag k='man_made' v='ice_house' />
    <tag k='name' v='bývalá ledovna' />
    <tag k='ref:ruian:building' v='40449548' />
    <tag k='source' v='cuzk:ruian' />
  </way>
  <way id='662061835' action='delete' timestamp='2019-01-10T13:11:21Z' uid='100163' user='Hlav' visible='true' version='1' changeset='66195202'>
    <tag k='building:part' v='yes' />
    <tag k='height' v='28' />
  </way>
  <way id='662061836' action='delete' timestamp='2019-01-10T13:11:21Z' uid='100163' user='Hlav' visible='true' version='1' changeset='66195202'>
    <tag k='building:part' v='yes' />
    <tag k='height' v='28' />
  </way>
  <way id='662061837' action='delete' timestamp='2019-01-10T13:11:21Z' uid='100163' user='Hlav' visible='true' version='1' changeset='66195202'>
    <tag k='building:part' v='yes' />
    <tag k='height' v='28' />
  </way>
  <way id='662061838' action='delete' timestamp='2019-01-10T13:11:21Z' uid='100163' user='Hlav' visible='true' version='1' changeset='66195202'>
    <tag k='building:part' v='yes' />
    <tag k='height' v='28' />
  </way>
  <way id='677306322' action='delete' timestamp='2026-01-26T21:57:43Z' uid='10932047' user='Yakari (kleiner Indianer)' visible='true' version='4' changeset='177739980'>
    <tag k='tunnel' v='culvert' />
    <tag k='waterway' v='ditch' />
  </way>
  <way id='677306323' action='delete' timestamp='2026-01-26T21:57:43Z' uid='10932047' user='Yakari (kleiner Indianer)' visible='true' version='4' changeset='177739980'>
    <tag k='waterway' v='ditch' />
  </way>
  <way id='677306325' action='delete' timestamp='2024-11-25T09:45:20Z' uid='17615' user='Petr Dlouhý' visible='true' version='3' changeset='159565011'>
    <tag k='highway' v='footway' />
    <tag k='surface' v='gravel' />
  </way>
  <way id='737909240' timestamp='2025-06-27T21:04:51Z' uid='21107796' user='Štěpán Švach' visible='true' version='2' changeset='168204886'>
    <nd ref='329712781' />
    <nd ref='6909484889' />
    <nd ref='6909484888' />
    <nd ref='6909484887' />
    <nd ref='6909484886' />
    <nd ref='6909484890' />
    <tag k='highway' v='footway' />
    <tag k='source' v='CZ:IPRPraha:ortofoto' />
    <tag k='surface' v='sett' />
  </way>
  <way id='737909241' timestamp='2025-06-27T21:04:22Z' uid='21107796' user='Štěpán Švach' visible='true' version='2' changeset='168204886'>
    <nd ref='6909484891' />
    <nd ref='6909484890' />
    <nd ref='6909484892' />
    <tag k='highway' v='footway' />
    <tag k='source' v='CZ:IPRPraha:ortofoto' />
    <tag k='surface' v='sett' />
  </way>
  <way id='737909242' timestamp='2025-06-27T21:04:16Z' uid='21107796' user='Štěpán Švach' visible='true' version='2' changeset='168204886'>
    <nd ref='329712759' />
    <nd ref='6909484893' />
    <nd ref='6909484892' />
    <nd ref='6909484894' />
    <tag k='highway' v='footway' />
    <tag k='source' v='CZ:IPRPraha:ortofoto' />
    <tag k='surface' v='sett' />
  </way>
  <way id='737909243' timestamp='2019-10-23T14:55:41Z' uid='1558400' user='Kudej' visible='true' version='1' changeset='76110720'>
    <nd ref='6909484895' />
    <nd ref='6909484894' />
    <tag k='highway' v='steps' />
    <tag k='incline' v='up' />
    <tag k='source' v='CZ:IPRPraha:ortofoto' />
  </way>
  <way id='737909244' action='delete' timestamp='2019-10-23T14:55:41Z' uid='1558400' user='Kudej' visible='true' version='1' changeset='76110720'>
    <tag k='highway' v='footway' />
    <tag k='source' v='CZ:IPRPraha:ortofoto' />
  </way>
  <way id='737909245' action='delete' timestamp='2019-10-23T14:55:41Z' uid='1558400' user='Kudej' visible='true' version='1' changeset='76110720'>
    <tag k='highway' v='footway' />
    <tag k='source' v='CZ:IPRPraha:ortofoto' />
  </way>
  <way id='894289090' action='delete' timestamp='2024-04-14T12:14:41Z' uid='13864' user='Martin Poljak' visible='true' version='2' changeset='149989934'>
    <tag k='landuse' v='forest' />
    <tag k='leaf_type' v='broadleaved' />
  </way>
  <way id='904984054' timestamp='2021-06-21T09:15:02Z' uid='100163' user='Hlav' visible='true' version='2' changeset='106703903'>
    <nd ref='3243241920' />
    <nd ref='3243241924' />
    <nd ref='8404425939' />
    <nd ref='8404425938' />
    <nd ref='8852424424' />
    <nd ref='331184342' />
    <tag k='barrier' v='retaining_wall' />
  </way>
  <way id='904984055' timestamp='2021-02-08T09:48:54Z' uid='100163' user='Hlav' visible='true' version='1' changeset='98898357'>
    <nd ref='8404425940' />
    <nd ref='3243241918' />
    <nd ref='3243241910' />
    <nd ref='3243241917' />
    <tag k='barrier' v='retaining_wall' />
  </way>
  <way id='904984056' timestamp='2021-06-21T09:15:02Z' uid='100163' user='Hlav' visible='true' version='2' changeset='106703903'>
    <nd ref='8404425944' />
    <nd ref='8404425943' />
    <nd ref='8404425942' />
    <nd ref='3243241966' />
    <nd ref='3243241965' />
    <nd ref='3243241964' />
    <nd ref='8852424423' />
    <nd ref='3243241962' />
    <nd ref='3243241940' />
    <nd ref='3243241942' />
    <nd ref='3243241933' />
    <nd ref='3243241929' />
    <nd ref='8404425941' />
    <tag k='barrier' v='retaining_wall' />
  </way>
  <way id='938830435' action='delete' timestamp='2021-05-04T12:59:19Z' uid='100163' user='Hlav' visible='true' version='1' changeset='104126075'>
    <tag k='landuse' v='village_green' />
  </way>
  <way id='947307564' action='delete' timestamp='2022-02-19T18:15:40Z' uid='10932047' user='Yakari (kleiner Indianer)' visible='true' version='2' changeset='117614420'>
  </way>
  <way id='947307565' action='delete' timestamp='2021-05-26T14:44:01Z' uid='100163' user='Hlav' visible='true' version='1' changeset='105365179'>
    <tag k='landuse' v='village_green' />
  </way>
  <way id='949629835' action='delete' timestamp='2025-07-07T16:45:50Z' uid='700277' user='TeX232' visible='true' version='4' changeset='168614661'>
    <tag k='amenity' v='exhibition_centre' />
    <tag k='building' v='construction' />
    <tag k='check_date' v='2022-08-04' />
    <tag k='name' v='Průmyslový palác' />
    <tag k='website' v='https://navystavisti.cz/' />
  </way>
  <way id='949629836' action='delete' timestamp='2021-06-02T07:50:50Z' uid='1189910' user='Milancer' visible='true' version='1' changeset='105712142'>
    <tag k='landuse' v='construction' />
  </way>
  <way id='956523901' timestamp='2025-08-09T09:21:36Z' uid='529629' user='Pescan' visible='true' version='4' changeset='170190993'>
    <nd ref='8404425944' />
    <nd ref='8404425943' />
    <nd ref='8404425942' />
    <nd ref='3243241966' />
    <nd ref='3243241965' />
    <nd ref='8852424423' />
    <nd ref='3243241962' />
    <nd ref='3243241940' />
    <nd ref='3243241942' />
    <nd ref='3243241933' />
    <nd ref='3243241929' />
    <nd ref='3243241928' />
    <nd ref='3243241927' />
    <nd ref='3243241916' />
    <nd ref='3243241915' />
    <nd ref='3243241918' />
    <nd ref='3243241910' />
    <nd ref='3243241917' />
    <nd ref='8852424426' />
    <nd ref='3243241920' />
    <nd ref='3243241924' />
    <nd ref='8404425939' />
    <nd ref='8852424424' />
    <nd ref='331184342' />
    <nd ref='13059346109' />
    <nd ref='242744138' />
    <nd ref='1784576429' />
    <nd ref='3849105432' />
    <nd ref='1784576427' />
    <nd ref='331184324' />
    <nd ref='242744139' />
    <nd ref='1784576428' />
    <nd ref='1784576430' />
    <nd ref='1784576431' />
    <nd ref='242744140' />
    <nd ref='1784576432' />
    <nd ref='331184320' />
    <nd ref='1784576438' />
    <nd ref='331184343' />
    <nd ref='331184344' />
    <nd ref='8404425944' />
    <tag k='area' v='yes' />
    <tag k='highway' v='xpedestrian' />
    <tag k='lit' v='no' />
    <tag k='surface' v='paving_stones' />
  </way>
  <way id='956523902' timestamp='2021-07-17T12:31:12Z' uid='11558305' user='QPSK' visible='true' version='3' changeset='108158235'>
    <nd ref='252419273' />
    <nd ref='8852424425' />
    <tag k='highway' v='footway' />
    <tag k='lit' v='no' />
    <tag k='surface' v='sett' />
  </way>
  <way id='956523903' timestamp='2025-07-22T11:35:38Z' uid='15945994' user='Bohuslav Kovalsky' visible='true' version='7' changeset='169288678'>
    <nd ref='8852424425' />
    <nd ref='8852424426' />
    <tag k='access' v='yes' />
    <tag k='check_date:handrail' v='2025-07-22' />
    <tag k='handrail' v='no' />
    <tag k='highway' v='steps' />
    <tag k='incline' v='up' />
    <tag k='lit' v='no' />
    <tag k='ramp' v='no' />
    <tag k='step_count' v='2' />
    <tag k='surface' v='paving_stones' />
    <tag k='tactile_paving' v='no' />
    <tag k='width' v='5' />
  </way>
  <way id='957817259' action='delete' timestamp='2021-06-24T09:51:38Z' uid='100163' user='Hlav' visible='true' version='1' changeset='106890026'>
    <tag k='landuse' v='forest' />
  </way>
  <way id='1031641174' action='delete' timestamp='2025-07-22T11:39:47Z' uid='15945994' user='Bohuslav Kovalsky' visible='true' version='3' changeset='169288553'>
    <tag k='highway' v='footway' />
    <tag k='surface' v='paving_stones' />
  </way>
  <way id='1031641175' action='delete' timestamp='2025-07-22T11:40:24Z' uid='15945994' user='Bohuslav Kovalsky' visible='true' version='7' changeset='169288886'>
    <tag k='handrail' v='yes' />
    <tag k='highway' v='steps' />
    <tag k='incline' v='up' />
    <tag k='ramp' v='no' />
    <tag k='step_count' v='9' />
    <tag k='surface' v='concrete' />
    <tag k='tactile_paving' v='no' />
  </way>
  <way id='1031641176' action='delete' timestamp='2025-07-22T11:40:40Z' uid='15945994' user='Bohuslav Kovalsky' visible='true' version='2' changeset='169288553'>
    <tag k='highway' v='footway' />
    <tag k='surface' v='sett' />
  </way>
  <way id='1046824272' action='delete' timestamp='2022-03-31T11:26:02Z' uid='100163' user='Hlav' visible='true' version='1' changeset='119155260'>
    <tag k='landuse' v='grass' />
  </way>
  <way id='1046824273' action='delete' timestamp='2022-03-31T11:26:02Z' uid='100163' user='Hlav' visible='true' version='1' changeset='119155260'>
    <tag k='building' v='roof' />
    <tag k='height' v='5' />
    <tag k='layer' v='1' />
  </way>
  <way id='1046824274' action='delete' timestamp='2022-03-31T11:26:02Z' uid='100163' user='Hlav' visible='true' version='1' changeset='119155260'>
    <tag k='landuse' v='grass' />
  </way>
  <way id='1046824275' action='delete' timestamp='2022-03-31T11:26:02Z' uid='100163' user='Hlav' visible='true' version='1' changeset='119155260'>
    <tag k='barrier' v='fence' />
  </way>
  <way id='1046824276' action='delete' timestamp='2022-03-31T11:26:02Z' uid='100163' user='Hlav' visible='true' version='1' changeset='119155260'>
    <tag k='barrier' v='fence' />
  </way>
  <way id='1046824277' action='delete' timestamp='2025-07-22T11:42:00Z' uid='15945994' user='Bohuslav Kovalsky' visible='true' version='2' changeset='169288553'>
    <tag k='highway' v='footway' />
    <tag k='surface' v='sett' />
  </way>
  <way id='1046824278' action='delete' timestamp='2025-07-22T11:43:09Z' uid='15945994' user='Bohuslav Kovalsky' visible='true' version='2' changeset='169288553'>
    <tag k='highway' v='footway' />
    <tag k='surface' v='sett' />
  </way>
  <way id='1046824279' action='delete' timestamp='2022-03-31T11:26:02Z' uid='100163' user='Hlav' visible='true' version='1' changeset='119155260'>
    <tag k='landuse' v='grass' />
  </way>
  <way id='1046824280' action='delete' timestamp='2022-03-31T11:26:02Z' uid='100163' user='Hlav' visible='true' version='1' changeset='119155260'>
    <tag k='landuse' v='grass' />
  </way>
  <way id='1046824281' action='delete' timestamp='2024-08-19T17:31:42Z' uid='44793' user='st1974' visible='true' version='2' changeset='155472771'>
    <tag k='access' v='yes' />
    <tag k='leisure' v='playground' />
  </way>
  <way id='1099661202' action='delete' timestamp='2026-07-03T19:06:01Z' uid='12087838' user='Bilykralik16' visible='true' version='12' changeset='185057384'>
    <tag k='landuse' v='railway' />
  </way>
  <way id='1104085395' action='delete' timestamp='2026-05-10T20:09:56Z' uid='558173' user='prófa' visible='true' version='2' changeset='182482170'>
    <tag k='highway' v='footway' />
    <tag k='surface' v='sett' />
  </way>
  <way id='1112260784' action='delete' timestamp='2022-11-11T12:11:13Z' uid='718054' user='Piskvor' visible='true' version='1' changeset='128773893'>
    <tag k='name' v='Šestáček' />
    <tag k='natural' v='water' />
    <tag k='water' v='pond' />
  </way>
  <way id='1192931009' action='delete' timestamp='2025-05-01T14:55:35Z' uid='22789601' user='nytek23' visible='true' version='2' changeset='165680169'>
    <tag k='leaf_type' v='broadleaved' />
    <tag k='natural' v='tree_row' />
  </way>
  <way id='1234054278' action='delete' timestamp='2025-05-01T14:54:28Z' uid='22789601' user='nytek23' visible='true' version='2' changeset='165680117'>
    <tag k='bicycle' v='yes' />
    <tag k='highway' v='pedestrian' />
    <tag k='inline_skates' v='yes' />
    <tag k='lit' v='yes' />
    <tag k='motor_vehicle' v='no' />
    <tag k='noname' v='yes' />
    <tag k='service' v='alley' />
    <tag k='smoothness' v='good' />
    <tag k='source' v='cuzk:km' />
    <tag k='surface' v='asphalt' />
    <tag k='tracktype' v='grade1' />
  </way>
  <way id='1234054279' action='delete' timestamp='2025-09-20T04:59:52Z' uid='255936' user='NyanSten' visible='true' version='3' changeset='172189334'>
    <tag k='bicycle' v='yes' />
    <tag k='highway' v='pedestrian' />
    <tag k='horse' v='yes' />
    <tag k='inline_skates' v='yes' />
    <tag k='lit' v='yes' />
    <tag k='motor_vehicle' v='no' />
    <tag k='motorcar' v='no' />
    <tag k='motorcycle' v='no' />
    <tag k='name' v='Královská obora' />
    <tag k='name:cs' v='Královská obora' />
    <tag k='name:de' v='Königlicher Wildpark' />
    <tag k='name:etymology:wikidata' v='Q3500538' />
    <tag k='ref:ruian:street' v='481203' />
    <tag k='service' v='alley' />
    <tag k='smoothness' v='good' />
    <tag k='surface' v='asphalt' />
    <tag k='tracktype' v='grade1' />
    <tag k='wikidata' v='Q45421256' />
  </way>
  <way id='1242230774' action='delete' timestamp='2026-09-08T12:39:46Z' uid='12087838' user='Bilykralik16' visible='true' version='8' changeset='188720495'>
    <tag k='amenity' v='exhibition_centre' />
    <tag k='name' v='Výstaviště Praha' />
  </way>
  <way id='1305983064' action='delete' timestamp='2025-09-20T04:59:52Z' uid='255936' user='NyanSten' visible='true' version='3' changeset='172189334'>
    <tag k='bicycle' v='yes' />
    <tag k='highway' v='pedestrian' />
    <tag k='incline' v='up' />
    <tag k='inline_skates' v='yes' />
    <tag k='lit' v='no' />
    <tag k='motor_vehicle' v='no' />
    <tag k='name' v='Mecsérova silnice' />
    <tag k='name:cs' v='Mecsérova silnice' />
    <tag k='name:etymology:wikidata' v='Q55899722' />
    <tag k='service' v='alley' />
    <tag k='smoothness' v='good' />
    <tag k='source' v='cuzk:km' />
    <tag k='source:name' v='https://www.bubenec.eu/neexistujici-ulice-a-namesti/' />
    <tag k='surface' v='asphalt' />
    <tag k='tracktype' v='grade1' />
    <tag k='wikidata' v='Q64995715' />
  </way>
  <way id='1318146884' action='delete' timestamp='2026-09-08T12:39:46Z' uid='12087838' user='Bilykralik16' visible='true' version='4' changeset='188720495'>
    <tag k='highway' v='footway' />
    <tag k='surface' v='sett' />
  </way>
  <way id='1318146885' action='delete' timestamp='2025-08-11T07:42:41Z' uid='718054' user='Piskvor' visible='true' version='3' changeset='170278156'>
    <tag k='electrified' v='contact_line' />
    <tag k='frequency' v='0' />
    <tag k='gauge' v='1435' />
    <tag k='maxspeed' v='15' />
    <tag k='note' v='obracení obousměrných/historických vozů a/nebo průjezd k občasné zastávce Planetárium' />
    <tag k='oneway' v='yes' />
    <tag k='railway' v='tram' />
    <tag k='service' v='siding' />
    <tag k='voltage' v='600' />
  </way>
  <way id='1318146886' action='delete' timestamp='2024-09-25T16:21:09Z' uid='8971394' user='vojtechzaboril' visible='true' version='1' changeset='157091549'>
    <tag k='electrified' v='contact_line' />
    <tag k='frequency' v='0' />
    <tag k='gauge' v='1435' />
    <tag k='maxspeed' v='15' />
    <tag k='oneway' v='yes' />
    <tag k='railway' v='tram' />
    <tag k='voltage' v='600' />
  </way>
  <way id='1318146888' action='delete' timestamp='2026-09-08T12:39:46Z' uid='12087838' user='Bilykralik16' visible='true' version='4' changeset='188720495'>
    <tag k='highway' v='footway' />
    <tag k='lit' v='yes' />
    <tag k='surface' v='sett' />
  </way>
  <way id='1318146890' action='delete' timestamp='2025-03-05T17:51:03Z' uid='8971394' user='vojtechzaboril' visible='true' version='2' changeset='163254476'>
    <tag k='highway' v='footway' />
    <tag k='surface' v='sett' />
    <tag k='tracktype' v='grade1' />
  </way>
  <way id='1318146894' action='delete' timestamp='2026-09-08T12:39:46Z' uid='12087838' user='Bilykralik16' visible='true' version='3' changeset='188720495'>
    <tag k='highway' v='footway' />
    <tag k='surface' v='sett' />
  </way>
  <way id='1318146896' action='delete' timestamp='2026-09-08T12:39:46Z' uid='12087838' user='Bilykralik16' visible='true' version='2' changeset='188720495'>
    <tag k='barrier' v='bollard' />
    <tag k='bicycle' v='yes' />
    <tag k='foot' v='yes' />
  </way>
  <way id='1338247948' action='modify' timestamp='2025-05-15T16:37:51Z' uid='10317199' user='adam 12' visible='true' version='2' changeset='166314028'>
    <nd ref='3395942050' />
    <nd ref='8576308123' />
    <nd ref='8576308117' />
    <nd ref='297543623' />
    <nd ref='8576293116' />
    <nd ref='8576293115' />
    <nd ref='4680424625' />
    <nd ref='8576293113' />
    <nd ref='12199340918' />
    <nd ref='4680424624' />
    <tag k='electrified' v='contact_line' />
    <tag k='frequency' v='0' />
    <tag k='gauge' v='1435' />
    <tag k='maxspeed' v='15' />
    <tag k='oneway' v='yes' />
    <tag k='railway' v='tram' />
    <tag k='voltage' v='600' />
  </way>
  <way id='1338247949' timestamp='2024-11-27T10:04:27Z' uid='718054' user='Piskvor' visible='true' version='1' changeset='159651624'>
    <nd ref='280666917' />
    <nd ref='3395942050' />
    <tag k='electrified' v='contact_line' />
    <tag k='frequency' v='0' />
    <tag k='gauge' v='1435' />
    <tag k='maxspeed' v='15' />
    <tag k='note' v='s odbočkou za výstupní zastávkou lze kolej pojíždět v obou směrech, případně obracet úvratí' />
    <tag k='oneway' v='no' />
    <tag k='railway' v='tram' />
    <tag k='voltage' v='600' />
  </way>
  <way id='1338247950' action='delete' timestamp='2024-11-27T10:04:27Z' uid='718054' user='Piskvor' visible='true' version='1' changeset='159651624'>
    <tag k='electrified' v='contact_line' />
    <tag k='frequency' v='0' />
    <tag k='gauge' v='1435' />
    <tag k='maxspeed' v='15' />
    <tag k='oneway' v='yes' />
    <tag k='railway' v='tram' />
    <tag k='service' v='siding' />
    <tag k='voltage' v='600' />
  </way>
  <way id='1364819538' action='delete' timestamp='2025-08-08T08:37:13Z' uid='17615' user='Petr Dlouhý' visible='true' version='2' changeset='170142767'>
    <tag k='highway' v='footway' />
    <tag k='lit' v='yes' />
    <tag k='surface' v='sett' />
    <tag k='width' v='3' />
  </way>
  <way id='1374209205' action='modify' timestamp='2025-04-02T17:05:21Z' uid='447835' user='xorly' visible='true' version='3' changeset='164431036'>
    <nd ref='4407938798' />
    <nd ref='4407938796' />
    <tag k='highway' v='footway' />
    <tag k='horse' v='yes' />
    <tag k='motorcar' v='no' />
    <tag k='motorcycle' v='no' />
    <tag k='surface' v='sett' />
  </way>
  <way id='1374209206' timestamp='2025-04-02T17:05:20Z' uid='447835' user='xorly' visible='true' version='2' changeset='164431036'>
    <nd ref='388382614' />
    <nd ref='8918425385' />
    <nd ref='1906596841' />
    <nd ref='1906596875' />
    <tag k='highway' v='footway' />
    <tag k='source' v='cuzk:km' />
    <tag k='surface' v='asphalt' />
  </way>
  <way id='1374209207' timestamp='2025-04-02T17:05:21Z' uid='447835' user='xorly' visible='true' version='2' changeset='164431036'>
    <nd ref='1906596875' />
    <nd ref='252419274' />
    <nd ref='4407938798' />
    <tag k='highway' v='footway' />
    <tag k='horse' v='yes' />
    <tag k='motorcar' v='no' />
    <tag k='motorcycle' v='no' />
    <tag k='surface' v='asphalt' />
  </way>
  <way id='1416514821' timestamp='2025-07-22T11:32:24Z' uid='15945994' user='Bohuslav Kovalsky' visible='true' version='2' changeset='169288553'>
    <nd ref='13017150649' />
    <nd ref='388382600' />
    <nd ref='388382601' />
    <nd ref='4407938790' />
    <nd ref='388382602' />
    <nd ref='388382603' />
    <nd ref='388382604' />
    <nd ref='388382605' />
    <nd ref='388382606' />
    <nd ref='388382607' />
    <nd ref='275620116' />
    <tag k='highway' v='footway' />
    <tag k='source' v='cuzk:km' />
    <tag k='surface' v='asphalt' />
  </way>
  <way id='1444160231' action='delete' timestamp='2026-08-02T18:42:15Z' uid='19965006' user='Haddad64' visible='true' version='2' changeset='186828776'>
    <tag k='highway' v='footway' />
    <tag k='surface' v='sett' />
  </way>
  <way id='1557321829' action='delete' timestamp='2026-09-08T12:39:46Z' uid='12087838' user='Bilykralik16' visible='true' version='1' changeset='188720495'>
    <tag k='highway' v='footway' />
    <tag k='surface' v='asphalt' />
  </way>
  <way id='1557321881' action='delete' timestamp='2026-09-08T12:39:46Z' uid='12087838' user='Bilykralik16' visible='true' version='1' changeset='188720495'>
    <tag k='bicycle' v='yes' />
    <tag k='highway' v='pedestrian' />
    <tag k='horse' v='yes' />
    <tag k='lit' v='yes' />
    <tag k='motor_vehicle' v='no' />
    <tag k='motorcar' v='no' />
    <tag k='motorcycle' v='no' />
    <tag k='name' v='Královská obora' />
    <tag k='name:cs' v='Královská obora' />
    <tag k='name:de' v='Königlicher Wildpark' />
    <tag k='name:etymology:wikidata' v='Q3500538' />
    <tag k='ref:ruian:street' v='481203' />
    <tag k='service' v='alley' />
    <tag k='surface' v='sett' />
    <tag k='tracktype' v='grade1' />
    <tag k='wikidata' v='Q45421256' />
  </way>
  <way id='1557321882' action='delete' timestamp='2026-09-08T12:39:46Z' uid='12087838' user='Bilykralik16' visible='true' version='1' changeset='188720495'>
    <tag k='bicycle' v='yes' />
    <tag k='highway' v='pedestrian' />
    <tag k='incline' v='8%' />
    <tag k='inline_skates' v='yes' />
    <tag k='lit' v='yes' />
    <tag k='motor_vehicle' v='no' />
    <tag k='name' v='Královská obora' />
    <tag k='name:cs' v='Královská obora' />
    <tag k='name:de' v='Königlicher Wildpark' />
    <tag k='name:etymology:wikidata' v='Q3500538' />
    <tag k='ref:ruian:street' v='481203' />
    <tag k='service' v='alley' />
    <tag k='source' v='Bing;cuzk' />
    <tag k='surface' v='sett' />
    <tag k='tracktype' v='grade1' />
    <tag k='wikidata' v='Q45421256' />
  </way>
  <way id='1559408577' timestamp='2026-09-16T21:32:53Z' uid='194363' user='robotour' visible='true' version='1' changeset='189132204'>
    <nd ref='6909484887' />
    <nd ref='14185810000' />
    <nd ref='14185809998' />
    <nd ref='388382573' />
    <tag k='highway' v='footway' />
  </way>
  <relation id='65329' action='modify' timestamp='2022-11-11T12:11:13Z' uid='718054' user='Piskvor' visible='true' version='8' changeset='128773893'>
    <member type='way' ref='29917745' role='inner' />
    <tag k='name' v='Zelený rybník' />
    <tag k='natural' v='water' />
    <tag k='type' v='multipolygon' />
    <tag k='water' v='pond' />
    <tag k='wikidata' v='Q27160876' />
  </relation>
  <relation id='123911' action='modify' timestamp='2026-09-08T12:39:46Z' uid='12087838' user='Bilykralik16' visible='true' version='14' changeset='188720495'>
    <member type='way' ref='118651229' role='' />
    <member type='way' ref='118651228' role='forward' />
    <member type='way' ref='118651230' role='forward' />
    <member type='way' ref='4744678' role='forward' />
    <member type='way' ref='95623567' role='backward' />
    <member type='way' ref='33900017' role='forward' />
    <member type='way' ref='151423221' role='forward' />
    <member type='way' ref='33900018' role='forward' />
    <member type='way' ref='27119862' role='' />
    <member type='way' ref='1490386303' role='' />
    <member type='way' ref='33899175' role='' />
    <member type='way' ref='106502249' role='' />
    <member type='way' ref='33899174' role='' />
    <member type='way' ref='151467203' role='' />
    <member type='way' ref='151467205' role='forward' />
    <member type='way' ref='1234054280' role='forward' />
    <member type='way' ref='151467204' role='forward' />
    <member type='way' ref='4630050' role='' />
    <member type='way' ref='949629834' role='' />
    <member type='way' ref='683770051' role='' />
    <member type='way' ref='32114982' role='' />
    <member type='way' ref='32114980' role='' />
    <tag k='complete' v='no' />
    <tag k='network' v='lcn' />
    <tag k='operator' v='cz:MHP' />
    <tag k='ref' v='A165' />
    <tag k='route' v='bicycle' />
    <tag k='source' v='www.prahounakole.cz;survey' />
    <tag k='type' v='route' />
  </relation>
  <relation id='1679960' timestamp='2026-08-22T12:33:02Z' uid='12087838' user='Bilykralik16' visible='true' version='19' changeset='187839798'>
    <member type='relation' ref='15511358' role='' />
    <member type='relation' ref='15510709' role='' />
    <tag k='colour' v='#eb5f78' />
    <tag k='complete' v='yes' />
    <tag k='gtfs:agency_id' v='99' />
    <tag k='gtfs:agency_url' v='https://pid.cz' />
    <tag k='gtfs:route_id' v='L1' />
    <tag k='name' v='Tram 1: Sídliště Petřiny – Výstaviště' />
    <tag k='network' v='Pražská integrovaná doprava' />
    <tag k='network:short' v='PID' />
    <tag k='network:wikidata' v='Q2108171' />
    <tag k='network:wikipedia' v='cs:Pražská integrovaná doprava' />
    <tag k='note' v='kompletní trať podle nového způsobu' />
    <tag k='operator' v='Dopravní podnik hlavního města Prahy' />
    <tag k='operator:short' v='DPP' />
    <tag k='operator:wikidata' v='Q381100' />
    <tag k='operator:wikipedia' v='cs:Dopravní podnik hl. m. Prahy' />
    <tag k='ref' v='1' />
    <tag k='route_master' v='tram' />
    <tag k='source' v='local_knowledge' />
    <tag k='text_colour' v='DeepPink' />
    <tag k='type' v='route_master' />
    <tag k='wikidata' v='Q16655728' />
  </relation>
  <relation id='1687696' action='modify' timestamp='2025-03-09T18:18:36Z' uid='10224968' user='comfyquiettree' visible='true' version='34' changeset='163412355'>
    <member type='way' ref='4704626' role='' />
    <member type='way' ref='1234052785' role='' />
    <member type='way' ref='123332536' role='' />
    <member type='way' ref='12221515' role='' />
    <member type='way' ref='887937996' role='' />
    <member type='way' ref='863844580' role='' />
    <member type='way' ref='552523868' role='' />
    <member type='way' ref='1234054269' role='' />
    <member type='way' ref='1234054272' role='' />
    <member type='way' ref='13331942' role='' />
    <member type='way' ref='1365793846' role='' />
    <member type='way' ref='25400093' role='forward' />
    <member type='way' ref='110330959' role='forward' />
    <member type='way' ref='1234054274' role='forward' />
    <member type='way' ref='25400094' role='forward' />
    <member type='way' ref='531085535' role='forward' />
    <member type='way' ref='110330960' role='forward' />
    <member type='way' ref='1234054273' role='forward' />
    <member type='way' ref='27119850' role='' />
    <member type='way' ref='27119848' role='' />
    <member type='way' ref='180490996' role='' />
    <member type='way' ref='309426056' role='' />
    <member type='way' ref='981696629' role='' />
    <member type='way' ref='180490995' role='' />
    <member type='way' ref='1234054275' role='' />
    <member type='way' ref='1234054276' role='' />
    <member type='way' ref='1234054277' role='' />
    <member type='way' ref='27119856' role='' />
    <member type='way' ref='27119854' role='' />
    <tag k='complete' v='no' />
    <tag k='network' v='lcn' />
    <tag k='operator' v='cz:MHP' />
    <tag k='ref' v='A310' />
    <tag k='route' v='bicycle' />
    <tag k='type' v='route' />
  </relation>
  <relation id='1712967' action='modify' timestamp='2026-09-08T12:39:46Z' uid='12087838' user='Bilykralik16' visible='true' version='97' changeset='188720495'>
    <member type='way' ref='140851300' role='' />
    <member type='way' ref='475321222' role='' />
    <member type='way' ref='475339400' role='' />
    <member type='way' ref='351948258' role='' />
    <member type='way' ref='475339396' role='' />
    <member type='way' ref='475339397' role='' />
    <member type='way' ref='475339403' role='' />
    <member type='way' ref='475339407' role='' />
    <member type='way' ref='475339413' role='' />
    <member type='way' ref='475339417' role='' />
    <member type='way' ref='684198970' role='' />
    <member type='way' ref='475321229' role='' />
    <member type='way' ref='475321231' role='' />
    <member type='way' ref='351948663' role='' />
    <member type='way' ref='684198969' role='' />
    <member type='way' ref='358211117' role='' />
    <member type='way' ref='489060228' role='' />
    <member type='way' ref='1328075642' role='' />
    <member type='way' ref='1328075641' role='' />
    <member type='way' ref='475321235' role='' />
    <member type='way' ref='1377079915' role='' />
    <member type='way' ref='475321236' role='' />
    <member type='way' ref='351676064' role='' />
    <member type='way' ref='475321239' role='' />
    <member type='way' ref='475321240' role='' />
    <member type='way' ref='179966213' role='' />
    <member type='way' ref='475321238' role='' />
    <member type='way' ref='309632710' role='' />
    <member type='way' ref='1071017371' role='' />
    <member type='way' ref='131711466' role='' />
    <member type='way' ref='4568551' role='' />
    <member type='way' ref='48145180' role='' />
    <member type='way' ref='27116003' role='' />
    <member type='way' ref='132376280' role='forward' />
    <member type='way' ref='8069209' role='forward' />
    <member type='way' ref='31985332' role='forward' />
    <member type='way' ref='132375781' role='forward' />
    <member type='way' ref='27168349' role='forward' />
    <member type='way' ref='475173285' role='forward' />
    <member type='way' ref='480769705' role='forward' />
    <member type='way' ref='480769703' role='forward' />
    <member type='way' ref='530004653' role='forward' />
    <member type='way' ref='4568774' role='forward' />
    <member type='way' ref='27168351' role='forward' />
    <member type='way' ref='1377079912' role='forward' />
    <member type='way' ref='8062259' role='' />
    <member type='way' ref='53775206' role='forward' />
    <member type='way' ref='55082094' role='forward' />
    <member type='way' ref='4672596' role='forward' />
    <member type='way' ref='55082093' role='' />
    <member type='way' ref='1377079908' role='' />
    <member type='way' ref='32841012' role='' />
    <member type='way' ref='172382949' role='' />
    <member type='way' ref='1343819941' role='' />
    <member type='way' ref='116676014' role='' />
    <member type='way' ref='966099293' role='' />
    <member type='way' ref='966099294' role='' />
    <member type='way' ref='8660178' role='' />
    <member type='way' ref='597480351' role='' />
    <member type='way' ref='597480352' role='' />
    <member type='way' ref='10653778' role='' />
    <member type='way' ref='118311773' role='forward' />
    <member type='way' ref='31170363' role='forward' />
    <member type='way' ref='32843781' role='forward' />
    <member type='way' ref='1377079906' role='forward' />
    <member type='way' ref='249160076' role='forward' />
    <member type='way' ref='31170365' role='forward' />
    <member type='way' ref='31170364' role='forward' />
    <member type='way' ref='236796744' role='forward' />
    <member type='way' ref='31170362' role='forward' />
    <member type='way' ref='110998273' role='forward' />
    <member type='way' ref='4672808' role='forward' />
    <member type='way' ref='130819161' role='' />
    <member type='way' ref='1377079904' role='' />
    <member type='way' ref='32843782' role='' />
    <member type='way' ref='79408061' role='' />
    <member type='way' ref='27566512' role='' />
    <member type='way' ref='10653292' role='' />
    <member type='way' ref='309632706' role='' />
    <member type='way' ref='132320056' role='' />
    <member type='way' ref='4704621' role='' />
    <member type='way' ref='10653290' role='' />
    <member type='way' ref='1431421446' role='' />
    <member type='way' ref='933855042' role='' />
    <member type='way' ref='1431421447' role='' />
    <member type='way' ref='132320057' role='' />
    <member type='way' ref='132320058' role='' />
    <member type='way' ref='351797455' role='' />
    <member type='way' ref='949629829' role='' />
    <member type='way' ref='25400109' role='' />
    <member type='way' ref='31172075' role='' />
    <member type='way' ref='133359834' role='backward' />
    <member type='way' ref='1557321830' role='backward' />
    <member type='way' ref='313355387' role='backward' />
    <member type='way' ref='1477010136' role='forward' />
    <member type='way' ref='1508890562' role='forward' />
    <member type='way' ref='1508890570' role='forward' />
    <member type='way' ref='475653095' role='forward' />
    <member type='way' ref='312045785' role='backward' />
    <member type='way' ref='42153147' role='forward' />
    <member type='way' ref='1318146880' role='backward' />
    <member type='way' ref='1318146879' role='backward' />
    <member type='way' ref='1415384776' role='forward' />
    <member type='way' ref='312045801' role='backward' />
    <member type='way' ref='809561366' role='backward' />
    <member type='way' ref='809561364' role='backward' />
    <member type='way' ref='42153148' role='forward' />
    <member type='way' ref='115244634' role='forward' />
    <member type='way' ref='151570046' role='' />
    <member type='way' ref='133359822' role='' />
    <member type='way' ref='375474670' role='' />
    <member type='way' ref='865066530' role='' />
    <member type='way' ref='133359823' role='forward' />
    <member type='way' ref='306487549' role='forward' />
    <member type='way' ref='313382684' role='forward' />
    <member type='way' ref='599447777' role='forward' />
    <member type='way' ref='30807911' role='forward' />
    <member type='way' ref='247101922' role='forward' />
    <member type='way' ref='818300305' role='' />
    <member type='way' ref='242546583' role='' />
    <member type='way' ref='13487135' role='' />
    <member type='way' ref='818300306' role='' />
    <member type='way' ref='817782669' role='' />
    <member type='way' ref='242546582' role='' />
    <member type='way' ref='817439953' role='' />
    <member type='way' ref='30807912' role='' />
    <member type='way' ref='599447775' role='' />
    <member type='way' ref='308780605' role='' />
    <member type='way' ref='568641250' role='' />
    <member type='way' ref='1410881788' role='' />
    <member type='way' ref='251997976' role='' />
    <member type='way' ref='251997552' role='' />
    <member type='way' ref='696683569' role='forward' />
    <member type='way' ref='696683568' role='forward' />
    <member type='way' ref='251997554' role='' />
    <member type='way' ref='476346555' role='' />
    <member type='way' ref='114396378' role='' />
    <member type='way' ref='4641260' role='' />
    <member type='way' ref='1078827907' role='' />
    <member type='way' ref='1078827906' role='' />
    <member type='way' ref='1134839221' role='' />
    <member type='way' ref='1078827908' role='' />
    <member type='way' ref='303166477' role='' />
    <member type='way' ref='1078827909' role='' />
    <member type='way' ref='1078827910' role='' />
    <member type='way' ref='1078827912' role='' />
    <member type='way' ref='313355388' role='' />
    <member type='way' ref='87430075' role='' />
    <member type='way' ref='426104704' role='' />
    <member type='way' ref='144072824' role='' />
    <member type='way' ref='23018144' role='' />
    <member type='way' ref='941755463' role='' />
    <member type='way' ref='906909165' role='' />
    <member type='way' ref='32843780' role='' />
    <member type='way' ref='1377079905' role='' />
    <member type='way' ref='32080746' role='' />
    <tag k='complete' v='proposed' />
    <tag k='network' v='lcn' />
    <tag k='operator' v='cz:MHP' />
    <tag k='ref' v='A160' />
    <tag k='route' v='bicycle' />
    <tag k='state' v='recommended' />
    <tag k='type' v='route' />
  </relation>
  <relation id='1740449' action='modify' timestamp='2026-09-08T20:35:04Z' uid='12087838' user='Bilykralik16' visible='true' version='36' changeset='188742888'>
    <member type='way' ref='115721674' role='forward' />
    <member type='way' ref='904412724' role='forward' />
    <member type='way' ref='651658563' role='forward' />
    <member type='way' ref='904412726' role='forward' />
    <member type='way' ref='904412725' role='forward' />
    <member type='way' ref='28270040' role='forward' />
    <member type='way' ref='904412727' role='forward' />
    <member type='way' ref='115721669' role='forward' />
    <member type='way' ref='1318138086' role='' />
    <member type='way' ref='546471603' role='forward' />
    <member type='way' ref='807342875' role='forward' />
    <member type='way' ref='22757225' role='forward' />
    <member type='way' ref='807342877' role='forward' />
    <member type='way' ref='1318138097' role='forward' />
    <member type='way' ref='546308309' role='forward' />
    <member type='way' ref='295999723' role='forward' />
    <member type='way' ref='440154126' role='forward' />
    <member type='way' ref='546471600' role='forward' />
    <member type='way' ref='595934571' role='forward' />
    <member type='way' ref='1557436118' role='forward' />
    <member type='way' ref='1217765013' role='forward' />
    <member type='way' ref='424289725' role='forward' />
    <member type='way' ref='1557321831' role='forward' />
    <member type='way' ref='1491285725' role='forward' />
    <member type='way' ref='42152600' role='forward' />
    <member type='way' ref='1491285724' role='forward' />
    <member type='way' ref='134992972' role='forward' />
    <member type='way' ref='313355387' role='forward' />
    <member type='way' ref='1557321830' role='forward' />
    <member type='way' ref='133359834' role='forward' />
    <member type='way' ref='1434455703' role='backward' />
    <member type='way' ref='565455991' role='forward' />
    <member type='way' ref='1186235066' role='forward' />
    <member type='way' ref='230726260' role='forward' />
    <member type='way' ref='807342878' role='forward' />
    <member type='way' ref='546308308' role='forward' />
    <member type='way' ref='1318138089' role='forward' />
    <member type='way' ref='813624857' role='forward' />
    <member type='way' ref='546471601' role='forward' />
    <member type='way' ref='1318138105' role='forward' />
    <member type='way' ref='1217765011' role='forward' />
    <member type='way' ref='565471228' role='forward' />
    <member type='way' ref='1557436115' role='forward' />
    <member type='way' ref='827438418' role='forward' />
    <member type='way' ref='1330758373' role='forward' />
    <member type='way' ref='28159443' role='forward' />
    <member type='way' ref='651658568' role='forward' />
    <member type='way' ref='173673964' role='forward' />
    <member type='way' ref='1336458728' role='forward' />
    <member type='way' ref='178876239' role='forward' />
    <member type='way' ref='651658569' role='forward' />
    <member type='way' ref='160116617' role='forward' />
    <member type='way' ref='158870780' role='forward' />
    <member type='way' ref='175752022' role='forward' />
    <member type='way' ref='904412731' role='forward' />
    <member type='way' ref='158870784' role='forward' />
    <member type='way' ref='904412730' role='forward' />
    <member type='way' ref='904412729' role='forward' />
    <member type='way' ref='904412728' role='forward' />
    <tag k='complete' v='proposed' />
    <tag k='network' v='rcn' />
    <tag k='operator' v='cz:MHP' />
    <tag k='ref' v='A310' />
    <tag k='route' v='bicycle' />
    <tag k='source' v='Bing;cuzk' />
    <tag k='state' v='recommended' />
    <tag k='type' v='route' />
  </relation>
  <relation id='2327644' action='modify' timestamp='2020-12-01T04:57:57Z' uid='99999' user='snodnipper' visible='true' version='9' changeset='95077598'>
    <member type='way' ref='174335315' role='outer' />
    <member type='way' ref='174335297' role='outer' />
    <member type='way' ref='174335277' role='inner' />
    <tag k='area:ha' v='90.89000000000' />
    <tag k='boundary' v='protected_area' />
    <tag k='eea:cdda:objectid' v='0' />
    <tag k='eea:cdda:parentiso' v='CZE' />
    <tag k='eea:cdda:sitecode' v='343691.00000000000' />
    <tag k='iucn_level' v='V' />
    <tag k='leisure' v='nature_reserve' />
    <tag k='name' v='přírodní památka Královská obora' />
    <tag k='name:de' v='Naturdenkmal Königlicher Wildpark' />
    <tag k='name:en' v='Stromovka Royal Game Reserve' />
    <tag k='protect_class' v='3' />
    <tag k='protection_title' v='Přírodní památka (PP)' />
    <tag k='protection_title:en' v='Nature Monument' />
    <tag k='short_name' v='PP Královská obora' />
    <tag k='sorting_name' v='Královská obora' />
    <tag k='sorting_name:de' v='Königlicher Wildpark' />
    <tag k='source' v='EEA:CDDA2009' />
    <tag k='start_date' v='1988' />
    <tag k='type' v='boundary' />
    <tag k='wikidata' v='Q3500538' />
    <tag k='wikipedia' v='cs:Královská obora' />
  </relation>
  <relation id='2462369' action='delete' timestamp='2025-08-01T13:12:06Z' uid='12087838' user='Bilykralik16' visible='true' version='5' changeset='169817778'>
    <tag k='name' v='Výstaviště' />
    <tag k='network' v='PID' />
    <tag k='operator' v='cz:DPP' />
    <tag k='public_transport' v='stop_area' />
    <tag k='ref' v='U532Z3P' />
    <tag k='type' v='public_transport' />
  </relation>
  <relation id='7032602' action='modify' timestamp='2026-09-06T21:59:28Z' uid='12087838' user='Bilykralik16' visible='true' version='68' changeset='188641449'>
    <member type='node' ref='4695882294' role='stop_entry_only' />
    <member type='node' ref='4697401131' role='stop' />
    <member type='node' ref='4697401111' role='stop' />
    <member type='node' ref='3476362418' role='stop' />
    <member type='node' ref='3775388802' role='stop' />
    <member type='node' ref='3775380854' role='stop' />
    <member type='node' ref='3775380855' role='stop' />
    <member type='node' ref='4046024189' role='stop' />
    <member type='node' ref='3791260459' role='stop' />
    <member type='node' ref='4715672768' role='stop' />
    <member type='node' ref='4715672765' role='stop' />
    <member type='node' ref='1040160416' role='stop' />
    <member type='node' ref='3892044538' role='stop' />
    <member type='node' ref='3750459130' role='stop' />
    <member type='way' ref='1511469026' role='platform' />
    <member type='node' ref='3750459132' role='stop' />
    <member type='node' ref='4690498451' role='stop' />
    <member type='node' ref='4690498452' role='stop' />
    <member type='node' ref='1028660041' role='stop' />
    <member type='node' ref='24959003' role='stop' />
    <member type='node' ref='4680424686' role='stop' />
    <member type='node' ref='293572388' role='stop' />
    <member type='node' ref='293572391' role='stop' />
    <member type='node' ref='293572392' role='stop' />
    <member type='node' ref='310455123' role='stop' />
    <member type='node' ref='310455013' role='stop' />
    <member type='way' ref='475908150' role='' />
    <member type='way' ref='901587319' role='' />
    <member type='way' ref='476089597' role='' />
    <member type='way' ref='374912645' role='' />
    <member type='way' ref='377046956' role='' />
    <member type='way' ref='564912124' role='' />
    <member type='way' ref='374912647' role='' />
    <member type='way' ref='375780507' role='' />
    <member type='way' ref='482806987' role='' />
    <member type='way' ref='902031991' role='' />
    <member type='way' ref='375780483' role='' />
    <member type='way' ref='1105237954' role='' />
    <member type='way' ref='371493360' role='' />
    <member type='way' ref='380968721' role='' />
    <member type='way' ref='375780484' role='' />
    <member type='way' ref='593522805' role='' />
    <member type='way' ref='581336988' role='' />
    <member type='way' ref='375780505' role='' />
    <member type='way' ref='581337009' role='' />
    <member type='way' ref='581337013' role='' />
    <member type='way' ref='375780497' role='' />
    <member type='way' ref='762702628' role='' />
    <member type='way' ref='1327838442' role='' />
    <member type='way' ref='385868996' role='' />
    <member type='way' ref='371480312' role='' />
    <member type='way' ref='1265826330' role='' />
    <member type='way' ref='1426224759' role='' />
    <member type='way' ref='1265826329' role='' />
    <member type='way' ref='1265826331' role='' />
    <member type='way' ref='387711739' role='' />
    <member type='way' ref='1504910631' role='' />
    <member type='way' ref='1504910632' role='' />
    <member type='way' ref='371480313' role='' />
    <member type='way' ref='371480315' role='' />
    <member type='way' ref='1554599349' role='' />
    <member type='way' ref='1377439258' role='' />
    <member type='way' ref='371480310' role='' />
    <member type='way' ref='478920353' role='' />
    <member type='way' ref='478920355' role='' />
    <member type='way' ref='593522798' role='' />
    <member type='way' ref='474018435' role='' />
    <member type='way' ref='1257258836' role='' />
    <member type='way' ref='474018434' role='' />
    <member type='way' ref='474018478' role='' />
    <member type='way' ref='1098777461' role='' />
    <member type='way' ref='478403199' role='' />
    <member type='way' ref='1245673248' role='' />
    <member type='way' ref='1187434909' role='' />
    <member type='way' ref='1257583550' role='' />
    <member type='way' ref='1257583551' role='' />
    <member type='way' ref='1022255113' role='' />
    <member type='way' ref='1122601120' role='' />
    <member type='way' ref='478339919' role='' />
    <member type='way' ref='1258563012' role='' />
    <member type='way' ref='1258563014' role='' />
    <member type='way' ref='478339921' role='' />
    <member type='way' ref='1447303661' role='' />
    <member type='way' ref='564147569' role='' />
    <member type='way' ref='564151314' role='' />
    <member type='way' ref='1333269345' role='' />
    <member type='way' ref='564151313' role='' />
    <member type='way' ref='474018453' role='' />
    <tag k='check_date' v='2025-10-01' />
    <tag k='colour' v='#eb5f78' />
    <tag k='from' v='Bílá Hora' />
    <tag k='gtfs:route_id' v='L25' />
    <tag k='gtfs:shape_id' v='L25V3' />
    <tag k='gtfs:trip_id:sample' v='25_124_210118' />
    <tag k='name' v='Tram 25: Bílá Hora ⇒ Výstaviště' />
    <tag k='network' v='Pražská integrovaná doprava' />
    <tag k='network:short' v='PID' />
    <tag k='network:wikidata' v='Q2108171' />
    <tag k='network:wikipedia' v='cs:Pražská integrovaná doprava' />
    <tag k='operator' v='Dopravní podnik hl. m. Prahy' />
    <tag k='operator:short' v='DPP' />
    <tag k='operator:wikidata' v='Q381100' />
    <tag k='operator:wikipedia' v='cs:Dopravní podnik hl. m. Prahy' />
    <tag k='public_transport:version' v='2' />
    <tag k='ref' v='25' />
    <tag k='route' v='tram' />
    <tag k='to' v='Výstaviště' />
    <tag k='type' v='route' />
    <tag k='website' v='https://pid.cz/linka/25' />
    <tag k='wikidata' v='Q16655736' />
  </relation>
  <relation id='7032603' action='modify' timestamp='2026-09-06T21:59:28Z' uid='12087838' user='Bilykralik16' visible='true' version='58' changeset='188641449'>
    <member type='node' ref='4690489335' role='stop' />
    <member type='node' ref='21262916' role='stop' />
    <member type='node' ref='4681752634' role='stop' />
    <member type='node' ref='293572389' role='stop' />
    <member type='node' ref='29581461' role='stop' />
    <member type='node' ref='293572387' role='stop' />
    <member type='node' ref='4680424742' role='stop' />
    <member type='node' ref='310453035' role='stop' />
    <member type='node' ref='331283839' role='stop' />
    <member type='node' ref='25685001' role='stop' />
    <member type='node' ref='1909037555' role='stop' />
    <member type='node' ref='3750459131' role='stop' />
    <member type='node' ref='889215411' role='stop' />
    <member type='way' ref='1511469025' role='platform' />
    <member type='node' ref='3476362423' role='stop' />
    <member type='node' ref='249526769' role='stop' />
    <member type='node' ref='331038248' role='stop' />
    <member type='node' ref='244238482' role='stop' />
    <member type='node' ref='360673750' role='stop' />
    <member type='node' ref='244238488' role='stop' />
    <member type='node' ref='340037058' role='stop' />
    <member type='node' ref='244238496' role='stop' />
    <member type='node' ref='244238499' role='stop' />
    <member type='node' ref='340037057' role='stop' />
    <member type='node' ref='610983906' role='stop' />
    <member type='node' ref='4697400666' role='stop' />
    <member type='node' ref='4695882289' role='stop_exit_only' />
    <member type='way' ref='1109135640' role='' />
    <member type='way' ref='474018455' role='' />
    <member type='way' ref='1333269343' role='' />
    <member type='way' ref='564147574' role='' />
    <member type='way' ref='1257258831' role='' />
    <member type='way' ref='584368424' role='' />
    <member type='way' ref='1018332348' role='' />
    <member type='way' ref='1388078180' role='' />
    <member type='way' ref='1535604388' role='' />
    <member type='way' ref='474018500' role='' />
    <member type='way' ref='1258563015' role='' />
    <member type='way' ref='1258563013' role='' />
    <member type='way' ref='1257609978' role='' />
    <member type='way' ref='1257609979' role='' />
    <member type='way' ref='474018487' role='' />
    <member type='way' ref='478339920' role='' />
    <member type='way' ref='1098777460' role='' />
    <member type='way' ref='1257583549' role='' />
    <member type='way' ref='478403200' role='' />
    <member type='way' ref='474018433' role='' />
    <member type='way' ref='474018436' role='' />
    <member type='way' ref='1377439265' role='' />
    <member type='way' ref='1257258835' role='' />
    <member type='way' ref='565165095' role='' />
    <member type='way' ref='140750960' role='' />
    <member type='way' ref='565165096' role='' />
    <member type='way' ref='478920354' role='' />
    <member type='way' ref='1377439256' role='' />
    <member type='way' ref='38505187' role='' />
    <member type='way' ref='76677864' role='' />
    <member type='way' ref='74666456' role='' />
    <member type='way' ref='1265826333' role='' />
    <member type='way' ref='74666455' role='' />
    <member type='way' ref='1338019045' role='' />
    <member type='way' ref='74585286' role='' />
    <member type='way' ref='1265826334' role='' />
    <member type='way' ref='1327838443' role='' />
    <member type='way' ref='249612144' role='' />
    <member type='way' ref='320832633' role='' />
    <member type='way' ref='32617119' role='' />
    <member type='way' ref='581337010' role='' />
    <member type='way' ref='340412739' role='' />
    <member type='way' ref='593523197' role='' />
    <member type='way' ref='375780480' role='' />
    <member type='way' ref='581336996' role='' />
    <member type='way' ref='95598742' role='' />
    <member type='way' ref='385868994' role='' />
    <member type='way' ref='902799103' role='' />
    <member type='way' ref='375780488' role='' />
    <member type='way' ref='375780509' role='' />
    <member type='way' ref='1548569380' role='' />
    <member type='way' ref='22758208' role='' />
    <member type='way' ref='375780491' role='' />
    <member type='way' ref='375780504' role='' />
    <member type='way' ref='340412736' role='' />
    <member type='way' ref='1264095232' role='' />
    <member type='way' ref='32617270' role='' />
    <member type='way' ref='340460070' role='' />
    <member type='way' ref='901587320' role='' />
    <member type='way' ref='475908147' role='' />
    <tag k='check_date' v='2025-10-01' />
    <tag k='colour' v='#eb5f78' />
    <tag k='from' v='Výstaviště' />
    <tag k='gtfs:route_id' v='L25' />
    <tag k='gtfs:shape_id' v='L25V2' />
    <tag k='gtfs:trip_id:sample' v='25_303_210101' />
    <tag k='name' v='Tram 25: Výstaviště ⇒ Bílá Hora' />
    <tag k='network' v='Pražská integrovaná doprava' />
    <tag k='network:short' v='PID' />
    <tag k='network:wikidata' v='Q2108171' />
    <tag k='network:wikipedia' v='cs:Pražská integrovaná doprava' />
    <tag k='operator' v='Dopravní podnik hl. m. Prahy' />
    <tag k='operator:short' v='DPP' />
    <tag k='operator:wikidata' v='Q381100' />
    <tag k='operator:wikipedia' v='cs:Dopravní podnik hl. m. Prahy' />
    <tag k='public_transport:version' v='2' />
    <tag k='ref' v='25' />
    <tag k='route' v='tram' />
    <tag k='to' v='Bílá Hora' />
    <tag k='type' v='route' />
    <tag k='website' v='https://pid.cz/linka/25' />
    <tag k='wikidata' v='Q16655736' />
  </relation>
  <relation id='7123005' action='modify' timestamp='2023-06-09T13:33:44Z' uid='700277' user='TeX232' visible='true' version='5' changeset='137137758'>
    <member type='way' ref='86528959' role='inner' />
    <member type='way' ref='1033309626' role='inner' />
    <tag k='landuse' v='forest' />
    <tag k='type' v='multipolygon' />
  </relation>
  <relation id='7141355' action='modify' timestamp='2026-03-11T04:14:09Z' uid='10021539' user='Dodoskaut151' visible='true' version='5' changeset='179670802'>
    <member type='way' ref='482510603' role='inner' />
    <member type='way' ref='482510602' role='inner' />
    <member type='way' ref='482510601' role='inner' />
    <member type='way' ref='400387507' role='inner' />
    <member type='way' ref='400387508' role='inner' />
    <tag k='area' v='yes' />
    <tag k='bicycle' v='yes' />
    <tag k='highway' v='pedestrian' />
    <tag k='name' v='U Výstaviště' />
    <tag k='name:de' v='Am Messegelände' />
    <tag k='name:etymology:wikidata' v='Q1389717' />
    <tag k='source' v='Bing' />
    <tag k='type' v='multipolygon' />
  </relation>
  <relation id='7835590' action='modify' timestamp='2025-09-20T04:59:52Z' uid='255936' user='NyanSten' visible='true' version='7' changeset='172189334'>
    <member type='way' ref='1099661203' role='outer' />
    <member type='way' ref='55966393' role='inner' />
    <member type='way' ref='482510578' role='inner' />
    <member type='way' ref='1112260075' role='inner' />
    <member type='way' ref='1112259568' role='inner' />
    <member type='way' ref='548739731' role='inner' />
    <member type='way' ref='1033309623' role='inner' />
    <tag k='leisure' v='park' />
    <tag k='loc_name' v='Stromovka' />
    <tag k='name' v='Královská obora' />
    <tag k='name:cs' v='Královská obora' />
    <tag k='name:de' v='Baumgarten' />
    <tag k='name:en' v='Royal Game Reserve' />
    <tag k='source' v='uhul:ortofoto' />
    <tag k='type' v='multipolygon' />
    <tag k='wikidata' v='Q3500538' />
    <tag k='wikipedia' v='cs:Královská obora' />
  </relation>
  <relation id='8057519' timestamp='2026-08-22T12:33:02Z' uid='12087838' user='Bilykralik16' visible='true' version='9' changeset='187839798'>
    <member type='relation' ref='7032602' role='' />
    <member type='relation' ref='7032603' role='' />
    <tag k='colour' v='#eb5f78' />
    <tag k='complete' v='yes' />
    <tag k='name' v='Tram 25: Bílá Hora – Výstaviště' />
    <tag k='network' v='Pražská integrovaná doprava' />
    <tag k='network:short' v='PID' />
    <tag k='network:wikidata' v='Q2108171' />
    <tag k='network:wikipedia' v='cs:Pražská integrovaná doprava' />
    <tag k='operator' v='Dopravní podnik hlavního města Prahy' />
    <tag k='operator:short' v='DPP' />
    <tag k='operator:wikidata' v='Q381100' />
    <tag k='operator:wikipedia' v='cs:Dopravní podnik hl. m. Prahy' />
    <tag k='ref' v='25' />
    <tag k='route_master' v='tram' />
    <tag k='type' v='route_master' />
    <tag k='wikidata' v='Q16655736' />
  </relation>
  <relation id='8350408' action='modify' timestamp='2026-07-30T12:39:54Z' uid='4887311' user='mapperue' visible='true' version='32' changeset='186642126'>
    <member type='node' ref='6396486662' role='stop_entry_only' />
    <member type='node' ref='1024913035' role='stop' />
    <member type='node' ref='310453038' role='stop' />
    <member type='node' ref='60709251' role='stop' />
    <member type='node' ref='4806619504' role='stop' />
    <member type='way' ref='384853354' role='platform' />
    <member type='node' ref='282755815' role='stop' />
    <member type='way' ref='153528635' role='platform' />
    <member type='way' ref='157678424' role='platform' />
    <member type='node' ref='4693347258' role='stop' />
    <member type='way' ref='150013553' role='platform' />
    <member type='node' ref='4693347234' role='stop' />
    <member type='way' ref='150013529' role='platform' />
    <member type='way' ref='1330732416' role='platform' />
    <member type='way' ref='436232709' role='platform' />
    <member type='node' ref='4691199472' role='stop' />
    <member type='way' ref='182657199' role='platform' />
    <member type='node' ref='4719188952' role='stop' />
    <member type='way' ref='827404589' role='platform' />
    <member type='node' ref='889215411' role='stop' />
    <member type='node' ref='3476362423' role='stop' />
    <member type='node' ref='7991945175' role='stop_exit_only' />
    <member type='way' ref='332456400' role='' />
    <member type='way' ref='1338247949' role='' />
    <member type='way' ref='1338247948' role='' />
    <member type='way' ref='1109135640' role='' />
    <member type='way' ref='1257258833' role='' />
    <member type='way' ref='564151310' role='' />
    <member type='way' ref='474018517' role='' />
    <member type='way' ref='593522799' role='' />
    <member type='way' ref='565165097' role='' />
    <member type='way' ref='1505063910' role='' />
    <member type='way' ref='1505063906' role='' />
    <member type='way' ref='1505063907' role='' />
    <member type='way' ref='1505063908' role='' />
    <member type='way' ref='1505063909' role='' />
    <member type='way' ref='593522798' role='' />
    <member type='way' ref='474018435' role='' />
    <member type='way' ref='1257258836' role='' />
    <member type='way' ref='474018434' role='' />
    <member type='way' ref='474018475' role='' />
    <member type='way' ref='565169233' role='' />
    <member type='way' ref='474018438' role='' />
    <member type='way' ref='474018465' role='' />
    <member type='way' ref='170577493' role='' />
    <member type='way' ref='23018498' role='' />
    <member type='way' ref='25921338' role='' />
    <member type='way' ref='25921337' role='' />
    <member type='way' ref='249681268' role='' />
    <member type='way' ref='475601681' role='' />
    <member type='way' ref='1535626229' role='' />
    <member type='way' ref='477085893' role='' />
    <member type='way' ref='1377448729' role='' />
    <member type='way' ref='477085891' role='' />
    <member type='way' ref='1377448728' role='' />
    <member type='way' ref='475601685' role='' />
    <member type='way' ref='1377448723' role='' />
    <member type='way' ref='905525701' role='' />
    <member type='way' ref='905525699' role='' />
    <member type='way' ref='416051005' role='' />
    <member type='way' ref='475364625' role='' />
    <member type='way' ref='22897819' role='' />
    <member type='way' ref='32548470' role='' />
    <member type='way' ref='543373060' role='' />
    <member type='way' ref='904197384' role='' />
    <member type='way' ref='475364598' role='' />
    <member type='way' ref='475364617' role='' />
    <member type='way' ref='476507512' role='' />
    <member type='way' ref='1302757291' role='' />
    <member type='way' ref='475364618' role='' />
    <member type='way' ref='1377439262' role='' />
    <member type='way' ref='475364612' role='' />
    <member type='way' ref='475364615' role='' />
    <member type='way' ref='475364596' role='' />
    <member type='way' ref='475364593' role='' />
    <member type='way' ref='433978002' role='' />
    <member type='way' ref='1204048488' role='' />
    <member type='way' ref='478706285' role='' />
    <member type='way' ref='1247031323' role='' />
    <member type='way' ref='1247031327' role='' />
    <member type='way' ref='1247031332' role='' />
    <member type='way' ref='1247031331' role='' />
    <member type='way' ref='1247031335' role='' />
    <member type='way' ref='1247031338' role='' />
    <member type='way' ref='8111406' role='' />
    <member type='way' ref='1265826323' role='' />
    <member type='way' ref='478706287' role='' />
    <member type='way' ref='1265826325' role='' />
    <member type='way' ref='387711736' role='' />
    <member type='way' ref='387711740' role='' />
    <member type='way' ref='1265826333' role='' />
    <member type='way' ref='74666455' role='' />
    <member type='way' ref='1338019045' role='' />
    <member type='way' ref='74585286' role='' />
    <member type='way' ref='1265826334' role='' />
    <member type='way' ref='1327838443' role='' />
    <member type='way' ref='249612144' role='' />
    <member type='way' ref='320832633' role='' />
    <member type='way' ref='32617119' role='' />
    <member type='way' ref='581337010' role='' />
    <member type='way' ref='340412739' role='' />
    <member type='way' ref='593523197' role='' />
    <member type='way' ref='1422093799' role='' />
    <member type='way' ref='53616249' role='' />
    <member type='way' ref='1505062733' role='' />
    <tag k='check_date' v='2026-04-28' />
    <tag k='from' v='Výstaviště' />
    <tag k='name' v='Tram 41: Výstaviště ⇒ Vozovna Střešovice' />
    <tag k='network' v='Pražská integrovaná doprava' />
    <tag k='network:short' v='PID' />
    <tag k='network:wikidata' v='Q2108171' />
    <tag k='network:wikipedia' v='cs:Pražská integrovaná doprava' />
    <tag k='operator' v='Dopravní podnik hl. m. Prahy' />
    <tag k='operator:short' v='DPP' />
    <tag k='operator:wikidata' v='Q381100' />
    <tag k='operator:wikipedia' v='cs:Dopravní podnik hl. m. Prahy' />
    <tag k='public_transport:version' v='2' />
    <tag k='ref' v='41' />
    <tag k='route' v='tram' />
    <tag k='to' v='Vozovna Střešovice' />
    <tag k='type' v='route' />
    <tag k='wikidata' v='Q29229288' />
  </relation>
  <relation id='8350409' action='modify' timestamp='2026-09-02T18:43:32Z' uid='19667738' user='Mr_Vidlicka' visible='true' version='26' changeset='188435549'>
    <member type='node' ref='7991945175' role='stop_entry_only' />
    <member type='node' ref='3892044538' role='stop' />
    <member type='node' ref='3750459130' role='stop' />
    <member type='node' ref='3750459132' role='stop' />
    <member type='node' ref='4690498451' role='stop' />
    <member type='node' ref='4690498452' role='stop' />
    <member type='node' ref='1028660041' role='stop' />
    <member type='node' ref='320248553' role='stop' />
    <member type='way' ref='486034051' role='platform' />
    <member type='node' ref='6396486662' role='stop_exit_only' />
    <member type='way' ref='1505062733' role='' />
    <member type='way' ref='593523198' role='' />
    <member type='way' ref='593522806' role='' />
    <member type='way' ref='1422093801' role='' />
    <member type='way' ref='581336988' role='' />
    <member type='way' ref='375780505' role='' />
    <member type='way' ref='581337009' role='' />
    <member type='way' ref='581337013' role='' />
    <member type='way' ref='375780497' role='' />
    <member type='way' ref='762702628' role='' />
    <member type='way' ref='1327838442' role='' />
    <member type='way' ref='385868996' role='' />
    <member type='way' ref='371480312' role='' />
    <member type='way' ref='1265826330' role='' />
    <member type='way' ref='1426224759' role='' />
    <member type='way' ref='1265826329' role='' />
    <member type='way' ref='1265826331' role='' />
    <member type='way' ref='387711739' role='' />
    <member type='way' ref='1504910631' role='' />
    <member type='way' ref='1504910632' role='' />
    <member type='way' ref='371480313' role='' />
    <member type='way' ref='371480315' role='' />
    <member type='way' ref='1554599349' role='' />
    <member type='way' ref='1377439258' role='' />
    <member type='way' ref='371480310' role='' />
    <member type='way' ref='474018462' role='' />
    <member type='way' ref='1505063911' role='' />
    <member type='way' ref='1505063912' role='' />
    <member type='way' ref='1505063910' role='' />
    <member type='way' ref='1505063913' role='' />
    <member type='way' ref='478920357' role='' />
    <member type='way' ref='564151312' role='' />
    <member type='way' ref='332456400' role='' />
    <tag k='check_date' v='2026-04-28' />
    <tag k='name' v='Tram 41: Vozovna Střešovice ⇒ Výstaviště' />
    <tag k='network' v='Pražská integrovaná doprava' />
    <tag k='network:short' v='PID' />
    <tag k='network:wikidata' v='Q2108171' />
    <tag k='network:wikipedia' v='cs:Pražská integrovaná doprava' />
    <tag k='operator' v='Dopravní podnik hl. m. Prahy' />
    <tag k='operator:short' v='DPP' />
    <tag k='operator:wikidata' v='Q381100' />
    <tag k='operator:wikipedia' v='cs:Dopravní podnik hl. m. Prahy' />
    <tag k='public_transport:version' v='2' />
    <tag k='ref' v='41' />
    <tag k='route' v='tram' />
    <tag k='type' v='route' />
    <tag k='wikidata' v='Q29229288' />
  </relation>
  <relation id='8350410' timestamp='2024-12-22T14:51:19Z' uid='10224968' user='comfyquiettree' visible='true' version='5' changeset='160504314'>
    <member type='relation' ref='8350409' role='' />
    <member type='relation' ref='8350408' role='' />
    <tag k='name' v='Tram 41' />
    <tag k='network' v='Pražská integrovaná doprava' />
    <tag k='network:short' v='PID' />
    <tag k='network:wikidata' v='Q2108171' />
    <tag k='network:wikipedia' v='cs:Pražská integrovaná doprava' />
    <tag k='operator' v='Dopravní podnik hlavního města Prahy' />
    <tag k='operator:short' v='DPP' />
    <tag k='operator:wikidata' v='Q381100' />
    <tag k='operator:wikipedia' v='cs:Dopravní podnik hl. m. Prahy' />
    <tag k='ref' v='41' />
    <tag k='route_master' v='tram' />
    <tag k='type' v='route_master' />
    <tag k='wikidata' v='Q29229288' />
  </relation>
  <relation id='13827139' action='delete' timestamp='2022-03-28T15:38:33Z' uid='100163' user='Hlav' visible='true' version='2' changeset='119027721'>
    <tag k='landuse' v='village_green' />
    <tag k='source' v='Bing' />
    <tag k='type' v='multipolygon' />
  </relation>
  <relation id='13827140' action='modify' timestamp='2022-02-19T18:15:40Z' uid='10932047' user='Yakari (kleiner Indianer)' visible='true' version='1' changeset='117614420'>
    <member type='way' ref='427791238' role='inner' />
    <member type='way' ref='160218624' role='inner' />
    <tag k='landuse' v='village_green' />
    <tag k='type' v='multipolygon' />
  </relation>
  <relation id='14098299' action='delete' timestamp='2022-07-20T11:38:25Z' uid='12087838' user='Bilykralik16' visible='true' version='2' changeset='123847384'>
    <tag k='name' v='Výstaviště' />
    <tag k='network' v='PID' />
    <tag k='operator' v='cz:DPP' />
    <tag k='public_transport' v='stop_area' />
    <tag k='ref' v='U532Z4P' />
    <tag k='type' v='public_transport' />
  </relation>
  <relation id='15510709' action='modify' timestamp='2026-09-08T12:39:46Z' uid='12087838' user='Bilykralik16' visible='true' version='40' changeset='188720495'>
    <member type='node' ref='4690489335' role='stop' />
    <member type='way' ref='150013564' role='platform' />
    <member type='node' ref='21262916' role='stop' />
    <member type='way' ref='138779886' role='platform' />
    <member type='node' ref='4681752634' role='stop' />
    <member type='way' ref='1249854691' role='platform' />
    <member type='node' ref='293572389' role='stop' />
    <member type='way' ref='1249854682' role='platform' />
    <member type='node' ref='29581461' role='stop' />
    <member type='way' ref='1249854694' role='platform' />
    <member type='node' ref='293572387' role='stop' />
    <member type='way' ref='1249854706' role='platform' />
    <member type='node' ref='4680424742' role='stop' />
    <member type='node' ref='6812962186' role='platform' />
    <member type='node' ref='310453035' role='stop' />
    <member type='way' ref='122836266' role='platform' />
    <member type='node' ref='331283839' role='stop' />
    <member type='way' ref='1330758384' role='platform' />
    <member type='node' ref='25685001' role='stop' />
    <member type='way' ref='122836241' role='platform' />
    <member type='node' ref='1909037555' role='stop' />
    <member type='way' ref='122836263' role='platform' />
    <member type='node' ref='3750459131' role='stop' />
    <member type='way' ref='153528622' role='platform' />
    <member type='node' ref='889215411' role='stop' />
    <member type='way' ref='1511469025' role='platform' />
    <member type='node' ref='3476362423' role='stop' />
    <member type='way' ref='762703980' role='platform' />
    <member type='node' ref='249526769' role='stop' />
    <member type='way' ref='122836286' role='platform' />
    <member type='node' ref='276838823' role='stop' />
    <member type='way' ref='122836216' role='platform' />
    <member type='node' ref='276838825' role='stop' />
    <member type='way' ref='122836254' role='platform' />
    <member type='node' ref='4715672757' role='stop' />
    <member type='way' ref='122836212' role='platform' />
    <member type='node' ref='249525014' role='stop' />
    <member type='way' ref='122836283' role='platform' />
    <member type='node' ref='4760914602' role='stop' />
    <member type='way' ref='122836279' role='platform' />
    <member type='node' ref='276838827' role='stop' />
    <member type='way' ref='122836248' role='platform' />
    <member type='node' ref='249524883' role='stop_exit_only' />
    <member type='way' ref='96682507' role='platform' />
    <member type='way' ref='1109135640' role='' />
    <member type='way' ref='474018455' role='' />
    <member type='way' ref='1333269343' role='' />
    <member type='way' ref='564147574' role='' />
    <member type='way' ref='1257258831' role='' />
    <member type='way' ref='584368424' role='' />
    <member type='way' ref='1018332348' role='' />
    <member type='way' ref='1388078180' role='' />
    <member type='way' ref='1535604388' role='' />
    <member type='way' ref='474018500' role='' />
    <member type='way' ref='1258563015' role='' />
    <member type='way' ref='1258563013' role='' />
    <member type='way' ref='1257609978' role='' />
    <member type='way' ref='1257609979' role='' />
    <member type='way' ref='474018487' role='' />
    <member type='way' ref='478339920' role='' />
    <member type='way' ref='1098777460' role='' />
    <member type='way' ref='1257583549' role='' />
    <member type='way' ref='478403200' role='' />
    <member type='way' ref='474018433' role='' />
    <member type='way' ref='474018436' role='' />
    <member type='way' ref='1377439265' role='' />
    <member type='way' ref='1257258835' role='' />
    <member type='way' ref='565165095' role='' />
    <member type='way' ref='140750960' role='' />
    <member type='way' ref='565165096' role='' />
    <member type='way' ref='478920354' role='' />
    <member type='way' ref='1377439256' role='' />
    <member type='way' ref='38505187' role='' />
    <member type='way' ref='76677864' role='' />
    <member type='way' ref='74666456' role='' />
    <member type='way' ref='1265826333' role='' />
    <member type='way' ref='74666455' role='' />
    <member type='way' ref='1338019045' role='' />
    <member type='way' ref='74585286' role='' />
    <member type='way' ref='1265826334' role='' />
    <member type='way' ref='1327838443' role='' />
    <member type='way' ref='249612144' role='' />
    <member type='way' ref='320832633' role='' />
    <member type='way' ref='32617119' role='' />
    <member type='way' ref='581337010' role='' />
    <member type='way' ref='340412739' role='' />
    <member type='way' ref='593523197' role='' />
    <member type='way' ref='375780480' role='' />
    <member type='way' ref='581336996' role='' />
    <member type='way' ref='95598746' role='' />
    <member type='way' ref='95598764' role='' />
    <member type='way' ref='385993680' role='' />
    <member type='way' ref='1377079952' role='' />
    <member type='way' ref='385993684' role='' />
    <member type='way' ref='474834358' role='' />
    <tag k='check_date' v='2026-04-23' />
    <tag k='colour' v='#eb5f78' />
    <tag k='from' v='Výstaviště' />
    <tag k='gtfs:agency_name' v='Pražská integrovaná doprava' />
    <tag k='gtfs:agency_url' v='https://pid.cz' />
    <tag k='gtfs:route_id' v='L1' />
    <tag k='gtfs:shape_id' v='L1V2' />
    <tag k='gtfs:trip_id:sample' v='1_1931_230122' />
    <tag k='name' v='Tram 1: Výstaviště ⇒ Sídliště Petřiny' />
    <tag k='network' v='Pražská integrovaná doprava' />
    <tag k='network:short' v='PID' />
    <tag k='network:wikidata' v='Q2108171' />
    <tag k='network:wikipedia' v='cs:Pražská integrovaná doprava' />
    <tag k='operator' v='Dopravní podnik hl. m. Prahy' />
    <tag k='operator:short' v='DPP' />
    <tag k='operator:wikidata' v='Q381100' />
    <tag k='operator:wikipedia' v='cs:Dopravní podnik hl. m. Prahy' />
    <tag k='public_transport:version' v='2' />
    <tag k='ref' v='1' />
    <tag k='route' v='tram' />
    <tag k='source' v='CZ:ROPID' />
    <tag k='to' v='Sídliště Petřiny' />
    <tag k='type' v='route' />
    <tag k='website' v='https://pid.cz/linka/1' />
    <tag k='wikidata' v='Q16655728' />
  </relation>
  <relation id='15511358' action='modify' timestamp='2026-09-06T12:16:50Z' uid='12087838' user='Bilykralik16' visible='true' version='42' changeset='188615140'>
    <member type='node' ref='249524873' role='stop_entry_only' />
    <member type='way' ref='122789642' role='platform_entry_only' />
    <member type='node' ref='3893370495' role='stop' />
    <member type='way' ref='122836247' role='platform' />
    <member type='node' ref='1371440026' role='stop' />
    <member type='way' ref='122836277' role='platform' />
    <member type='node' ref='3893370497' role='stop' />
    <member type='way' ref='122836282' role='platform' />
    <member type='node' ref='3893370493' role='stop' />
    <member type='way' ref='122836211' role='platform' />
    <member type='node' ref='3893370494' role='stop' />
    <member type='way' ref='122836253' role='platform' />
    <member type='node' ref='3893370496' role='stop' />
    <member type='way' ref='122836215' role='platform' />
    <member type='node' ref='1040160416' role='stop' />
    <member type='way' ref='122836284' role='platform' />
    <member type='node' ref='3892044538' role='stop' />
    <member type='way' ref='762702617' role='platform' />
    <member type='node' ref='3750459130' role='stop' />
    <member type='way' ref='1511469026' role='platform' />
    <member type='node' ref='3750459132' role='stop' />
    <member type='way' ref='180891327' role='platform' />
    <member type='node' ref='4690498451' role='stop' />
    <member type='way' ref='1249854668' role='platform' />
    <member type='node' ref='4690498452' role='stop' />
    <member type='way' ref='1330758382' role='platform' />
    <member type='node' ref='1028660041' role='stop' />
    <member type='way' ref='122836264' role='platform' />
    <member type='node' ref='24959003' role='stop' />
    <member type='way' ref='122836228' role='platform' />
    <member type='node' ref='4680424686' role='stop' />
    <member type='way' ref='1252775265' role='platform' />
    <member type='node' ref='293572388' role='stop' />
    <member type='way' ref='1249854685' role='platform' />
    <member type='node' ref='293572391' role='stop' />
    <member type='way' ref='1249854688' role='platform' />
    <member type='node' ref='293572392' role='stop' />
    <member type='way' ref='150013557' role='platform' />
    <member type='node' ref='310455123' role='stop' />
    <member type='way' ref='138779894' role='platform' />
    <member type='node' ref='310455013' role='stop' />
    <member type='way' ref='475283012' role='platform' />
    <member type='way' ref='385993682' role='' />
    <member type='way' ref='474834357' role='' />
    <member type='way' ref='385993681' role='' />
    <member type='way' ref='1556558921' role='' />
    <member type='way' ref='140695889' role='' />
    <member type='way' ref='380968722' role='' />
    <member type='way' ref='380968721' role='' />
    <member type='way' ref='375780484' role='' />
    <member type='way' ref='593522805' role='' />
    <member type='way' ref='581336988' role='' />
    <member type='way' ref='375780505' role='' />
    <member type='way' ref='581337009' role='' />
    <member type='way' ref='581337013' role='' />
    <member type='way' ref='375780497' role='' />
    <member type='way' ref='762702628' role='' />
    <member type='way' ref='1327838442' role='' />
    <member type='way' ref='385868996' role='' />
    <member type='way' ref='371480312' role='' />
    <member type='way' ref='1265826330' role='' />
    <member type='way' ref='1426224759' role='' />
    <member type='way' ref='1265826329' role='' />
    <member type='way' ref='1265826331' role='' />
    <member type='way' ref='387711739' role='' />
    <member type='way' ref='1504910631' role='' />
    <member type='way' ref='1504910632' role='' />
    <member type='way' ref='371480313' role='' />
    <member type='way' ref='371480315' role='' />
    <member type='way' ref='1554599349' role='' />
    <member type='way' ref='1377439258' role='' />
    <member type='way' ref='371480310' role='' />
    <member type='way' ref='478920353' role='' />
    <member type='way' ref='478920355' role='' />
    <member type='way' ref='593522798' role='' />
    <member type='way' ref='474018435' role='' />
    <member type='way' ref='1257258836' role='' />
    <member type='way' ref='474018434' role='' />
    <member type='way' ref='474018478' role='' />
    <member type='way' ref='1098777461' role='' />
    <member type='way' ref='478403199' role='' />
    <member type='way' ref='1245673248' role='' />
    <member type='way' ref='1187434909' role='' />
    <member type='way' ref='1257583550' role='' />
    <member type='way' ref='1257583551' role='' />
    <member type='way' ref='1022255113' role='' />
    <member type='way' ref='1122601120' role='' />
    <member type='way' ref='478339919' role='' />
    <member type='way' ref='1258563012' role='' />
    <member type='way' ref='1258563014' role='' />
    <member type='way' ref='478339921' role='' />
    <member type='way' ref='1447303661' role='' />
    <member type='way' ref='564147569' role='' />
    <member type='way' ref='564151314' role='' />
    <member type='way' ref='1333269345' role='' />
    <member type='way' ref='564151313' role='' />
    <member type='way' ref='474018453' role='' />
    <tag k='check_date' v='2026-04-23' />
    <tag k='colour' v='#eb5f78' />
    <tag k='from' v='Sídliště Petřiny' />
    <tag k='gtfs:agency_name' v='Pražská integrovaná doprava' />
    <tag k='gtfs:agency_url' v='https://pid.cz' />
    <tag k='gtfs:route_id' v='L1' />
    <tag k='gtfs:shape_id' v='L1V3' />
    <tag k='gtfs:trip_id:sample' v='1_1930_221217' />
    <tag k='name' v='Tram 1: Sídliště Petřiny ⇒ Výstaviště' />
    <tag k='network' v='Pražská integrovaná doprava' />
    <tag k='network:short' v='PID' />
    <tag k='network:wikidata' v='Q2108171' />
    <tag k='network:wikipedia' v='cs:Pražská integrovaná doprava' />
    <tag k='note' v='výluka Libeňský most' />
    <tag k='operator' v='Dopravní podnik hl. m. Prahy' />
    <tag k='operator:short' v='DPP' />
    <tag k='operator:wikidata' v='Q381100' />
    <tag k='operator:wikipedia' v='cs:Dopravní podnik hl. m. Prahy' />
    <tag k='public_transport:version' v='2' />
    <tag k='ref' v='1' />
    <tag k='route' v='tram' />
    <tag k='source' v='CZ:ROPID' />
    <tag k='to' v='Výstaviště' />
    <tag k='type' v='route' />
    <tag k='website' v='https://pid.cz/linka/1' />
    <tag k='wikidata' v='Q16655728' />
  </relation>
  <relation id='16871805' action='modify' timestamp='2026-09-08T12:39:46Z' uid='12087838' user='Bilykralik16' visible='true' version='47' changeset='188720495'>
    <member type='way' ref='115703534' role='' />
    <member type='way' ref='96861224' role='' />
    <member type='way' ref='96861230' role='' />
    <member type='way' ref='96861222' role='' />
    <member type='way' ref='567460454' role='' />
    <member type='way' ref='651688754' role='' />
    <member type='way' ref='495547703' role='' />
    <member type='way' ref='495547707' role='' />
    <member type='way' ref='96863490' role='' />
    <member type='way' ref='320381806' role='' />
    <member type='way' ref='1124831707' role='' />
    <member type='way' ref='230711282' role='' />
    <member type='way' ref='338459449' role='' />
    <member type='way' ref='282223338' role='' />
    <member type='way' ref='292852143' role='' />
    <member type='way' ref='280461753' role='' />
    <member type='way' ref='1095763094' role='' />
    <member type='way' ref='112242465' role='' />
    <member type='way' ref='130544894' role='' />
    <member type='way' ref='283764032' role='' />
    <member type='way' ref='681068478' role='' />
    <member type='way' ref='435129599' role='' />
    <member type='way' ref='283764031' role='' />
    <member type='way' ref='951687399' role='' />
    <member type='way' ref='971536419' role='' />
    <member type='way' ref='24733423' role='' />
    <member type='way' ref='32840487' role='' />
    <member type='way' ref='219583519' role='' />
    <member type='way' ref='32840486' role='' />
    <member type='way' ref='435129600' role='' />
    <member type='way' ref='863752373' role='' />
    <member type='way' ref='1029026816' role='' />
    <member type='way' ref='1029026834' role='' />
    <member type='way' ref='863752382' role='' />
    <member type='way' ref='863752380' role='' />
    <member type='way' ref='24664327' role='' />
    <member type='way' ref='863752377' role='' />
    <member type='way' ref='863752378' role='' />
    <member type='way' ref='1029026833' role='' />
    <member type='way' ref='409250355' role='' />
    <member type='way' ref='265175281' role='' />
    <member type='way' ref='131314354' role='' />
    <member type='way' ref='131314355' role='' />
    <member type='way' ref='1029026831' role='' />
    <member type='way' ref='1029026832' role='' />
    <member type='way' ref='24091009' role='' />
    <member type='way' ref='172984679' role='' />
    <member type='way' ref='172984691' role='' />
    <member type='way' ref='1029026829' role='' />
    <member type='way' ref='302130018' role='' />
    <member type='way' ref='616310957' role='' />
    <member type='way' ref='556538512' role='' />
    <member type='way' ref='1029026818' role='' />
    <member type='way' ref='1029026827' role='' />
    <member type='way' ref='104692428' role='' />
    <member type='way' ref='1029026826' role='' />
    <member type='way' ref='288619720' role='' />
    <member type='way' ref='192761518' role='' />
    <member type='way' ref='1085802726' role='' />
    <member type='way' ref='1085802725' role='' />
    <member type='way' ref='1085802725' role='' />
    <member type='way' ref='1085802726' role='' />
    <member type='way' ref='215360121' role='' />
    <member type='way' ref='192164587' role='' />
    <member type='way' ref='43386542' role='' />
    <member type='way' ref='433225556' role='' />
    <member type='way' ref='433225559' role='' />
    <member type='way' ref='182194831' role='' />
    <member type='way' ref='26595420' role='' />
    <member type='way' ref='42085057' role='' />
    <member type='way' ref='42085059' role='' />
    <member type='way' ref='42085058' role='' />
    <member type='way' ref='172978202' role='' />
    <member type='way' ref='172978205' role='' />
    <member type='way' ref='172978199' role='' />
    <member type='way' ref='172978200' role='' />
    <member type='way' ref='191801198' role='' />
    <member type='way' ref='191801194' role='' />
    <member type='way' ref='191801193' role='' />
    <member type='way' ref='191801200' role='' />
    <member type='way' ref='191801201' role='' />
    <member type='way' ref='191801197' role='' />
    <member type='way' ref='1234038581' role='' />
    <member type='way' ref='1234047690' role='' />
    <member type='way' ref='108493252' role='' />
    <member type='way' ref='1234047691' role='' />
    <member type='way' ref='1234047692' role='' />
    <member type='way' ref='1234047693' role='' />
    <member type='way' ref='108482577' role='' />
    <member type='way' ref='108482599' role='' />
    <member type='way' ref='8435060' role='' />
    <member type='way' ref='27854796' role='' />
    <member type='way' ref='490280375' role='' />
    <member type='way' ref='490280374' role='' />
    <member type='way' ref='27854800' role='' />
    <member type='way' ref='302736428' role='' />
    <member type='way' ref='302736400' role='' />
    <member type='way' ref='302736427' role='' />
    <member type='way' ref='27854804' role='' />
    <member type='way' ref='27854807' role='' />
    <member type='way' ref='27854805' role='' />
    <member type='way' ref='27854810' role='' />
    <member type='way' ref='426618342' role='' />
    <member type='way' ref='27854827' role='' />
    <member type='way' ref='44502802' role='' />
    <member type='way' ref='49436100' role='' />
    <member type='way' ref='49436101' role='' />
    <member type='way' ref='27854828' role='' />
    <member type='way' ref='49435889' role='' />
    <member type='way' ref='1085775343' role='' />
    <member type='way' ref='1085775344' role='' />
    <member type='way' ref='754905240' role='' />
    <member type='way' ref='1210723280' role='' />
    <member type='way' ref='1210723279' role='' />
    <member type='way' ref='868387264' role='' />
    <member type='way' ref='245445394' role='' />
    <member type='way' ref='868387265' role='' />
    <member type='way' ref='868387266' role='' />
    <member type='way' ref='800803717' role='' />
    <member type='way' ref='151879969' role='' />
    <member type='way' ref='27854789' role='' />
    <member type='way' ref='25810005' role='' />
    <member type='way' ref='68647679' role='' />
    <member type='way' ref='25810004' role='' />
    <member type='way' ref='25810003' role='' />
    <member type='way' ref='108474676' role='' />
    <member type='way' ref='295977191' role='' />
    <member type='way' ref='41157547' role='' />
    <member type='way' ref='47730523' role='' />
    <member type='way' ref='1118091433' role='' />
    <member type='way' ref='47730528' role='' />
    <member type='way' ref='41157552' role='' />
    <member type='way' ref='704149512' role='' />
    <member type='way' ref='884332334' role='' />
    <member type='way' ref='884332333' role='' />
    <member type='way' ref='41157546' role='' />
    <member type='way' ref='26769271' role='' />
    <member type='way' ref='8435095' role='' />
    <member type='way' ref='1118091432' role='' />
    <member type='way' ref='22738764' role='' />
    <member type='way' ref='26769269' role='' />
    <member type='way' ref='182282717' role='' />
    <member type='way' ref='30742006' role='' />
    <member type='way' ref='1234261736' role='' />
    <member type='way' ref='1214551049' role='' />
    <member type='way' ref='1214551048' role='' />
    <member type='way' ref='4595199' role='' />
    <member type='way' ref='1214551050' role='' />
    <member type='way' ref='34255724' role='' />
    <member type='way' ref='1029026821' role='' />
    <member type='way' ref='30167639' role='' />
    <member type='way' ref='34257747' role='' />
    <member type='way' ref='1550362587' role='' />
    <member type='way' ref='28545378' role='' />
    <member type='way' ref='1432250810' role='' />
    <member type='way' ref='34257743' role='' />
    <member type='way' ref='629410430' role='' />
    <member type='way' ref='313935948' role='' />
    <member type='way' ref='25809989' role='' />
    <member type='way' ref='221994120' role='' />
    <member type='way' ref='221994119' role='' />
    <member type='way' ref='194176833' role='' />
    <member type='way' ref='112386736' role='' />
    <member type='way' ref='866664898' role='' />
    <member type='way' ref='49155633' role='' />
    <member type='way' ref='194176840' role='' />
    <member type='way' ref='194176844' role='' />
    <member type='way' ref='1001248854' role='' />
    <member type='way' ref='1001248853' role='' />
    <member type='way' ref='49155616' role='' />
    <member type='way' ref='194176839' role='' />
    <member type='way' ref='751513075' role='' />
    <member type='way' ref='688830975' role='' />
    <member type='way' ref='688830973' role='' />
    <member type='way' ref='25400850' role='' />
    <member type='way' ref='1496525180' role='' />
    <member type='way' ref='68676985' role='' />
    <member type='way' ref='130415861' role='' />
    <member type='way' ref='68676984' role='' />
    <member type='way' ref='182282730' role='' />
    <member type='way' ref='182282728' role='' />
    <member type='way' ref='68676983' role='' />
    <member type='way' ref='669120081' role='' />
    <member type='way' ref='127677946' role='' />
    <member type='way' ref='127677947' role='' />
    <member type='way' ref='34180449' role='' />
    <member type='way' ref='1114860195' role='' />
    <member type='way' ref='759547756' role='' />
    <member type='way' ref='759547757' role='' />
    <member type='way' ref='1030792631' role='' />
    <member type='way' ref='1132033988' role='' />
    <member type='way' ref='654275418' role='' />
    <member type='way' ref='132105999' role='' />
    <member type='way' ref='234715780' role='' />
    <member type='way' ref='974833946' role='' />
    <member type='way' ref='974833947' role='' />
    <member type='way' ref='27119842' role='' />
    <member type='way' ref='25587638' role='' />
    <member type='way' ref='576668480' role='' />
    <member type='way' ref='34176887' role='' />
    <member type='way' ref='25582842' role='' />
    <member type='way' ref='25582848' role='' />
    <member type='way' ref='182651511' role='' />
    <member type='way' ref='194066387' role='' />
    <member type='way' ref='760124858' role='' />
    <member type='way' ref='1246299902' role='' />
    <member type='way' ref='234715778' role='' />
    <member type='way' ref='1234050588' role='' />
    <member type='way' ref='309865907' role='' />
    <member type='way' ref='309866656' role='' />
    <member type='way' ref='34327359' role='' />
    <member type='way' ref='389216546' role='' />
    <member type='way' ref='197682427' role='' />
    <member type='way' ref='1053310168' role='' />
    <member type='way' ref='1053310169' role='' />
    <member type='way' ref='33819556' role='' />
    <member type='way' ref='379097019' role='' />
    <member type='way' ref='197682426' role='' />
    <member type='way' ref='451613562' role='' />
    <member type='way' ref='451613563' role='' />
    <member type='way' ref='372765289' role='' />
    <member type='way' ref='389225208' role='' />
    <member type='way' ref='377095333' role='' />
    <member type='way' ref='389216547' role='' />
    <member type='way' ref='389216550' role='' />
    <member type='way' ref='420143111' role='' />
    <member type='way' ref='389216551' role='' />
    <member type='way' ref='451613557' role='' />
    <member type='way' ref='22758707' role='' />
    <member type='way' ref='22758706' role='' />
    <member type='way' ref='103298286' role='' />
    <member type='way' ref='26446072' role='' />
    <member type='way' ref='34105778' role='' />
    <member type='way' ref='34175674' role='' />
    <member type='way' ref='1419945425' role='' />
    <member type='way' ref='211768590' role='' />
    <member type='way' ref='34175673' role='' />
    <member type='way' ref='34175672' role='' />
    <member type='way' ref='94157207' role='' />
    <member type='way' ref='34175663' role='' />
    <member type='way' ref='25582862' role='' />
    <member type='way' ref='280988060' role='' />
    <member type='way' ref='123096250' role='' />
    <member type='way' ref='123096248' role='' />
    <member type='way' ref='34179555' role='' />
    <member type='way' ref='34175664' role='' />
    <member type='way' ref='408720840' role='' />
    <member type='way' ref='239032708' role='' />
    <member type='way' ref='128914712' role='' />
    <member type='way' ref='33432162' role='' />
    <member type='way' ref='34305421' role='' />
    <member type='way' ref='34305422' role='' />
    <member type='way' ref='34305423' role='' />
    <member type='way' ref='34305426' role='' />
    <member type='way' ref='34305427' role='' />
    <member type='way' ref='34305428' role='' />
    <member type='way' ref='985539883' role='' />
    <member type='way' ref='240075173' role='' />
    <member type='way' ref='4820031' role='' />
    <member type='way' ref='30757748' role='' />
    <member type='way' ref='30757754' role='' />
    <member type='way' ref='32398156' role='' />
    <member type='way' ref='215811015' role='' />
    <member type='way' ref='166061532' role='' />
    <member type='way' ref='34305430' role='' />
    <member type='way' ref='32398157' role='' />
    <member type='way' ref='1234052039' role='' />
    <member type='way' ref='1234052041' role='' />
    <member type='way' ref='197940493' role='' />
    <member type='way' ref='160125803' role='' />
    <member type='way' ref='34175079' role='' />
    <member type='way' ref='24599292' role='' />
    <member type='way' ref='34178986' role='' />
    <member type='way' ref='34179249' role='' />
    <member type='way' ref='297506177' role='' />
    <member type='way' ref='506450422' role='' />
    <member type='way' ref='24604642' role='' />
    <member type='way' ref='34179251' role='' />
    <member type='way' ref='24604664' role='' />
    <member type='way' ref='981297041' role='' />
    <member type='way' ref='981297043' role='' />
    <member type='way' ref='981297042' role='' />
    <member type='way' ref='415723597' role='' />
    <member type='way' ref='1059823433' role='' />
    <member type='way' ref='36287254' role='' />
    <member type='way' ref='181330053' role='' />
    <member type='way' ref='1234052781' role='' />
    <member type='way' ref='1234052782' role='' />
    <member type='way' ref='865321823' role='' />
    <member type='way' ref='123270014' role='' />
    <member type='way' ref='1234052785' role='' />
    <member type='way' ref='123332536' role='' />
    <member type='way' ref='12221515' role='' />
    <member type='way' ref='887937996' role='' />
    <member type='way' ref='863844580' role='' />
    <member type='way' ref='552523868' role='' />
    <member type='way' ref='1234054270' role='' />
    <member type='way' ref='1234054271' role='' />
    <member type='way' ref='487980732' role='' />
    <member type='way' ref='1365793847' role='' />
    <member type='way' ref='487980731' role='' />
    <member type='way' ref='1234054272' role='' />
    <member type='way' ref='1234054272' role='' />
    <member type='way' ref='377095330' role='' />
    <member type='way' ref='13331942' role='' />
    <member type='way' ref='1365793846' role='' />
    <member type='way' ref='1234054273' role='' />
    <member type='way' ref='337756266' role='' />
    <member type='way' ref='1234054274' role='' />
    <member type='way' ref='27119850' role='' />
    <member type='way' ref='27119848' role='' />
    <member type='way' ref='180490996' role='' />
    <member type='way' ref='309426056' role='' />
    <member type='way' ref='981696629' role='' />
    <member type='way' ref='180490995' role='' />
    <member type='way' ref='930976402' role='' />
    <member type='way' ref='1234054277' role='' />
    <member type='way' ref='180998340' role='' />
    <member type='way' ref='23315134' role='' />
    <member type='way' ref='1374209207' role='' />
    <member type='way' ref='1374209205' role='' />
    <member type='way' ref='32114980' role='' />
    <member type='way' ref='32114982' role='' />
    <member type='way' ref='683770051' role='' />
    <member type='way' ref='1234054280' role='' />
    <member type='way' ref='1436272185' role='' />
    <member type='way' ref='561232190' role='' />
    <member type='way' ref='561232191' role='' />
    <member type='way' ref='561232192' role='' />
    <member type='way' ref='151467206' role='' />
    <member type='way' ref='1234054282' role='' />
    <member type='way' ref='551005019' role='' />
    <member type='way' ref='142813849' role='' />
    <member type='way' ref='142813825' role='' />
    <member type='way' ref='153528583' role='' />
    <member type='way' ref='1234054283' role='' />
    <member type='way' ref='1234054284' role='' />
    <member type='way' ref='561617082' role='' />
    <member type='way' ref='561617084' role='' />
    <member type='way' ref='561617104' role='' />
    <member type='way' ref='1234054288' role='' />
    <member type='way' ref='562893893' role='' />
    <member type='way' ref='562886855' role='' />
    <member type='way' ref='562886855' role='' />
    <member type='way' ref='561617096' role='' />
    <member type='way' ref='561617095' role='' />
    <member type='way' ref='561617094' role='' />
    <member type='way' ref='33772568' role='' />
    <member type='way' ref='1234070744' role='' />
    <member type='way' ref='115199453' role='' />
    <member type='way' ref='27119869' role='' />
    <member type='way' ref='25401464' role='' />
    <member type='way' ref='375062141' role='' />
    <member type='way' ref='26427950' role='' />
    <member type='way' ref='25401432' role='' />
    <member type='way' ref='133363543' role='' />
    <member type='way' ref='33547199' role='' />
    <member type='way' ref='903794494' role='' />
    <member type='way' ref='78473229' role='' />
    <member type='way' ref='25401456' role='' />
    <member type='way' ref='128487285' role='' />
    <member type='way' ref='1426448844' role='' />
    <member type='way' ref='25401460' role='' />
    <member type='way' ref='1180016653' role='' />
    <member type='way' ref='26427962' role='' />
    <member type='way' ref='1234070748' role='' />
    <member type='way' ref='25401459' role='' />
    <member type='way' ref='41198335' role='' />
    <member type='way' ref='1287077066' role='' />
    <member type='way' ref='31768759' role='' />
    <member type='way' ref='398651537' role='' />
    <member type='way' ref='557677985' role='' />
    <member type='way' ref='557677984' role='' />
    <member type='way' ref='27123925' role='' />
    <member type='way' ref='1234070752' role='' />
    <member type='way' ref='27123918' role='' />
    <member type='way' ref='216401268' role='' />
    <member type='way' ref='26285810' role='' />
    <member type='way' ref='482520286' role='' />
    <member type='way' ref='26285385' role='' />
    <member type='way' ref='26285384' role='' />
    <member type='way' ref='345735566' role='' />
    <member type='way' ref='1053346926' role='' />
    <member type='way' ref='436779526' role='' />
    <member type='way' ref='27123749' role='' />
    <member type='way' ref='1234070755' role='' />
    <member type='way' ref='903390587' role='' />
    <member type='way' ref='251236601' role='' />
    <member type='way' ref='1390910024' role='' />
    <member type='way' ref='317330282' role='' />
    <member type='way' ref='478850037' role='' />
    <member type='way' ref='1234071606' role='' />
    <member type='way' ref='26936955' role='' />
    <member type='way' ref='26426943' role='' />
    <member type='way' ref='26936954' role='' />
    <member type='way' ref='934416871' role='' />
    <member type='way' ref='1169649363' role='' />
    <member type='way' ref='654322718' role='' />
    <member type='way' ref='1169649360' role='' />
    <member type='way' ref='1234071609' role='' />
    <member type='way' ref='1234071608' role='' />
    <member type='way' ref='1219488162' role='' />
    <member type='way' ref='1219488163' role='' />
    <member type='way' ref='1219488164' role='' />
    <member type='way' ref='1372638049' role='' />
    <member type='way' ref='1234071610' role='' />
    <member type='way' ref='1219488167' role='' />
    <member type='way' ref='1234071611' role='' />
    <member type='way' ref='34686223' role='' />
    <member type='way' ref='34686206' role='' />
    <member type='way' ref='30029099' role='' />
    <member type='way' ref='1234071613' role='' />
    <member type='way' ref='388837578' role='' />
    <member type='way' ref='429064050' role='' />
    <member type='way' ref='387651543' role='' />
    <member type='way' ref='1220983712' role='' />
    <member type='way' ref='420149902' role='' />
    <member type='way' ref='766701091' role='' />
    <member type='way' ref='32889646' role='' />
    <member type='way' ref='510460505' role='' />
    <member type='way' ref='766701093' role='' />
    <member type='way' ref='1234073355' role='' />
    <member type='way' ref='64781693' role='' />
    <member type='way' ref='725301899' role='' />
    <member type='way' ref='35564514' role='' />
    <member type='way' ref='420149917' role='' />
    <member type='way' ref='278036674' role='' />
    <member type='way' ref='278040353' role='' />
    <member type='way' ref='923134067' role='' />
    <member type='way' ref='923134066' role='' />
    <member type='way' ref='923134058' role='' />
    <member type='way' ref='923134063' role='' />
    <member type='way' ref='1234073357' role='' />
    <member type='way' ref='483078958' role='' />
    <member type='way' ref='483078959' role='' />
    <member type='way' ref='8111326' role='' />
    <member type='way' ref='1234073358' role='' />
    <member type='way' ref='27580897' role='' />
    <member type='way' ref='30170319' role='' />
    <member type='way' ref='30029076' role='' />
    <member type='way' ref='759223937' role='' />
    <member type='way' ref='594768036' role='' />
    <member type='way' ref='30029075' role='' />
    <member type='way' ref='594768035' role='' />
    <member type='way' ref='1234073360' role='' />
    <member type='way' ref='483078961' role='' />
    <member type='way' ref='725301893' role='' />
    <member type='way' ref='483078960' role='' />
    <member type='way' ref='8111330' role='' />
    <member type='way' ref='164469263' role='' />
    <member type='way' ref='164469262' role='' />
    <member type='way' ref='1142103905' role='' />
    <member type='way' ref='1234073364' role='' />
    <member type='way' ref='1473734450' role='' />
    <member type='way' ref='1234073365' role='' />
    <member type='way' ref='200063782' role='' />
    <member type='way' ref='1234073368' role='' />
    <member type='way' ref='1473719831' role='' />
    <member type='way' ref='27301890' role='' />
    <member type='way' ref='115199351' role='' />
    <member type='way' ref='255376164' role='' />
    <member type='way' ref='27122513' role='' />
    <member type='way' ref='28492287' role='' />
    <member type='way' ref='28492286' role='' />
    <member type='way' ref='26623072' role='' />
    <member type='way' ref='482069109' role='' />
    <member type='way' ref='1234073370' role='' />
    <member type='way' ref='1234073372' role='' />
    <member type='way' ref='884738461' role='' />
    <member type='way' ref='1234073373' role='' />
    <member type='way' ref='1234073374' role='' />
    <member type='way' ref='126256308' role='' />
    <member type='way' ref='27122507' role='' />
    <member type='way' ref='93486516' role='' />
    <member type='way' ref='93486560' role='' />
    <member type='way' ref='494691191' role='' />
    <member type='way' ref='494691190' role='' />
    <member type='way' ref='93484357' role='' />
    <member type='way' ref='1234073376' role='' />
    <member type='way' ref='4053134' role='' />
    <member type='way' ref='93480380' role='' />
    <member type='way' ref='93480389' role='' />
    <member type='way' ref='26937454' role='' />
    <member type='way' ref='1234076187' role='' />
    <member type='way' ref='74171493' role='' />
    <member type='way' ref='963908576' role='' />
    <member type='way' ref='963908577' role='' />
    <member type='way' ref='74171496' role='' />
    <member type='way' ref='137806764' role='' />
    <member type='way' ref='1234076188' role='' />
    <member type='way' ref='1353634449' role='' />
    <member type='way' ref='141509442' role='' />
    <member type='way' ref='1353634448' role='' />
    <member type='way' ref='1234076189' role='' />
    <member type='way' ref='250682928' role='' />
    <member type='way' ref='671706735' role='' />
    <member type='way' ref='141509469' role='' />
    <member type='way' ref='1393111530' role='' />
    <member type='way' ref='1393111529' role='' />
    <member type='way' ref='133330975' role='' />
    <member type='way' ref='1234076190' role='' />
    <member type='way' ref='138244926' role='' />
    <member type='way' ref='138244927' role='' />
    <member type='way' ref='138244928' role='' />
    <member type='way' ref='1133112136' role='' />
    <member type='way' ref='938201517' role='' />
    <member type='way' ref='138244923' role='' />
    <member type='way' ref='974052774' role='' />
    <member type='way' ref='974052773' role='' />
    <member type='way' ref='974052775' role='' />
    <member type='way' ref='1234076192' role='' />
    <member type='way' ref='351280741' role='' />
    <member type='way' ref='78879992' role='' />
    <member type='way' ref='78879993' role='' />
    <member type='way' ref='927494534' role='' />
    <member type='way' ref='1234076193' role='' />
    <member type='way' ref='141514489' role='' />
    <member type='way' ref='913801129' role='' />
    <member type='way' ref='948419431' role='' />
    <member type='way' ref='913801125' role='' />
    <member type='way' ref='913801128' role='' />
    <member type='way' ref='24376649' role='' />
    <member type='way' ref='1013257296' role='' />
    <member type='way' ref='1013258244' role='' />
    <member type='way' ref='24376650' role='' />
    <member type='way' ref='255297771' role='' />
    <member type='way' ref='255297789' role='' />
    <member type='way' ref='1234076195' role='' />
    <member type='way' ref='27762644' role='' />
    <member type='way' ref='274248313' role='' />
    <member type='way' ref='274248315' role='' />
    <member type='way' ref='1286664248' role='' />
    <member type='way' ref='274248317' role='' />
    <member type='way' ref='1339092361' role='' />
    <member type='way' ref='246609390' role='' />
    <member type='way' ref='1456268419' role='' />
    <member type='way' ref='25582858' role='' />
    <member type='way' ref='389216549' role='' />
    <member type='way' ref='520763095' role='' />
    <member type='way' ref='520763096' role='' />
    <member type='way' ref='688878737' role='' />
    <member type='way' ref='309866142' role='' />
    <tag k='colour' v='green' />
    <tag k='complete' v='yes' />
    <tag k='distance' v='70 km' />
    <tag k='from' v='Mělník' />
    <tag k='name' v='Via Czechia - Středozemím (3. Dolní Povltaví)' />
    <tag k='network' v='nwn' />
    <tag k='operator' v='Via Czechia' />
    <tag k='osmc:symbol' v='green:green_diamond_line:green_fork' />
    <tag k='ref' v='VIA-CZE-403' />
    <tag k='route' v='hiking' />
    <tag k='to' v='Praha' />
    <tag k='type' v='route' />
    <tag k='website' v='https://viaczechia.cz/stezka-stredozemim-dolni-povltavi/' />
  </relation>
  <relation id='16919424' timestamp='2026-09-04T13:56:52Z' uid='10630524' user='Fjana' visible='true' version='11' changeset='188527014'>
    <member type='way' ref='1515133516' role='' />
    <member type='way' ref='1232958383' role='' />
    <member type='way' ref='674715628' role='alternative' />
    <member type='way' ref='743119885' role='alternative' />
    <member type='way' ref='674715631' role='' />
    <member type='way' ref='1461657227' role='' />
    <member type='relation' ref='16871314' role='' />
    <member type='relation' ref='16871590' role='' />
    <member type='relation' ref='16871805' role='' />
    <member type='relation' ref='16873269' role='' />
    <member type='relation' ref='16874215' role='' />
    <member type='relation' ref='16875659' role='' />
    <member type='relation' ref='16875743' role='' />
    <member type='relation' ref='16877172' role='' />
    <tag k='colour' v='green' />
    <tag k='complete' v='yes' />
    <tag k='distance' v='570' />
    <tag k='from' v='Nejsevernější bod ČR' />
    <tag k='name' v='Via Czechia - Stezka středozemím (pěší)' />
    <tag k='osmc:symbol' v='green:green_diamond_line:green_fork' />
    <tag k='reference' v='VIA-CZE' />
    <tag k='route' v='hiking' />
    <tag k='to' v='Nejjižnější bod ČR' />
    <tag k='type' v='route' />
    <tag k='website' v='https://viaczechia.cz/stezka-stredozemim/' />
    <tag k='wikidata' v='Q117100615' />
  </relation>
</osm>
