<?xml version="1.0" encoding="UTF-8"?><kml xmlns="http://earth.google.com/kml/2.0">"
<Folder><name>out/navmap-praha-stromovka.kml</name>
<Style id="style1"><IconStyle><scale>0.5</scale><Icon><href>http://earth.google.com/images/kml-icons/track-directional/track-none.png</href></Icon></IconStyle></Style>
<Style id="style2"><IconStyle><scale>0.8</scale><color>ff00ff00</color><Icon><href>http://maps.google.com/mapfiles/kml/shapes/star.png</href></Icon></IconStyle></Style>
<Style id="style3"><IconStyle><scale>0.6</scale><color>ff808080</color><Icon><href>http://maps.google.com/mapfiles/kml/shapes/forbidden.png</href></Icon></IconStyle></Style>
<Style id="style4"><IconStyle><scale>0.6</scale><color>ff00ff00</color><Icon><href>http://maps.google.com/mapfiles/kml/shapes/placemark_circle.png</href></Icon></IconStyle></Style>
<Style id="lstyle1"><LineStyle><color>FFFF0000</color><width>2</width></LineStyle></Style>
<Style id="lstyle2"><LineStyle><color>FF00FF00</color><width>2</width></LineStyle></Style>
<Style id="lstyle3"><LineStyle><color>FF0000FF</color><width>2</width></LineStyle></Style>
<Folder><name>navigationPoint</name>
<Placemark><description>point_idx=3</description><name>S1</name><styleUrl>style4</styleUrl><Point><altitudeMode>clampToGround</altitudeMode><coordinates>14.4183203,50.1033088</coordinates></Point></Placemark>
<Placemark><description>point_idx=4</description><name>S2</name><styleUrl>style4</styleUrl><Point><altitudeMode>clampToGround</altitudeMode><coordinates>14.4193746,50.1040866</coordinates></Point></Placemark>
<Placemark><description>point_idx=5</description><name>S3</name><styleUrl>style4</styleUrl><Point><altitudeMode>clampToGround</altitudeMode><coordinates>14.4256195,50.1035353</coordinates></Point></Placemark>
<Placemark><description>point_idx=6</description><name>E1</name><styleUrl>style4</styleUrl><Point><altitudeMode>clampToGround</altitudeMode><coordinates>14.4270630,50.1052359</coordinates></Point></Placemark>
<Placemark><description>point_idx=7</description><name>E2</name><styleUrl>style4</styleUrl><Point><altitudeMode>clampToGround</altitudeMode><coordinates>14.4266813,50.1069741</coordinates></Point></Placemark>
<Placemark><description>point_idx=8</description><name>E3</name><styleUrl>style4</styleUrl><Point><altitudeMode>clampToGround</altitudeMode><coordinates>14.4255388,50.1094117</coordinates></Point></Placemark>
<Placemark><description>point_idx=9</description><name>E4</name><styleUrl>style4</styleUrl><Point><altitudeMode>clampToGround</altitudeMode><coordinates>14.4305922,50.1040858</coordinates></Point></Placemark>
<Placemark><description>point_idx=10</description><name>E5</name><styleUrl>style4</styleUrl><Point><altitudeMode>clampToGround</altitudeMode><coordinates>14.4241221,50.1078878</coordinates></Point></Placemark>
<Placemark><description>point_idx=11</description><name>N1</name><styleUrl>style4</styleUrl><Point><altitudeMode>clampToGround</altitudeMode><coordinates>14.4179858,50.1104602</coordinates></Point></Placemark>
<Placemark><description>point_idx=12</description><name>N2</name><styleUrl>style4</styleUrl><Point><altitudeMode>clampToGround</altitudeMode><coordinates>14.4188885,50.1086769</coordinates></Point></Placemark>
<Placemark><description>point_idx=13</description><name>N3</name><styleUrl>style4</styleUrl><Point><altitudeMode>clampToGround</altitudeMode><coordinates>14.4136948,50.1101501</coordinates></Point></Placemark>
<Placemark><description>point_idx=14</description><name>N4</name><styleUrl>style4</styleUrl><Point><altitudeMode>clampToGround</altitudeMode><coordinates>14.4126175,50.1102530</coordinates></Point></Placemark>
<Placemark><description>point_idx=15</description><name>W1</name><styleUrl>style4</styleUrl><Point><altitudeMode>clampToGround</altitudeMode><coordinates>14.4067231,50.1068641</coordinates></Point></Placemark>
<Placemark><description>point_idx=16</description><name>W2</name><styleUrl>style4</styleUrl><Point><altitudeMode>clampToGround</altitudeMode><coordinates>14.4096155,50.1050652</coordinates></Point></Placemark>
<Placemark><description>point_idx=17</description><name>W3</name><styleUrl>style4</styleUrl><Point><altitudeMode>clampToGround</altitudeMode><coordinates>14.4121577,50.1075558</coordinates></Point></Placemark>
<Placemark><description>point_idx=18</description><name>M1</name><styleUrl>style4</styleUrl><Point><altitudeMode>clampToGround</altitudeMode><coordinates>14.4166765,50.1061250</coordinates></Point></Placemark>
<Placemark><description>point_idx=19</description><name>M2</name><styleUrl>style4</styleUrl><Point><altitudeMode>clampToGround</altitudeMode><coordinates>14.4168474,50.1049963</coordinates></Point></Placemark>
<Placemark><description>point_idx=20</description><name>M3</name><styleUrl>style4</styleUrl><Point><altitudeMode>clampToGround</altitudeMode><coordinates>14.4220658,50.1071945</coordinates></Point></Placemark>
<Placemark><description>point_idx=21</description><name>M4</name><styleUrl>style4</styleUrl><Point><altitudeMode>clampToGround</altitudeMode><coordinates>14.4175842,50.1075886</coordinates></Point></Placemark>
<Placemark><description>point_idx=22</description><name>M5</name><styleUrl>style4</styleUrl><Point><altitudeMode>clampToGround</altitudeMode><coordinates>14.4131893,50.1057298</coordinates></Point></Placemark>
<Placemark><description>point_idx=23</description><name>M6</name><styleUrl>style4</styleUrl><Point><altitudeMode>clampToGround</altitudeMode><coordinates>14.4217072,50.1048489</coordinates></Point></Placemark>
<Placemark><description>point_idx=24</description><name>M7</name><styleUrl>style4</styleUrl><Point><altitudeMode>clampToGround</altitudeMode><coordinates>14.4149806,50.1076221</coordinates></Point></Placemark>
</Folder>
<Folder><name>navMapNode</name>
<Placemark><description>node_id=94050571</description><name></name><styleUrl>style1</styleUrl><Point><altitudeMode>clampToGround</altitudeMode><coordinates>14.4089429,50.1039461</coordinates></Point></Placemark>
<Placemark><description>node_id=252418908</description><name></name><styleUrl>style1</styleUrl><Point><altitudeMode>clampToGround</altitudeMode><coordinates>14.4195036,50.1087337</coordinates></Point></Placemark>
<Placemark><description>node_id=252418917</description><name></name><styleUrl>style1</styleUrl><Point><altitudeMode>clampToGround</altitudeMode><coordinates>14.4240872,50.1079195</coordinates></Point></Placemark>
<Placemark><description>node_id=252418946</description><name></name><styleUrl>style1</styleUrl><Point><altitudeMode>clampToGround</altitudeMode><coordinates>14.4216336,50.1074404</coordinates></Point></Placemark>
<Placemark><description>node_id=252418951</description><name></name><styleUrl>style1</styleUrl><Point><altitudeMode>clampToGround</altitudeMode><coordinates>14.4220034,50.1067164</coordinates></Point></Placemark>
<Placemark><description>node_id=252418954</description><name></name><styleUrl>style1</styleUrl><Point><altitudeMode>clampToGround</altitudeMode><coordinates>14.4231361,50.1061394</coordinates></Point></Placemark>
<Placemark><description>node_id=252418958</description><name></name><styleUrl>style1</styleUrl><Point><altitudeMode>clampToGround</altitudeMode><coordinates>14.4232244,50.1060425</coordinates></Point></Placemark>
<Placemark><description>node_id=252418961</description><name></name><styleUrl>style1</styleUrl><Point><altitudeMode>clampToGround</altitudeMode><coordinates>14.4202908,50.1085346</coordinates></Point></Placemark>
<Placemark><description>node_id=252419002</description><name></name><styleUrl>style1</styleUrl><Point><altitudeMode>clampToGround</altitudeMode><coordinates>14.4240754,50.1078593</coordinates></Point></Placemark>
<Placemark><description>node_id=252419010</description><name></name><styleUrl>style1</styleUrl><Point><altitudeMode>clampToGround</altitudeMode><coordinates>14.4176767,50.1076126</coordinates></Point></Placemark>
<Placemark><description>node_id=252419011</description><name></name><styleUrl>style1</styleUrl><Point><altitudeMode>clampToGround</altitudeMode><coordinates>14.4185295,50.1074208</coordinates></Point></Placemark>
<Placemark><description>node_id=252419102</description><name></name><styleUrl>style1</styleUrl><Point><altitudeMode>clampToGround</altitudeMode><coordinates>14.4164565,50.1067971</coordinates></Point></Placemark>
<Placemark><description>node_id=252419103</description><name></name><styleUrl>style1</styleUrl><Point><altitudeMode>clampToGround</altitudeMode><coordinates>14.4165048,50.1069179</coordinates></Point></Placemark>
<Placemark><description>node_id=252419107</description><name></name><styleUrl>style1</styleUrl><Point><altitudeMode>clampToGround</altitudeMode><coordinates>14.4175172,50.1075950</coordinates></Point></Placemark>
<Placemark><description>node_id=252419263</description><name></name><styleUrl>style1</styleUrl><Point><altitudeMode>clampToGround</altitudeMode><coordinates>14.4230498,50.1059956</coordinates></Point></Placemark>
<Placemark><description>node_id=252419265</description><name></name><styleUrl>style1</styleUrl><Point><altitudeMode>clampToGround</altitudeMode><coordinates>14.4231218,50.1058723</coordinates></Point></Placemark>
<Placemark><description>node_id=252419273</description><name></name><styleUrl>style1</styleUrl><Point><altitudeMode>clampToGround</altitudeMode><coordinates>14.4276708,50.1051376</coordinates></Point></Placemark>
<Placemark><description>node_id=252419275</description><name></name><styleUrl>style1</styleUrl><Point><altitudeMode>clampToGround</altitudeMode><coordinates>14.4286622,50.1051835</coordinates></Point></Placemark>
<Placemark><description>node_id=275620083</description><name></name><styleUrl>style1</styleUrl><Point><altitudeMode>clampToGround</altitudeMode><coordinates>14.4179858,50.1104602</coordinates></Point></Placemark>
<Placemark><description>node_id=275620084</description><name></name><styleUrl>style1</styleUrl><Point><altitudeMode>clampToGround</altitudeMode><coordinates>14.4189928,50.1086088</coordinates></Point></Placemark>
<Placemark><description>node_id=275620088</description><name></name><styleUrl>style1</styleUrl><Point><altitudeMode>clampToGround</altitudeMode><coordinates>14.4149806,50.1076221</coordinates></Point></Placemark>
<Placemark><description>node_id=275620089</description><name></name><styleUrl>style1</styleUrl><Point><altitudeMode>clampToGround</altitudeMode><coordinates>14.4152732,50.1064948</coordinates></Point></Placemark>
<Placemark><description>node_id=275620091</description><name></name><styleUrl>style1</styleUrl><Point><altitudeMode>clampToGround</altitudeMode><coordinates>14.4154803,50.1056949</coordinates></Point></Placemark>
<Placemark><description>node_id=275620092</description><name></name><styleUrl>style1</styleUrl><Point><altitudeMode>clampToGround</altitudeMode><coordinates>14.4155816,50.1053797</coordinates></Point></Placemark>
<Placemark><description>node_id=275620094</description><name></name><styleUrl>style1</styleUrl><Point><altitudeMode>clampToGround</altitudeMode><coordinates>14.4192524,50.1050266</coordinates></Point></Placemark>
<Placemark><description>node_id=275620097</description><name></name><styleUrl>style1</styleUrl><Point><altitudeMode>clampToGround</altitudeMode><coordinates>14.4211510,50.1054987</coordinates></Point></Placemark>
<Placemark><description>node_id=275620114</description><name></name><styleUrl>style1</styleUrl><Point><altitudeMode>clampToGround</altitudeMode><coordinates>14.4269229,50.1049944</coordinates></Point></Placemark>
<Placemark><description>node_id=275620116</description><name></name><styleUrl>style1</styleUrl><Point><altitudeMode>clampToGround</altitudeMode><coordinates>14.4291699,50.1042986</coordinates></Point></Placemark>
<Placemark><description>node_id=275620124</description><name></name><styleUrl>style1</styleUrl><Point><altitudeMode>clampToGround</altitudeMode><coordinates>14.4257460,50.1032639</coordinates></Point></Placemark>
<Placemark><description>node_id=275620128</description><name></name><styleUrl>style1</styleUrl><Point><altitudeMode>clampToGround</altitudeMode><coordinates>14.4232364,50.1029875</coordinates></Point></Placemark>
<Placemark><description>node_id=275620344</description><name></name><styleUrl>style1</styleUrl><Point><altitudeMode>clampToGround</altitudeMode><coordinates>14.4193763,50.1107450</coordinates></Point></Placemark>
<Placemark><description>node_id=276825430</description><name></name><styleUrl>style1</styleUrl><Point><altitudeMode>clampToGround</altitudeMode><coordinates>14.4051452,50.1069534</coordinates></Point></Placemark>
<Placemark><description>node_id=276825437</description><name></name><styleUrl>style1</styleUrl><Point><altitudeMode>clampToGround</altitudeMode><coordinates>14.4066815,50.1059199</coordinates></Point></Placemark>
<Placemark><description>node_id=276825445</description><name></name><styleUrl>style1</styleUrl><Point><altitudeMode>clampToGround</altitudeMode><coordinates>14.4096155,50.1050652</coordinates></Point></Placemark>
<Placemark><description>node_id=276825448</description><name></name><styleUrl>style1</styleUrl><Point><altitudeMode>clampToGround</altitudeMode><coordinates>14.4104397,50.1053079</coordinates></Point></Placemark>
<Placemark><description>node_id=276825451</description><name></name><styleUrl>style1</styleUrl><Point><altitudeMode>clampToGround</altitudeMode><coordinates>14.4113627,50.1061607</coordinates></Point></Placemark>
<Placemark><description>node_id=276825460</description><name></name><styleUrl>style1</styleUrl><Point><altitudeMode>clampToGround</altitudeMode><coordinates>14.4068086,50.1059923</coordinates></Point></Placemark>
<Placemark><description>node_id=276825463</description><name></name><styleUrl>style1</styleUrl><Point><altitudeMode>clampToGround</altitudeMode><coordinates>14.4066495,50.1067096</coordinates></Point></Placemark>
<Placemark><description>node_id=276825465</description><name></name><styleUrl>style1</styleUrl><Point><altitudeMode>clampToGround</altitudeMode><coordinates>14.4067231,50.1068641</coordinates></Point></Placemark>
<Placemark><description>node_id=276825467</description><name></name><styleUrl>style1</styleUrl><Point><altitudeMode>clampToGround</altitudeMode><coordinates>14.4073063,50.1069989</coordinates></Point></Placemark>
<Placemark><description>node_id=276825484</description><name></name><styleUrl>style1</styleUrl><Point><altitudeMode>clampToGround</altitudeMode><coordinates>14.4133050,50.1087540</coordinates></Point></Placemark>
<Placemark><description>node_id=276825494</description><name></name><styleUrl>style1</styleUrl><Point><altitudeMode>clampToGround</altitudeMode><coordinates>14.4159572,50.1103477</coordinates></Point></Placemark>
<Placemark><description>node_id=276825499</description><name></name><styleUrl>style1</styleUrl><Point><altitudeMode>clampToGround</altitudeMode><coordinates>14.4165307,50.1103863</coordinates></Point></Placemark>
<Placemark><description>node_id=276825503</description><name></name><styleUrl>style1</styleUrl><Point><altitudeMode>clampToGround</altitudeMode><coordinates>14.4133731,50.1052224</coordinates></Point></Placemark>
<Placemark><description>node_id=276825509</description><name></name><styleUrl>style1</styleUrl><Point><altitudeMode>clampToGround</altitudeMode><coordinates>14.4123826,50.1055971</coordinates></Point></Placemark>
<Placemark><description>node_id=276825513</description><name></name><styleUrl>style1</styleUrl><Point><altitudeMode>clampToGround</altitudeMode><coordinates>14.4158319,50.1059593</coordinates></Point></Placemark>
<Placemark><description>node_id=276825527</description><name></name><styleUrl>style1</styleUrl><Point><altitudeMode>clampToGround</altitudeMode><coordinates>14.4152050,50.1057682</coordinates></Point></Placemark>
<Placemark><description>node_id=276825530</description><name></name><styleUrl>style1</styleUrl><Point><altitudeMode>clampToGround</altitudeMode><coordinates>14.4166765,50.1061250</coordinates></Point></Placemark>
<Placemark><description>node_id=276825534</description><name></name><styleUrl>style1</styleUrl><Point><altitudeMode>clampToGround</altitudeMode><coordinates>14.4159377,50.1065520</coordinates></Point></Placemark>
<Placemark><description>node_id=276825536</description><name></name><styleUrl>style1</styleUrl><Point><altitudeMode>clampToGround</altitudeMode><coordinates>14.4184654,50.1067099</coordinates></Point></Placemark>
<Placemark><description>node_id=276825544</description><name></name><styleUrl>style1</styleUrl><Point><altitudeMode>clampToGround</altitudeMode><coordinates>14.4172265,50.1054234</coordinates></Point></Placemark>
<Placemark><description>node_id=276825554</description><name></name><styleUrl>style1</styleUrl><Point><altitudeMode>clampToGround</altitudeMode><coordinates>14.4183078,50.1063363</coordinates></Point></Placemark>
<Placemark><description>node_id=276825556</description><name></name><styleUrl>style1</styleUrl><Point><altitudeMode>clampToGround</altitudeMode><coordinates>14.4179872,50.1056579</coordinates></Point></Placemark>
<Placemark><description>node_id=276825564</description><name></name><styleUrl>style1</styleUrl><Point><altitudeMode>clampToGround</altitudeMode><coordinates>14.4188827,50.1060573</coordinates></Point></Placemark>
<Placemark><description>node_id=276825568</description><name></name><styleUrl>style1</styleUrl><Point><altitudeMode>clampToGround</altitudeMode><coordinates>14.4065648,50.1076862</coordinates></Point></Placemark>
<Placemark><description>node_id=276825578</description><name></name><styleUrl>style1</styleUrl><Point><altitudeMode>clampToGround</altitudeMode><coordinates>14.4213392,50.1064920</coordinates></Point></Placemark>
<Placemark><description>node_id=276825594</description><name></name><styleUrl>style1</styleUrl><Point><altitudeMode>clampToGround</altitudeMode><coordinates>14.4044444,50.1083568</coordinates></Point></Placemark>
<Placemark><description>node_id=276825598</description><name></name><styleUrl>style1</styleUrl><Point><altitudeMode>clampToGround</altitudeMode><coordinates>14.4063582,50.1079236</coordinates></Point></Placemark>
<Placemark><description>node_id=276825602</description><name></name><styleUrl>style1</styleUrl><Point><altitudeMode>clampToGround</altitudeMode><coordinates>14.4184152,50.1095658</coordinates></Point></Placemark>
<Placemark><description>node_id=276825606</description><name></name><styleUrl>style1</styleUrl><Point><altitudeMode>clampToGround</altitudeMode><coordinates>14.4167481,50.1103985</coordinates></Point></Placemark>
<Placemark><description>node_id=276825634</description><name></name><styleUrl>style1</styleUrl><Point><altitudeMode>clampToGround</altitudeMode><coordinates>14.4203079,50.1032223</coordinates></Point></Placemark>
<Placemark><description>node_id=276825639</description><name></name><styleUrl>style1</styleUrl><Point><altitudeMode>clampToGround</altitudeMode><coordinates>14.4129137,50.1105853</coordinates></Point></Placemark>
<Placemark><description>node_id=276825641</description><name></name><styleUrl>style1</styleUrl><Point><altitudeMode>clampToGround</altitudeMode><coordinates>14.4126175,50.1102530</coordinates></Point></Placemark>
<Placemark><description>node_id=276825643</description><name></name><styleUrl>style1</styleUrl><Point><altitudeMode>clampToGround</altitudeMode><coordinates>14.4147756,50.1044239</coordinates></Point></Placemark>
<Placemark><description>node_id=276825644</description><name></name><styleUrl>style1</styleUrl><Point><altitudeMode>clampToGround</altitudeMode><coordinates>14.4146714,50.1043609</coordinates></Point></Placemark>
<Placemark><description>node_id=276825650</description><name></name><styleUrl>style1</styleUrl><Point><altitudeMode>clampToGround</altitudeMode><coordinates>14.4183527,50.1035427</coordinates></Point></Placemark>
<Placemark><description>node_id=276825654</description><name></name><styleUrl>style1</styleUrl><Point><altitudeMode>clampToGround</altitudeMode><coordinates>14.4155384,50.1044834</coordinates></Point></Placemark>
<Placemark><description>node_id=276825657</description><name></name><styleUrl>style1</styleUrl><Point><altitudeMode>clampToGround</altitudeMode><coordinates>14.4181255,50.1046490</coordinates></Point></Placemark>
<Placemark><description>node_id=276825666</description><name></name><styleUrl>style1</styleUrl><Point><altitudeMode>clampToGround</altitudeMode><coordinates>14.4148646,50.1045787</coordinates></Point></Placemark>
<Placemark><description>node_id=276825671</description><name></name><styleUrl>style1</styleUrl><Point><altitudeMode>clampToGround</altitudeMode><coordinates>14.4139033,50.1048581</coordinates></Point></Placemark>
<Placemark><description>node_id=276825673</description><name></name><styleUrl>style1</styleUrl><Point><altitudeMode>clampToGround</altitudeMode><coordinates>14.4157145,50.1050276</coordinates></Point></Placemark>
<Placemark><description>node_id=276825677</description><name></name><styleUrl>style1</styleUrl><Point><altitudeMode>clampToGround</altitudeMode><coordinates>14.4156570,50.1051801</coordinates></Point></Placemark>
<Placemark><description>node_id=276825678</description><name></name><styleUrl>style1</styleUrl><Point><altitudeMode>clampToGround</altitudeMode><coordinates>14.4139941,50.1044054</coordinates></Point></Placemark>
<Placemark><description>node_id=280666698</description><name></name><styleUrl>style1</styleUrl><Point><altitudeMode>clampToGround</altitudeMode><coordinates>14.4306137,50.1041561</coordinates></Point></Placemark>
<Placemark><description>node_id=297543665</description><name></name><styleUrl>style1</styleUrl><Point><altitudeMode>clampToGround</altitudeMode><coordinates>14.4261964,50.1035282</coordinates></Point></Placemark>
<Placemark><description>node_id=297623999</description><name></name><styleUrl>style1</styleUrl><Point><altitudeMode>clampToGround</altitudeMode><coordinates>14.4259746,50.1085170</coordinates></Point></Placemark>
<Placemark><description>node_id=297624000</description><name></name><styleUrl>style1</styleUrl><Point><altitudeMode>clampToGround</altitudeMode><coordinates>14.4258124,50.1084106</coordinates></Point></Placemark>
<Placemark><description>node_id=297624069</description><name></name><styleUrl>style1</styleUrl><Point><altitudeMode>clampToGround</altitudeMode><coordinates>14.4305675,50.1044146</coordinates></Point></Placemark>
<Placemark><description>node_id=297624395</description><name></name><styleUrl>style1</styleUrl><Point><altitudeMode>clampToGround</altitudeMode><coordinates>14.4266813,50.1069741</coordinates></Point></Placemark>
<Placemark><description>node_id=297624398</description><name></name><styleUrl>style1</styleUrl><Point><altitudeMode>clampToGround</altitudeMode><coordinates>14.4255388,50.1094117</coordinates></Point></Placemark>
<Placemark><description>node_id=329684354</description><name></name><styleUrl>style1</styleUrl><Point><altitudeMode>clampToGround</altitudeMode><coordinates>14.4200149,50.1060546</coordinates></Point></Placemark>
<Placemark><description>node_id=329684499</description><name></name><styleUrl>style1</styleUrl><Point><altitudeMode>clampToGround</altitudeMode><coordinates>14.4178617,50.1054225</coordinates></Point></Placemark>
<Placemark><description>node_id=329712759</description><name></name><styleUrl>style1</styleUrl><Point><altitudeMode>clampToGround</altitudeMode><coordinates>14.4215519,50.1051726</coordinates></Point></Placemark>
<Placemark><description>node_id=329712763</description><name></name><styleUrl>style1</styleUrl><Point><altitudeMode>clampToGround</altitudeMode><coordinates>14.4208989,50.1054360</coordinates></Point></Placemark>
<Placemark><description>node_id=329712781</description><name></name><styleUrl>style1</styleUrl><Point><altitudeMode>clampToGround</altitudeMode><coordinates>14.4217072,50.1048489</coordinates></Point></Placemark>
<Placemark><description>node_id=329712845</description><name></name><styleUrl>style1</styleUrl><Point><altitudeMode>clampToGround</altitudeMode><coordinates>14.4193746,50.1040866</coordinates></Point></Placemark>
<Placemark><description>node_id=329712899</description><name></name><styleUrl>style1</styleUrl><Point><altitudeMode>clampToGround</altitudeMode><coordinates>14.4163797,50.1040174</coordinates></Point></Placemark>
<Placemark><description>node_id=329712924</description><name></name><styleUrl>style1</styleUrl><Point><altitudeMode>clampToGround</altitudeMode><coordinates>14.4188557,50.1044704</coordinates></Point></Placemark>
<Placemark><description>node_id=329712944</description><name></name><styleUrl>style1</styleUrl><Point><altitudeMode>clampToGround</altitudeMode><coordinates>14.4186124,50.1050067</coordinates></Point></Placemark>
<Placemark><description>node_id=329712951</description><name></name><styleUrl>style1</styleUrl><Point><altitudeMode>clampToGround</altitudeMode><coordinates>14.4189178,50.1049775</coordinates></Point></Placemark>
<Placemark><description>node_id=329713016</description><name></name><styleUrl>style1</styleUrl><Point><altitudeMode>clampToGround</altitudeMode><coordinates>14.4193719,50.1047972</coordinates></Point></Placemark>
<Placemark><description>node_id=329713028</description><name></name><styleUrl>style1</styleUrl><Point><altitudeMode>clampToGround</altitudeMode><coordinates>14.4188920,50.1044771</coordinates></Point></Placemark>
<Placemark><description>node_id=329713045</description><name></name><styleUrl>style1</styleUrl><Point><altitudeMode>clampToGround</altitudeMode><coordinates>14.4207700,50.1052200</coordinates></Point></Placemark>
<Placemark><description>node_id=329713049</description><name></name><styleUrl>style1</styleUrl><Point><altitudeMode>clampToGround</altitudeMode><coordinates>14.4209657,50.1053277</coordinates></Point></Placemark>
<Placemark><description>node_id=329713111</description><name></name><styleUrl>style1</styleUrl><Point><altitudeMode>clampToGround</altitudeMode><coordinates>14.4211765,50.1050558</coordinates></Point></Placemark>
<Placemark><description>node_id=329713125</description><name></name><styleUrl>style1</styleUrl><Point><altitudeMode>clampToGround</altitudeMode><coordinates>14.4214224,50.1048989</coordinates></Point></Placemark>
<Placemark><description>node_id=329713207</description><name></name><styleUrl>style1</styleUrl><Point><altitudeMode>clampToGround</altitudeMode><coordinates>14.4200120,50.1043169</coordinates></Point></Placemark>
<Placemark><description>node_id=329713213</description><name></name><styleUrl>style1</styleUrl><Point><altitudeMode>clampToGround</altitudeMode><coordinates>14.4195642,50.1040937</coordinates></Point></Placemark>
<Placemark><description>node_id=330588374</description><name></name><styleUrl>style1</styleUrl><Point><altitudeMode>clampToGround</altitudeMode><coordinates>14.4171197,50.1050428</coordinates></Point></Placemark>
<Placemark><description>node_id=330588376</description><name></name><styleUrl>style1</styleUrl><Point><altitudeMode>clampToGround</altitudeMode><coordinates>14.4168628,50.1050436</coordinates></Point></Placemark>
<Placemark><description>node_id=330588377</description><name></name><styleUrl>style1</styleUrl><Point><altitudeMode>clampToGround</altitudeMode><coordinates>14.4168474,50.1049963</coordinates></Point></Placemark>
<Placemark><description>node_id=330588380</description><name></name><styleUrl>style1</styleUrl><Point><altitudeMode>clampToGround</altitudeMode><coordinates>14.4173380,50.1049166</coordinates></Point></Placemark>
<Placemark><description>node_id=330588382</description><name></name><styleUrl>style1</styleUrl><Point><altitudeMode>clampToGround</altitudeMode><coordinates>14.4180348,50.1047509</coordinates></Point></Placemark>
<Placemark><description>node_id=330588388</description><name></name><styleUrl>style1</styleUrl><Point><altitudeMode>clampToGround</altitudeMode><coordinates>14.4158587,50.1076482</coordinates></Point></Placemark>
<Placemark><description>node_id=330588390</description><name></name><styleUrl>style1</styleUrl><Point><altitudeMode>clampToGround</altitudeMode><coordinates>14.4105760,50.1052523</coordinates></Point></Placemark>
<Placemark><description>node_id=330588396</description><name></name><styleUrl>style1</styleUrl><Point><altitudeMode>clampToGround</altitudeMode><coordinates>14.4121609,50.1068138</coordinates></Point></Placemark>
<Placemark><description>node_id=330588405</description><name></name><styleUrl>style1</styleUrl><Point><altitudeMode>clampToGround</altitudeMode><coordinates>14.4173354,50.1077622</coordinates></Point></Placemark>
<Placemark><description>node_id=330588407</description><name></name><styleUrl>style1</styleUrl><Point><altitudeMode>clampToGround</altitudeMode><coordinates>14.4174617,50.1077705</coordinates></Point></Placemark>
<Placemark><description>node_id=330588412</description><name></name><styleUrl>style1</styleUrl><Point><altitudeMode>clampToGround</altitudeMode><coordinates>14.4185608,50.1083502</coordinates></Point></Placemark>
<Placemark><description>node_id=330588414</description><name></name><styleUrl>style1</styleUrl><Point><altitudeMode>clampToGround</altitudeMode><coordinates>14.4185669,50.1085128</coordinates></Point></Placemark>
<Placemark><description>node_id=330588424</description><name></name><styleUrl>style1</styleUrl><Point><altitudeMode>clampToGround</altitudeMode><coordinates>14.4179697,50.1096859</coordinates></Point></Placemark>
<Placemark><description>node_id=330588436</description><name></name><styleUrl>style1</styleUrl><Point><altitudeMode>clampToGround</altitudeMode><coordinates>14.4142643,50.1052005</coordinates></Point></Placemark>
<Placemark><description>node_id=330588443</description><name></name><styleUrl>style1</styleUrl><Point><altitudeMode>clampToGround</altitudeMode><coordinates>14.4143990,50.1048825</coordinates></Point></Placemark>
<Placemark><description>node_id=330588448</description><name></name><styleUrl>style1</styleUrl><Point><altitudeMode>clampToGround</altitudeMode><coordinates>14.4139324,50.1049636</coordinates></Point></Placemark>
<Placemark><description>node_id=330588449</description><name></name><styleUrl>style1</styleUrl><Point><altitudeMode>clampToGround</altitudeMode><coordinates>14.4132343,50.1049109</coordinates></Point></Placemark>
<Placemark><description>node_id=330588461</description><name></name><styleUrl>style1</styleUrl><Point><altitudeMode>clampToGround</altitudeMode><coordinates>14.4120151,50.1048978</coordinates></Point></Placemark>
<Placemark><description>node_id=330588462</description><name></name><styleUrl>style1</styleUrl><Point><altitudeMode>clampToGround</altitudeMode><coordinates>14.4127129,50.1050257</coordinates></Point></Placemark>
<Placemark><description>node_id=330588467</description><name></name><styleUrl>style1</styleUrl><Point><altitudeMode>clampToGround</altitudeMode><coordinates>14.4139321,50.1050601</coordinates></Point></Placemark>
<Placemark><description>node_id=330588480</description><name></name><styleUrl>style1</styleUrl><Point><altitudeMode>clampToGround</altitudeMode><coordinates>14.4097170,50.1045682</coordinates></Point></Placemark>
<Placemark><description>node_id=330588491</description><name></name><styleUrl>style1</styleUrl><Point><altitudeMode>clampToGround</altitudeMode><coordinates>14.4153481,50.1057040</coordinates></Point></Placemark>
<Placemark><description>node_id=330588498</description><name></name><styleUrl>style1</styleUrl><Point><altitudeMode>clampToGround</altitudeMode><coordinates>14.4150205,50.1064994</coordinates></Point></Placemark>
<Placemark><description>node_id=330588501</description><name></name><styleUrl>style1</styleUrl><Point><altitudeMode>clampToGround</altitudeMode><coordinates>14.4148587,50.1070015</coordinates></Point></Placemark>
<Placemark><description>node_id=330588503</description><name></name><styleUrl>style1</styleUrl><Point><altitudeMode>clampToGround</altitudeMode><coordinates>14.4149302,50.1073850</coordinates></Point></Placemark>
<Placemark><description>node_id=330588509</description><name></name><styleUrl>style1</styleUrl><Point><altitudeMode>clampToGround</altitudeMode><coordinates>14.4143771,50.1072802</coordinates></Point></Placemark>
<Placemark><description>node_id=330588512</description><name></name><styleUrl>style1</styleUrl><Point><altitudeMode>clampToGround</altitudeMode><coordinates>14.4144588,50.1064393</coordinates></Point></Placemark>
<Placemark><description>node_id=330588520</description><name></name><styleUrl>style1</styleUrl><Point><altitudeMode>clampToGround</altitudeMode><coordinates>14.4128565,50.1064591</coordinates></Point></Placemark>
<Placemark><description>node_id=330588527</description><name></name><styleUrl>style1</styleUrl><Point><altitudeMode>clampToGround</altitudeMode><coordinates>14.4122821,50.1064498</coordinates></Point></Placemark>
<Placemark><description>node_id=330588530</description><name></name><styleUrl>style1</styleUrl><Point><altitudeMode>clampToGround</altitudeMode><coordinates>14.4120002,50.1064393</coordinates></Point></Placemark>
<Placemark><description>node_id=330588533</description><name></name><styleUrl>style1</styleUrl><Point><altitudeMode>clampToGround</altitudeMode><coordinates>14.4122211,50.1057577</coordinates></Point></Placemark>
<Placemark><description>node_id=330588539</description><name></name><styleUrl>style1</styleUrl><Point><altitudeMode>clampToGround</altitudeMode><coordinates>14.4131893,50.1057298</coordinates></Point></Placemark>
<Placemark><description>node_id=330588553</description><name></name><styleUrl>style1</styleUrl><Point><altitudeMode>clampToGround</altitudeMode><coordinates>14.4122450,50.1066928</coordinates></Point></Placemark>
<Placemark><description>node_id=330588569</description><name></name><styleUrl>style1</styleUrl><Point><altitudeMode>clampToGround</altitudeMode><coordinates>14.4137077,50.1068941</coordinates></Point></Placemark>
<Placemark><description>node_id=330588577</description><name></name><styleUrl>style1</styleUrl><Point><altitudeMode>clampToGround</altitudeMode><coordinates>14.4143625,50.1064254</coordinates></Point></Placemark>
<Placemark><description>node_id=346926718</description><name></name><styleUrl>style1</styleUrl><Point><altitudeMode>clampToGround</altitudeMode><coordinates>14.4068605,50.1069293</coordinates></Point></Placemark>
<Placemark><description>node_id=388382563</description><name></name><styleUrl>style1</styleUrl><Point><altitudeMode>clampToGround</altitudeMode><coordinates>14.4236341,50.1038394</coordinates></Point></Placemark>
<Placemark><description>node_id=388382565</description><name></name><styleUrl>style1</styleUrl><Point><altitudeMode>clampToGround</altitudeMode><coordinates>14.4222667,50.1039981</coordinates></Point></Placemark>
<Placemark><description>node_id=388382575</description><name></name><styleUrl>style1</styleUrl><Point><altitudeMode>clampToGround</altitudeMode><coordinates>14.4219914,50.1044988</coordinates></Point></Placemark>
<Placemark><description>node_id=388382586</description><name></name><styleUrl>style1</styleUrl><Point><altitudeMode>clampToGround</altitudeMode><coordinates>14.4194448,50.1039972</coordinates></Point></Placemark>
<Placemark><description>node_id=388382590</description><name></name><styleUrl>style1</styleUrl><Point><altitudeMode>clampToGround</altitudeMode><coordinates>14.4182800,50.1036997</coordinates></Point></Placemark>
<Placemark><description>node_id=388382598</description><name></name><styleUrl>style1</styleUrl><Point><altitudeMode>clampToGround</altitudeMode><coordinates>14.4256603,50.1046662</coordinates></Point></Placemark>
<Placemark><description>node_id=388382600</description><name></name><styleUrl>style1</styleUrl><Point><altitudeMode>clampToGround</altitudeMode><coordinates>14.4260263,50.1045998</coordinates></Point></Placemark>
<Placemark><description>node_id=388382605</description><name></name><styleUrl>style1</styleUrl><Point><altitudeMode>clampToGround</altitudeMode><coordinates>14.4284497,50.1042676</coordinates></Point></Placemark>
<Placemark><description>node_id=388382608</description><name></name><styleUrl>style1</styleUrl><Point><altitudeMode>clampToGround</altitudeMode><coordinates>14.4285234,50.1037296</coordinates></Point></Placemark>
<Placemark><description>node_id=388382614</description><name></name><styleUrl>style1</styleUrl><Point><altitudeMode>clampToGround</altitudeMode><coordinates>14.4280387,50.1046573</coordinates></Point></Placemark>
<Placemark><description>node_id=388382616</description><name></name><styleUrl>style1</styleUrl><Point><altitudeMode>clampToGround</altitudeMode><coordinates>14.4242501,50.1063027</coordinates></Point></Placemark>
<Placemark><description>node_id=388382619</description><name></name><styleUrl>style1</styleUrl><Point><altitudeMode>clampToGround</altitudeMode><coordinates>14.4269874,50.1053466</coordinates></Point></Placemark>
<Placemark><description>node_id=388382620</description><name></name><styleUrl>style1</styleUrl><Point><altitudeMode>clampToGround</altitudeMode><coordinates>14.4271059,50.1065118</coordinates></Point></Placemark>
<Placemark><description>node_id=388382680</description><name></name><styleUrl>style1</styleUrl><Point><altitudeMode>clampToGround</altitudeMode><coordinates>14.4139829,50.1055473</coordinates></Point></Placemark>
<Placemark><description>node_id=544088067</description><name></name><styleUrl>style1</styleUrl><Point><altitudeMode>clampToGround</altitudeMode><coordinates>14.4113996,50.1063123</coordinates></Point></Placemark>
<Placemark><description>node_id=544088125</description><name></name><styleUrl>style1</styleUrl><Point><altitudeMode>clampToGround</altitudeMode><coordinates>14.4227224,50.1105842</coordinates></Point></Placemark>
<Placemark><description>node_id=544088129</description><name></name><styleUrl>style1</styleUrl><Point><altitudeMode>clampToGround</altitudeMode><coordinates>14.4238276,50.1105819</coordinates></Point></Placemark>
<Placemark><description>node_id=558361014</description><name></name><styleUrl>style1</styleUrl><Point><altitudeMode>clampToGround</altitudeMode><coordinates>14.4247675,50.1063272</coordinates></Point></Placemark>
<Placemark><description>node_id=558379268</description><name></name><styleUrl>style1</styleUrl><Point><altitudeMode>clampToGround</altitudeMode><coordinates>14.4270206,50.1056567</coordinates></Point></Placemark>
<Placemark><description>node_id=558379270</description><name></name><styleUrl>style1</styleUrl><Point><altitudeMode>clampToGround</altitudeMode><coordinates>14.4278269,50.1058154</coordinates></Point></Placemark>
<Placemark><description>node_id=558379279</description><name></name><styleUrl>style1</styleUrl><Point><altitudeMode>clampToGround</altitudeMode><coordinates>14.4263438,50.1059928</coordinates></Point></Placemark>
<Placemark><description>node_id=558379281</description><name></name><styleUrl>style1</styleUrl><Point><altitudeMode>clampToGround</altitudeMode><coordinates>14.4273466,50.1059883</coordinates></Point></Placemark>
<Placemark><description>node_id=558379286</description><name></name><styleUrl>style1</styleUrl><Point><altitudeMode>clampToGround</altitudeMode><coordinates>14.4279442,50.1061434</coordinates></Point></Placemark>
<Placemark><description>node_id=649214949</description><name></name><styleUrl>style1</styleUrl><Point><altitudeMode>clampToGround</altitudeMode><coordinates>14.4207472,50.1044543</coordinates></Point></Placemark>
<Placemark><description>node_id=649214959</description><name></name><styleUrl>style1</styleUrl><Point><altitudeMode>clampToGround</altitudeMode><coordinates>14.4207145,50.1043420</coordinates></Point></Placemark>
<Placemark><description>node_id=649214983</description><name></name><styleUrl>style1</styleUrl><Point><altitudeMode>clampToGround</altitudeMode><coordinates>14.4212728,50.1046650</coordinates></Point></Placemark>
<Placemark><description>node_id=649214998</description><name></name><styleUrl>style1</styleUrl><Point><altitudeMode>clampToGround</altitudeMode><coordinates>14.4215591,50.1049854</coordinates></Point></Placemark>
<Placemark><description>node_id=1008712303</description><name></name><styleUrl>style1</styleUrl><Point><altitudeMode>clampToGround</altitudeMode><coordinates>14.4242121,50.1040250</coordinates></Point></Placemark>
<Placemark><description>node_id=1008712324</description><name></name><styleUrl>style1</styleUrl><Point><altitudeMode>clampToGround</altitudeMode><coordinates>14.4232563,50.1051225</coordinates></Point></Placemark>
<Placemark><description>node_id=1008748580</description><name></name><styleUrl>style1</styleUrl><Point><altitudeMode>clampToGround</altitudeMode><coordinates>14.4177923,50.1064930</coordinates></Point></Placemark>
<Placemark><description>node_id=1008755882</description><name></name><styleUrl>style1</styleUrl><Point><altitudeMode>clampToGround</altitudeMode><coordinates>14.4193262,50.1054032</coordinates></Point></Placemark>
<Placemark><description>node_id=1008764653</description><name></name><styleUrl>style1</styleUrl><Point><altitudeMode>clampToGround</altitudeMode><coordinates>14.4193949,50.1052847</coordinates></Point></Placemark>
<Placemark><description>node_id=1008764657</description><name></name><styleUrl>style1</styleUrl><Point><altitudeMode>clampToGround</altitudeMode><coordinates>14.4195076,50.1050904</coordinates></Point></Placemark>
<Placemark><description>node_id=1010661354</description><name></name><styleUrl>style1</styleUrl><Point><altitudeMode>clampToGround</altitudeMode><coordinates>14.4136948,50.1101501</coordinates></Point></Placemark>
<Placemark><description>node_id=1010691873</description><name></name><styleUrl>style1</styleUrl><Point><altitudeMode>clampToGround</altitudeMode><coordinates>14.4257486,50.1062493</coordinates></Point></Placemark>
<Placemark><description>node_id=1010691884</description><name></name><styleUrl>style1</styleUrl><Point><altitudeMode>clampToGround</altitudeMode><coordinates>14.4270630,50.1052359</coordinates></Point></Placemark>
<Placemark><description>node_id=1016634898</description><name></name><styleUrl>style1</styleUrl><Point><altitudeMode>clampToGround</altitudeMode><coordinates>14.4121577,50.1075558</coordinates></Point></Placemark>
<Placemark><description>node_id=1016635661</description><name></name><styleUrl>style1</styleUrl><Point><altitudeMode>clampToGround</altitudeMode><coordinates>14.4191600,50.1105570</coordinates></Point></Placemark>
<Placemark><description>node_id=1023769454</description><name></name><styleUrl>style1</styleUrl><Point><altitudeMode>clampToGround</altitudeMode><coordinates>14.4305037,50.1040011</coordinates></Point></Placemark>
<Placemark><description>node_id=1023770686</description><name></name><styleUrl>style1</styleUrl><Point><altitudeMode>clampToGround</altitudeMode><coordinates>14.4277968,50.1051469</coordinates></Point></Placemark>
<Placemark><description>node_id=1100513229</description><name></name><styleUrl>style1</styleUrl><Point><altitudeMode>clampToGround</altitudeMode><coordinates>14.4294885,50.1049656</coordinates></Point></Placemark>
<Placemark><description>node_id=1209604371</description><name></name><styleUrl>style1</styleUrl><Point><altitudeMode>clampToGround</altitudeMode><coordinates>14.4140624,50.1059135</coordinates></Point></Placemark>
<Placemark><description>node_id=1209604377</description><name></name><styleUrl>style1</styleUrl><Point><altitudeMode>clampToGround</altitudeMode><coordinates>14.4140388,50.1057602</coordinates></Point></Placemark>
<Placemark><description>node_id=1209604408</description><name></name><styleUrl>style1</styleUrl><Point><altitudeMode>clampToGround</altitudeMode><coordinates>14.4133642,50.1063813</coordinates></Point></Placemark>
<Placemark><description>node_id=1209655371</description><name></name><styleUrl>style1</styleUrl><Point><altitudeMode>clampToGround</altitudeMode><coordinates>14.4152515,50.1046667</coordinates></Point></Placemark>
<Placemark><description>node_id=1209655375</description><name></name><styleUrl>style1</styleUrl><Point><altitudeMode>clampToGround</altitudeMode><coordinates>14.4152487,50.1046807</coordinates></Point></Placemark>
<Placemark><description>node_id=1248080188</description><name></name><styleUrl>style1</styleUrl><Point><altitudeMode>clampToGround</altitudeMode><coordinates>14.4259601,50.1030303</coordinates></Point></Placemark>
<Placemark><description>node_id=1248080195</description><name></name><styleUrl>style1</styleUrl><Point><altitudeMode>clampToGround</altitudeMode><coordinates>14.4258121,50.1032473</coordinates></Point></Placemark>
<Placemark><description>node_id=1248080200</description><name></name><styleUrl>style1</styleUrl><Point><altitudeMode>clampToGround</altitudeMode><coordinates>14.4259709,50.1030439</coordinates></Point></Placemark>
<Placemark><description>node_id=1286453159</description><name></name><styleUrl>style1</styleUrl><Point><altitudeMode>clampToGround</altitudeMode><coordinates>14.4156380,50.1074756</coordinates></Point></Placemark>
<Placemark><description>node_id=1286453162</description><name></name><styleUrl>style1</styleUrl><Point><altitudeMode>clampToGround</altitudeMode><coordinates>14.4279825,50.1052775</coordinates></Point></Placemark>
<Placemark><description>node_id=1286453181</description><name></name><styleUrl>style1</styleUrl><Point><altitudeMode>clampToGround</altitudeMode><coordinates>14.4284506,50.1052728</coordinates></Point></Placemark>
<Placemark><description>node_id=1286463027</description><name></name><styleUrl>style1</styleUrl><Point><altitudeMode>clampToGround</altitudeMode><coordinates>14.4141226,50.1065890</coordinates></Point></Placemark>
<Placemark><description>node_id=1286463042</description><name></name><styleUrl>style1</styleUrl><Point><altitudeMode>clampToGround</altitudeMode><coordinates>14.4097480,50.1050924</coordinates></Point></Placemark>
<Placemark><description>node_id=1286463061</description><name></name><styleUrl>style1</styleUrl><Point><altitudeMode>clampToGround</altitudeMode><coordinates>14.4114682,50.1061481</coordinates></Point></Placemark>
<Placemark><description>node_id=1286463070</description><name></name><styleUrl>style1</styleUrl><Point><altitudeMode>clampToGround</altitudeMode><coordinates>14.4096802,50.1047271</coordinates></Point></Placemark>
<Placemark><description>node_id=1291540422</description><name></name><styleUrl>style1</styleUrl><Point><altitudeMode>clampToGround</altitudeMode><coordinates>14.4066387,50.1074572</coordinates></Point></Placemark>
<Placemark><description>node_id=1291540442</description><name></name><styleUrl>style1</styleUrl><Point><altitudeMode>clampToGround</altitudeMode><coordinates>14.4115431,50.1103299</coordinates></Point></Placemark>
<Placemark><description>node_id=1291540462</description><name></name><styleUrl>style1</styleUrl><Point><altitudeMode>clampToGround</altitudeMode><coordinates>14.4129707,50.1106845</coordinates></Point></Placemark>
<Placemark><description>node_id=1304997412</description><name></name><styleUrl>style1</styleUrl><Point><altitudeMode>clampToGround</altitudeMode><coordinates>14.4166479,50.1104939</coordinates></Point></Placemark>
<Placemark><description>node_id=1304997500</description><name></name><styleUrl>style1</styleUrl><Point><altitudeMode>clampToGround</altitudeMode><coordinates>14.4111777,50.1061830</coordinates></Point></Placemark>
<Placemark><description>node_id=1304997551</description><name></name><styleUrl>style1</styleUrl><Point><altitudeMode>clampToGround</altitudeMode><coordinates>14.4121290,50.1065575</coordinates></Point></Placemark>
<Placemark><description>node_id=1362484030</description><name></name><styleUrl>style1</styleUrl><Point><altitudeMode>clampToGround</altitudeMode><coordinates>14.4199095,50.1046796</coordinates></Point></Placemark>
<Placemark><description>node_id=1468049325</description><name></name><styleUrl>style1</styleUrl><Point><altitudeMode>clampToGround</altitudeMode><coordinates>14.4305922,50.1040858</coordinates></Point></Placemark>
<Placemark><description>node_id=1642873471</description><name></name><styleUrl>style1</styleUrl><Point><altitudeMode>clampToGround</altitudeMode><coordinates>14.4232127,50.1027791</coordinates></Point></Placemark>
<Placemark><description>node_id=1643966252</description><name></name><styleUrl>style1</styleUrl><Point><altitudeMode>clampToGround</altitudeMode><coordinates>14.4307551,50.1041502</coordinates></Point></Placemark>
<Placemark><description>node_id=1906596844</description><name></name><styleUrl>style1</styleUrl><Point><altitudeMode>clampToGround</altitudeMode><coordinates>14.4175546,50.1048708</coordinates></Point></Placemark>
<Placemark><description>node_id=1906596872</description><name></name><styleUrl>style1</styleUrl><Point><altitudeMode>clampToGround</altitudeMode><coordinates>14.4162990,50.1050807</coordinates></Point></Placemark>
<Placemark><description>node_id=1906596875</description><name></name><styleUrl>style1</styleUrl><Point><altitudeMode>clampToGround</altitudeMode><coordinates>14.4280044,50.1051560</coordinates></Point></Placemark>
<Placemark><description>node_id=1906596878</description><name></name><styleUrl>style1</styleUrl><Point><altitudeMode>clampToGround</altitudeMode><coordinates>14.4176272,50.1051322</coordinates></Point></Placemark>
<Placemark><description>node_id=1906596890</description><name></name><styleUrl>style1</styleUrl><Point><altitudeMode>clampToGround</altitudeMode><coordinates>14.4163689,50.1052889</coordinates></Point></Placemark>
<Placemark><description>node_id=1909240006</description><name></name><styleUrl>style1</styleUrl><Point><altitudeMode>clampToGround</altitudeMode><coordinates>14.4185498,50.1093197</coordinates></Point></Placemark>
<Placemark><description>node_id=1914382799</description><name></name><styleUrl>style1</styleUrl><Point><altitudeMode>clampToGround</altitudeMode><coordinates>14.4244933,50.1038089</coordinates></Point></Placemark>
<Placemark><description>node_id=1914382804</description><name></name><styleUrl>style1</styleUrl><Point><altitudeMode>clampToGround</altitudeMode><coordinates>14.4151613,50.1064866</coordinates></Point></Placemark>
<Placemark><description>node_id=1914382806</description><name></name><styleUrl>style1</styleUrl><Point><altitudeMode>clampToGround</altitudeMode><coordinates>14.4148736,50.1075637</coordinates></Point></Placemark>
<Placemark><description>node_id=1914382808</description><name></name><styleUrl>style1</styleUrl><Point><altitudeMode>clampToGround</altitudeMode><coordinates>14.4154100,50.1077273</coordinates></Point></Placemark>
<Placemark><description>node_id=1914382815</description><name></name><styleUrl>style1</styleUrl><Point><altitudeMode>clampToGround</altitudeMode><coordinates>14.4185637,50.1084471</coordinates></Point></Placemark>
<Placemark><description>node_id=2385050034</description><name></name><styleUrl>style1</styleUrl><Point><altitudeMode>clampToGround</altitudeMode><coordinates>14.4257104,50.1055177</coordinates></Point></Placemark>
<Placemark><description>node_id=2385050035</description><name></name><styleUrl>style1</styleUrl><Point><altitudeMode>clampToGround</altitudeMode><coordinates>14.4257634,50.1067218</coordinates></Point></Placemark>
<Placemark><description>node_id=2385050906</description><name></name><styleUrl>style1</styleUrl><Point><altitudeMode>clampToGround</altitudeMode><coordinates>14.4194459,50.1051969</coordinates></Point></Placemark>
<Placemark><description>node_id=2385093178</description><name></name><styleUrl>style1</styleUrl><Point><altitudeMode>clampToGround</altitudeMode><coordinates>14.4211900,50.1054300</coordinates></Point></Placemark>
<Placemark><description>node_id=2413986455</description><name></name><styleUrl>style1</styleUrl><Point><altitudeMode>clampToGround</altitudeMode><coordinates>14.4257030,50.1051499</coordinates></Point></Placemark>
<Placemark><description>node_id=2517142236</description><name></name><styleUrl>style1</styleUrl><Point><altitudeMode>clampToGround</altitudeMode><coordinates>14.4130025,50.1040633</coordinates></Point></Placemark>
<Placemark><description>node_id=2644010593</description><name></name><styleUrl>style1</styleUrl><Point><altitudeMode>clampToGround</altitudeMode><coordinates>14.4202462,50.1030350</coordinates></Point></Placemark>
<Placemark><description>node_id=2644010597</description><name></name><styleUrl>style1</styleUrl><Point><altitudeMode>clampToGround</altitudeMode><coordinates>14.4200219,50.1030887</coordinates></Point></Placemark>
<Placemark><description>node_id=2644010598</description><name></name><styleUrl>style1</styleUrl><Point><altitudeMode>clampToGround</altitudeMode><coordinates>14.4198605,50.1032783</coordinates></Point></Placemark>
<Placemark><description>node_id=2644010599</description><name></name><styleUrl>style1</styleUrl><Point><altitudeMode>clampToGround</altitudeMode><coordinates>14.4198246,50.1033453</coordinates></Point></Placemark>
<Placemark><description>node_id=2644010603</description><name></name><styleUrl>style1</styleUrl><Point><altitudeMode>clampToGround</altitudeMode><coordinates>14.4183734,50.1037533</coordinates></Point></Placemark>
<Placemark><description>node_id=2644010604</description><name></name><styleUrl>style1</styleUrl><Point><altitudeMode>clampToGround</altitudeMode><coordinates>14.4177518,50.1036775</coordinates></Point></Placemark>
<Placemark><description>node_id=2644010606</description><name></name><styleUrl>style1</styleUrl><Point><altitudeMode>clampToGround</altitudeMode><coordinates>14.4183203,50.1033088</coordinates></Point></Placemark>
<Placemark><description>node_id=2644010622</description><name></name><styleUrl>style1</styleUrl><Point><altitudeMode>clampToGround</altitudeMode><coordinates>14.4245576,50.1031679</coordinates></Point></Placemark>
<Placemark><description>node_id=3109921736</description><name></name><styleUrl>style1</styleUrl><Point><altitudeMode>clampToGround</altitudeMode><coordinates>14.4160775,50.1103596</coordinates></Point></Placemark>
<Placemark><description>node_id=3147591942</description><name></name><styleUrl>style1</styleUrl><Point><altitudeMode>clampToGround</altitudeMode><coordinates>14.4184657,50.1094491</coordinates></Point></Placemark>
<Placemark><description>node_id=3178579287</description><name></name><styleUrl>style1</styleUrl><Point><altitudeMode>clampToGround</altitudeMode><coordinates>14.4307838,50.1044542</coordinates></Point></Placemark>
<Placemark><description>node_id=3401510940</description><name></name><styleUrl>style1</styleUrl><Point><altitudeMode>clampToGround</altitudeMode><coordinates>14.4293849,50.1049016</coordinates></Point></Placemark>
<Placemark><description>node_id=3448108986</description><name></name><styleUrl>style1</styleUrl><Point><altitudeMode>clampToGround</altitudeMode><coordinates>14.4188885,50.1086769</coordinates></Point></Placemark>
<Placemark><description>node_id=3448108987</description><name></name><styleUrl>style1</styleUrl><Point><altitudeMode>clampToGround</altitudeMode><coordinates>14.4179262,50.1106111</coordinates></Point></Placemark>
<Placemark><description>node_id=3448110914</description><name></name><styleUrl>style1</styleUrl><Point><altitudeMode>clampToGround</altitudeMode><coordinates>14.4260124,50.1067873</coordinates></Point></Placemark>
<Placemark><description>node_id=3575057797</description><name></name><styleUrl>style1</styleUrl><Point><altitudeMode>clampToGround</altitudeMode><coordinates>14.4099498,50.1050693</coordinates></Point></Placemark>
<Placemark><description>node_id=3575057798</description><name></name><styleUrl>style1</styleUrl><Point><altitudeMode>clampToGround</altitudeMode><coordinates>14.4102457,50.1049684</coordinates></Point></Placemark>
<Placemark><description>node_id=3575057800</description><name></name><styleUrl>style1</styleUrl><Point><altitudeMode>clampToGround</altitudeMode><coordinates>14.4102049,50.1048394</coordinates></Point></Placemark>
<Placemark><description>node_id=3576086445</description><name></name><styleUrl>style1</styleUrl><Point><altitudeMode>clampToGround</altitudeMode><coordinates>14.4132726,50.1041233</coordinates></Point></Placemark>
<Placemark><description>node_id=3576086446</description><name></name><styleUrl>style1</styleUrl><Point><altitudeMode>clampToGround</altitudeMode><coordinates>14.4133432,50.1040786</coordinates></Point></Placemark>
<Placemark><description>node_id=3772625731</description><name></name><styleUrl>style1</styleUrl><Point><altitudeMode>clampToGround</altitudeMode><coordinates>14.4095325,50.1052820</coordinates></Point></Placemark>
<Placemark><description>node_id=3772628084</description><name></name><styleUrl>style1</styleUrl><Point><altitudeMode>clampToGround</altitudeMode><coordinates>14.4064056,50.1066581</coordinates></Point></Placemark>
<Placemark><description>node_id=3772628091</description><name></name><styleUrl>style1</styleUrl><Point><altitudeMode>clampToGround</altitudeMode><coordinates>14.4123376,50.1068935</coordinates></Point></Placemark>
<Placemark><description>node_id=3772628113</description><name></name><styleUrl>style1</styleUrl><Point><altitudeMode>clampToGround</altitudeMode><coordinates>14.4239748,50.1078506</coordinates></Point></Placemark>
<Placemark><description>node_id=3772628142</description><name></name><styleUrl>style1</styleUrl><Point><altitudeMode>clampToGround</altitudeMode><coordinates>14.4195791,50.1086872</coordinates></Point></Placemark>
<Placemark><description>node_id=3772628257</description><name></name><styleUrl>style1</styleUrl><Point><altitudeMode>clampToGround</altitudeMode><coordinates>14.4219987,50.1090463</coordinates></Point></Placemark>
<Placemark><description>node_id=3808334717</description><name></name><styleUrl>style1</styleUrl><Point><altitudeMode>clampToGround</altitudeMode><coordinates>14.4257867,50.1032464</coordinates></Point></Placemark>
<Placemark><description>node_id=3830768339</description><name></name><styleUrl>style1</styleUrl><Point><altitudeMode>clampToGround</altitudeMode><coordinates>14.4146573,50.1043622</coordinates></Point></Placemark>
<Placemark><description>node_id=4253464153</description><name></name><styleUrl>style1</styleUrl><Point><altitudeMode>clampToGround</altitudeMode><coordinates>14.4225906,50.1029064</coordinates></Point></Placemark>
<Placemark><description>node_id=4253464156</description><name></name><styleUrl>style1</styleUrl><Point><altitudeMode>clampToGround</altitudeMode><coordinates>14.4225922,50.1030180</coordinates></Point></Placemark>
<Placemark><description>node_id=4286217362</description><name></name><styleUrl>style1</styleUrl><Point><altitudeMode>clampToGround</altitudeMode><coordinates>14.4139405,50.1102123</coordinates></Point></Placemark>
<Placemark><description>node_id=4286217363</description><name></name><styleUrl>style1</styleUrl><Point><altitudeMode>clampToGround</altitudeMode><coordinates>14.4137521,50.1102650</coordinates></Point></Placemark>
<Placemark><description>node_id=4349048318</description><name></name><styleUrl>style1</styleUrl><Point><altitudeMode>clampToGround</altitudeMode><coordinates>14.4211683,50.1030155</coordinates></Point></Placemark>
<Placemark><description>node_id=4349048319</description><name></name><styleUrl>style1</styleUrl><Point><altitudeMode>clampToGround</altitudeMode><coordinates>14.4211863,50.1031095</coordinates></Point></Placemark>
<Placemark><description>node_id=4407938764</description><name></name><styleUrl>style1</styleUrl><Point><altitudeMode>clampToGround</altitudeMode><coordinates>14.4256195,50.1035353</coordinates></Point></Placemark>
<Placemark><description>node_id=4407938773</description><name></name><styleUrl>style1</styleUrl><Point><altitudeMode>clampToGround</altitudeMode><coordinates>14.4203189,50.1038565</coordinates></Point></Placemark>
<Placemark><description>node_id=4407938792</description><name></name><styleUrl>style1</styleUrl><Point><altitudeMode>clampToGround</altitudeMode><coordinates>14.4303951,50.1044913</coordinates></Point></Placemark>
<Placemark><description>node_id=4407938798</description><name></name><styleUrl>style1</styleUrl><Point><altitudeMode>clampToGround</altitudeMode><coordinates>14.4285928,50.1051163</coordinates></Point></Placemark>
<Placemark><description>node_id=4428874158</description><name></name><styleUrl>style1</styleUrl><Point><altitudeMode>clampToGround</altitudeMode><coordinates>14.4181816,50.1060778</coordinates></Point></Placemark>
<Placemark><description>node_id=4455012536</description><name></name><styleUrl>style1</styleUrl><Point><altitudeMode>clampToGround</altitudeMode><coordinates>14.4289860,50.1050576</coordinates></Point></Placemark>
<Placemark><description>node_id=4455012537</description><name></name><styleUrl>style1</styleUrl><Point><altitudeMode>clampToGround</altitudeMode><coordinates>14.4291119,50.1051839</coordinates></Point></Placemark>
<Placemark><description>node_id=4753294245</description><name></name><styleUrl>style1</styleUrl><Point><altitudeMode>clampToGround</altitudeMode><coordinates>14.4148414,50.1056387</coordinates></Point></Placemark>
<Placemark><description>node_id=4753383912</description><name></name><styleUrl>style1</styleUrl><Point><altitudeMode>clampToGround</altitudeMode><coordinates>14.4147298,50.1048976</coordinates></Point></Placemark>
<Placemark><description>node_id=4766847780</description><name></name><styleUrl>style1</styleUrl><Point><altitudeMode>clampToGround</altitudeMode><coordinates>14.4278552,50.1057935</coordinates></Point></Placemark>
<Placemark><description>node_id=4872667688</description><name></name><styleUrl>style1</styleUrl><Point><altitudeMode>clampToGround</altitudeMode><coordinates>14.4166219,50.1063489</coordinates></Point></Placemark>
<Placemark><description>node_id=5155675378</description><name></name><styleUrl>style1</styleUrl><Point><altitudeMode>clampToGround</altitudeMode><coordinates>14.4126753,50.1107027</coordinates></Point></Placemark>
<Placemark><description>node_id=5155675394</description><name></name><styleUrl>style1</styleUrl><Point><altitudeMode>clampToGround</altitudeMode><coordinates>14.4166453,50.1107267</coordinates></Point></Placemark>
<Placemark><description>node_id=5155675396</description><name></name><styleUrl>style1</styleUrl><Point><altitudeMode>clampToGround</altitudeMode><coordinates>14.4166980,50.1107078</coordinates></Point></Placemark>
<Placemark><description>node_id=5155675400</description><name></name><styleUrl>style1</styleUrl><Point><altitudeMode>clampToGround</altitudeMode><coordinates>14.4182937,50.1095242</coordinates></Point></Placemark>
<Placemark><description>node_id=5301037235</description><name></name><styleUrl>style1</styleUrl><Point><altitudeMode>clampToGround</altitudeMode><coordinates>14.4154991,50.1081092</coordinates></Point></Placemark>
<Placemark><description>node_id=5301037238</description><name></name><styleUrl>style1</styleUrl><Point><altitudeMode>clampToGround</altitudeMode><coordinates>14.4069033,50.1064260</coordinates></Point></Placemark>
<Placemark><description>node_id=5301037243</description><name></name><styleUrl>style1</styleUrl><Point><altitudeMode>clampToGround</altitudeMode><coordinates>14.4196506,50.1037836</coordinates></Point></Placemark>
<Placemark><description>node_id=5301037244</description><name></name><styleUrl>style1</styleUrl><Point><altitudeMode>clampToGround</altitudeMode><coordinates>14.4193354,50.1037180</coordinates></Point></Placemark>
<Placemark><description>node_id=5301037245</description><name></name><styleUrl>style1</styleUrl><Point><altitudeMode>clampToGround</altitudeMode><coordinates>14.4193630,50.1034544</coordinates></Point></Placemark>
<Placemark><description>node_id=5412024049</description><name></name><styleUrl>style1</styleUrl><Point><altitudeMode>clampToGround</altitudeMode><coordinates>14.4259695,50.1030155</coordinates></Point></Placemark>
<Placemark><description>node_id=5419794076</description><name></name><styleUrl>style1</styleUrl><Point><altitudeMode>clampToGround</altitudeMode><coordinates>14.4201755,50.1028717</coordinates></Point></Placemark>
<Placemark><description>node_id=6341954117</description><name></name><styleUrl>style1</styleUrl><Point><altitudeMode>clampToGround</altitudeMode><coordinates>14.4169229,50.1052205</coordinates></Point></Placemark>
<Placemark><description>node_id=6341954139</description><name></name><styleUrl>style1</styleUrl><Point><altitudeMode>clampToGround</altitudeMode><coordinates>14.4178054,50.1052992</coordinates></Point></Placemark>
<Placemark><description>node_id=6341954140</description><name></name><styleUrl>style1</styleUrl><Point><altitudeMode>clampToGround</altitudeMode><coordinates>14.4177652,50.1052084</coordinates></Point></Placemark>
<Placemark><description>node_id=6341954141</description><name></name><styleUrl>style1</styleUrl><Point><altitudeMode>clampToGround</altitudeMode><coordinates>14.4177533,50.1051778</coordinates></Point></Placemark>
<Placemark><description>node_id=6341954142</description><name></name><styleUrl>style1</styleUrl><Point><altitudeMode>clampToGround</altitudeMode><coordinates>14.4177324,50.1051194</coordinates></Point></Placemark>
<Placemark><description>node_id=6341954181</description><name></name><styleUrl>style1</styleUrl><Point><altitudeMode>clampToGround</altitudeMode><coordinates>14.4211043,50.1073747</coordinates></Point></Placemark>
<Placemark><description>node_id=6341954209</description><name></name><styleUrl>style1</styleUrl><Point><altitudeMode>clampToGround</altitudeMode><coordinates>14.4175842,50.1075886</coordinates></Point></Placemark>
<Placemark><description>node_id=6341954287</description><name></name><styleUrl>style1</styleUrl><Point><altitudeMode>clampToGround</altitudeMode><coordinates>14.4155524,50.1057479</coordinates></Point></Placemark>
<Placemark><description>node_id=6341954290</description><name></name><styleUrl>style1</styleUrl><Point><altitudeMode>clampToGround</altitudeMode><coordinates>14.4150242,50.1076516</coordinates></Point></Placemark>
<Placemark><description>node_id=6341954291</description><name></name><styleUrl>style1</styleUrl><Point><altitudeMode>clampToGround</altitudeMode><coordinates>14.4151093,50.1076497</coordinates></Point></Placemark>
<Placemark><description>node_id=6341954320</description><name></name><styleUrl>style1</styleUrl><Point><altitudeMode>clampToGround</altitudeMode><coordinates>14.4155363,50.1065155</coordinates></Point></Placemark>
<Placemark><description>node_id=6341954321</description><name></name><styleUrl>style1</styleUrl><Point><altitudeMode>clampToGround</altitudeMode><coordinates>14.4154325,50.1065075</coordinates></Point></Placemark>
<Placemark><description>node_id=6341954335</description><name></name><styleUrl>style1</styleUrl><Point><altitudeMode>clampToGround</altitudeMode><coordinates>14.4153967,50.1065027</coordinates></Point></Placemark>
<Placemark><description>node_id=6341954336</description><name></name><styleUrl>style1</styleUrl><Point><altitudeMode>clampToGround</altitudeMode><coordinates>14.4160532,50.1065587</coordinates></Point></Placemark>
<Placemark><description>node_id=6341954340</description><name></name><styleUrl>style1</styleUrl><Point><altitudeMode>clampToGround</altitudeMode><coordinates>14.4164845,50.1064172</coordinates></Point></Placemark>
<Placemark><description>node_id=6791932301</description><name></name><styleUrl>style1</styleUrl><Point><altitudeMode>clampToGround</altitudeMode><coordinates>14.4109484,50.1047378</coordinates></Point></Placemark>
<Placemark><description>node_id=6791932302</description><name></name><styleUrl>style1</styleUrl><Point><altitudeMode>clampToGround</altitudeMode><coordinates>14.4109458,50.1047541</coordinates></Point></Placemark>
<Placemark><description>node_id=6909296656</description><name></name><styleUrl>style1</styleUrl><Point><altitudeMode>clampToGround</altitudeMode><coordinates>14.4070391,50.1063908</coordinates></Point></Placemark>
<Placemark><description>node_id=6909296658</description><name></name><styleUrl>style1</styleUrl><Point><altitudeMode>clampToGround</altitudeMode><coordinates>14.4066777,50.1063817</coordinates></Point></Placemark>
<Placemark><description>node_id=6909296665</description><name></name><styleUrl>style1</styleUrl><Point><altitudeMode>clampToGround</altitudeMode><coordinates>14.4083033,50.1049136</coordinates></Point></Placemark>
<Placemark><description>node_id=6909296666</description><name></name><styleUrl>style1</styleUrl><Point><altitudeMode>clampToGround</altitudeMode><coordinates>14.4083190,50.1049588</coordinates></Point></Placemark>
<Placemark><description>node_id=6909484890</description><name></name><styleUrl>style1</styleUrl><Point><altitudeMode>clampToGround</altitudeMode><coordinates>14.4217854,50.1050966</coordinates></Point></Placemark>
<Placemark><description>node_id=6909484891</description><name></name><styleUrl>style1</styleUrl><Point><altitudeMode>clampToGround</altitudeMode><coordinates>14.4218923,50.1051779</coordinates></Point></Placemark>
<Placemark><description>node_id=6909484892</description><name></name><styleUrl>style1</styleUrl><Point><altitudeMode>clampToGround</altitudeMode><coordinates>14.4217375,50.1050971</coordinates></Point></Placemark>
<Placemark><description>node_id=6909484894</description><name></name><styleUrl>style1</styleUrl><Point><altitudeMode>clampToGround</altitudeMode><coordinates>14.4216335,50.1050304</coordinates></Point></Placemark>
<Placemark><description>node_id=6909484895</description><name></name><styleUrl>style1</styleUrl><Point><altitudeMode>clampToGround</altitudeMode><coordinates>14.4216091,50.1050208</coordinates></Point></Placemark>
<Placemark><description>node_id=6909484896</description><name></name><styleUrl>style1</styleUrl><Point><altitudeMode>clampToGround</altitudeMode><coordinates>14.4215071,50.1049487</coordinates></Point></Placemark>
<Placemark><description>node_id=6909484897</description><name></name><styleUrl>style1</styleUrl><Point><altitudeMode>clampToGround</altitudeMode><coordinates>14.4214885,50.1049377</coordinates></Point></Placemark>
<Placemark><description>node_id=7623810259</description><name></name><styleUrl>style1</styleUrl><Point><altitudeMode>clampToGround</altitudeMode><coordinates>14.4219831,50.1073272</coordinates></Point></Placemark>
<Placemark><description>node_id=7623810261</description><name></name><styleUrl>style1</styleUrl><Point><altitudeMode>clampToGround</altitudeMode><coordinates>14.4219037,50.1072669</coordinates></Point></Placemark>
<Placemark><description>node_id=7623810276</description><name></name><styleUrl>style1</styleUrl><Point><altitudeMode>clampToGround</altitudeMode><coordinates>14.4219802,50.1071756</coordinates></Point></Placemark>
<Placemark><description>node_id=7623810278</description><name></name><styleUrl>style1</styleUrl><Point><altitudeMode>clampToGround</altitudeMode><coordinates>14.4220658,50.1071945</coordinates></Point></Placemark>
<Placemark><description>node_id=7714594766</description><name></name><styleUrl>style1</styleUrl><Point><altitudeMode>clampToGround</altitudeMode><coordinates>14.4248017,50.1082065</coordinates></Point></Placemark>
<Placemark><description>node_id=7714594772</description><name></name><styleUrl>style1</styleUrl><Point><altitudeMode>clampToGround</altitudeMode><coordinates>14.4242231,50.1079444</coordinates></Point></Placemark>
<Placemark><description>node_id=7714594773</description><name></name><styleUrl>style1</styleUrl><Point><altitudeMode>clampToGround</altitudeMode><coordinates>14.4241221,50.1078878</coordinates></Point></Placemark>
<Placemark><description>node_id=7714619203</description><name></name><styleUrl>style1</styleUrl><Point><altitudeMode>clampToGround</altitudeMode><coordinates>14.4223911,50.1090120</coordinates></Point></Placemark>
<Placemark><description>node_id=7714619204</description><name></name><styleUrl>style1</styleUrl><Point><altitudeMode>clampToGround</altitudeMode><coordinates>14.4223631,50.1089679</coordinates></Point></Placemark>
<Placemark><description>node_id=7900698534</description><name></name><styleUrl>style1</styleUrl><Point><altitudeMode>clampToGround</altitudeMode><coordinates>14.4151136,50.1077753</coordinates></Point></Placemark>
<Placemark><description>node_id=7900698535</description><name></name><styleUrl>style1</styleUrl><Point><altitudeMode>clampToGround</altitudeMode><coordinates>14.4150953,50.1076904</coordinates></Point></Placemark>
<Placemark><description>node_id=8631873087</description><name></name><styleUrl>style1</styleUrl><Point><altitudeMode>clampToGround</altitudeMode><coordinates>14.4188102,50.1087852</coordinates></Point></Placemark>
<Placemark><description>node_id=8631873088</description><name></name><styleUrl>style1</styleUrl><Point><altitudeMode>clampToGround</altitudeMode><coordinates>14.4193451,50.1086951</coordinates></Point></Placemark>
<Placemark><description>node_id=8631873089</description><name></name><styleUrl>style1</styleUrl><Point><altitudeMode>clampToGround</altitudeMode><coordinates>14.4191358,50.1087259</coordinates></Point></Placemark>
<Placemark><description>node_id=8644975518</description><name></name><styleUrl>style1</styleUrl><Point><altitudeMode>clampToGround</altitudeMode><coordinates>14.4144662,50.1046388</coordinates></Point></Placemark>
<Placemark><description>node_id=8852424425</description><name></name><styleUrl>style1</styleUrl><Point><altitudeMode>clampToGround</altitudeMode><coordinates>14.4276575,50.1051715</coordinates></Point></Placemark>
<Placemark><description>node_id=8918425370</description><name></name><styleUrl>style1</styleUrl><Point><altitudeMode>clampToGround</altitudeMode><coordinates>14.4195991,50.1043224</coordinates></Point></Placemark>
<Placemark><description>node_id=9394012037</description><name></name><styleUrl>style1</styleUrl><Point><altitudeMode>clampToGround</altitudeMode><coordinates>14.4187837,50.1086526</coordinates></Point></Placemark>
<Placemark><description>node_id=9394012038</description><name></name><styleUrl>style1</styleUrl><Point><altitudeMode>clampToGround</altitudeMode><coordinates>14.4187259,50.1085486</coordinates></Point></Placemark>
<Placemark><description>node_id=9394012067</description><name></name><styleUrl>style1</styleUrl><Point><altitudeMode>clampToGround</altitudeMode><coordinates>14.4186276,50.1050881</coordinates></Point></Placemark>
<Placemark><description>node_id=9418023189</description><name></name><styleUrl>style1</styleUrl><Point><altitudeMode>clampToGround</altitudeMode><coordinates>14.4227254,50.1107316</coordinates></Point></Placemark>
<Placemark><description>node_id=9507753830</description><name></name><styleUrl>style1</styleUrl><Point><altitudeMode>clampToGround</altitudeMode><coordinates>14.4276367,50.1063592</coordinates></Point></Placemark>
<Placemark><description>node_id=9507753831</description><name></name><styleUrl>style1</styleUrl><Point><altitudeMode>clampToGround</altitudeMode><coordinates>14.4277003,50.1064127</coordinates></Point></Placemark>
<Placemark><description>node_id=9582389406</description><name></name><styleUrl>style1</styleUrl><Point><altitudeMode>clampToGround</altitudeMode><coordinates>14.4155311,50.1055128</coordinates></Point></Placemark>
<Placemark><description>node_id=9582389408</description><name></name><styleUrl>style1</styleUrl><Point><altitudeMode>clampToGround</altitudeMode><coordinates>14.4153610,50.1056113</coordinates></Point></Placemark>
<Placemark><description>node_id=9582389409</description><name></name><styleUrl>style1</styleUrl><Point><altitudeMode>clampToGround</altitudeMode><coordinates>14.4153029,50.1057243</coordinates></Point></Placemark>
<Placemark><description>node_id=9626343782</description><name></name><styleUrl>style1</styleUrl><Point><altitudeMode>clampToGround</altitudeMode><coordinates>14.4269205,50.1066766</coordinates></Point></Placemark>
<Placemark><description>node_id=9626343783</description><name></name><styleUrl>style1</styleUrl><Point><altitudeMode>clampToGround</altitudeMode><coordinates>14.4271813,50.1067413</coordinates></Point></Placemark>
<Placemark><description>node_id=9626343786</description><name></name><styleUrl>style1</styleUrl><Point><altitudeMode>clampToGround</altitudeMode><coordinates>14.4271529,50.1067342</coordinates></Point></Placemark>
<Placemark><description>node_id=9626343787</description><name></name><styleUrl>style1</styleUrl><Point><altitudeMode>clampToGround</altitudeMode><coordinates>14.4273446,50.1064422</coordinates></Point></Placemark>
<Placemark><description>node_id=10103247696</description><name></name><styleUrl>style1</styleUrl><Point><altitudeMode>clampToGround</altitudeMode><coordinates>14.4211799,50.1065690</coordinates></Point></Placemark>
<Placemark><description>node_id=10286131083</description><name></name><styleUrl>style1</styleUrl><Point><altitudeMode>clampToGround</altitudeMode><coordinates>14.4288770,50.1033773</coordinates></Point></Placemark>
<Placemark><description>node_id=10286131101</description><name></name><styleUrl>style1</styleUrl><Point><altitudeMode>clampToGround</altitudeMode><coordinates>14.4289910,50.1034061</coordinates></Point></Placemark>
<Placemark><description>node_id=10597429824</description><name></name><styleUrl>style1</styleUrl><Point><altitudeMode>clampToGround</altitudeMode><coordinates>14.4276654,50.1057286</coordinates></Point></Placemark>
<Placemark><description>node_id=10717481578</description><name></name><styleUrl>style1</styleUrl><Point><altitudeMode>clampToGround</altitudeMode><coordinates>14.4219559,50.1090887</coordinates></Point></Placemark>
<Placemark><description>node_id=10717481582</description><name></name><styleUrl>style1</styleUrl><Point><altitudeMode>clampToGround</altitudeMode><coordinates>14.4214851,50.1094318</coordinates></Point></Placemark>
<Placemark><description>node_id=10717512808</description><name></name><styleUrl>style1</styleUrl><Point><altitudeMode>clampToGround</altitudeMode><coordinates>14.4185975,50.1092237</coordinates></Point></Placemark>
<Placemark><description>node_id=10766219608</description><name></name><styleUrl>style1</styleUrl><Point><altitudeMode>clampToGround</altitudeMode><coordinates>14.4165414,50.1063306</coordinates></Point></Placemark>
<Placemark><description>node_id=10994351174</description><name></name><styleUrl>style1</styleUrl><Point><altitudeMode>clampToGround</altitudeMode><coordinates>14.4169601,50.1061614</coordinates></Point></Placemark>
<Placemark><description>node_id=10994351178</description><name></name><styleUrl>style1</styleUrl><Point><altitudeMode>clampToGround</altitudeMode><coordinates>14.4166031,50.1063446</coordinates></Point></Placemark>
<Placemark><description>node_id=11290574293</description><name></name><styleUrl>style1</styleUrl><Point><altitudeMode>clampToGround</altitudeMode><coordinates>14.4150106,50.1099362</coordinates></Point></Placemark>
<Placemark><description>node_id=11290574303</description><name></name><styleUrl>style1</styleUrl><Point><altitudeMode>clampToGround</altitudeMode><coordinates>14.4177464,50.1096029</coordinates></Point></Placemark>
<Placemark><description>node_id=11717512100</description><name></name><styleUrl>style1</styleUrl><Point><altitudeMode>clampToGround</altitudeMode><coordinates>14.4183193,50.1032195</coordinates></Point></Placemark>
<Placemark><description>node_id=11763960114</description><name></name><styleUrl>style1</styleUrl><Point><altitudeMode>clampToGround</altitudeMode><coordinates>14.4062161,50.1071579</coordinates></Point></Placemark>
<Placemark><description>node_id=11763960121</description><name></name><styleUrl>style1</styleUrl><Point><altitudeMode>clampToGround</altitudeMode><coordinates>14.4066721,50.1070201</coordinates></Point></Placemark>
<Placemark><description>node_id=11763960128</description><name></name><styleUrl>style1</styleUrl><Point><altitudeMode>clampToGround</altitudeMode><coordinates>14.4050066,50.1081096</coordinates></Point></Placemark>
<Placemark><description>node_id=11937262569</description><name></name><styleUrl>style1</styleUrl><Point><altitudeMode>clampToGround</altitudeMode><coordinates>14.4134172,50.1046598</coordinates></Point></Placemark>
<Placemark><description>node_id=12199340921</description><name></name><styleUrl>style1</styleUrl><Point><altitudeMode>clampToGround</altitudeMode><coordinates>14.4307643,50.1042346</coordinates></Point></Placemark>
<Placemark><description>node_id=12199340930</description><name></name><styleUrl>style1</styleUrl><Point><altitudeMode>clampToGround</altitudeMode><coordinates>14.4307769,50.1041100</coordinates></Point></Placemark>
<Placemark><description>node_id=12199340945</description><name></name><styleUrl>style1</styleUrl><Point><altitudeMode>clampToGround</altitudeMode><coordinates>14.4306207,50.1042384</coordinates></Point></Placemark>
<Placemark><description>node_id=12639072316</description><name></name><styleUrl>style1</styleUrl><Point><altitudeMode>clampToGround</altitudeMode><coordinates>14.4292815,50.1033984</coordinates></Point></Placemark>
<Placemark><description>node_id=12639072317</description><name></name><styleUrl>style1</styleUrl><Point><altitudeMode>clampToGround</altitudeMode><coordinates>14.4292742,50.1034196</coordinates></Point></Placemark>
<Placemark><description>node_id=12639072318</description><name></name><styleUrl>style1</styleUrl><Point><altitudeMode>clampToGround</altitudeMode><coordinates>14.4300634,50.1039390</coordinates></Point></Placemark>
<Placemark><description>node_id=13565424525</description><name></name><styleUrl>style1</styleUrl><Point><altitudeMode>clampToGround</altitudeMode><coordinates>14.4149168,50.1050771</coordinates></Point></Placemark>
<Placemark><description>node_id=13565424527</description><name></name><styleUrl>style1</styleUrl><Point><altitudeMode>clampToGround</altitudeMode><coordinates>14.4148022,50.1051365</coordinates></Point></Placemark>
<Placemark><description>node_id=13910724553</description><name></name><styleUrl>style1</styleUrl><Point><altitudeMode>clampToGround</altitudeMode><coordinates>14.4086353,50.1038979</coordinates></Point></Placemark>
<Placemark><description>node_id=13910724567</description><name></name><styleUrl>style1</styleUrl><Point><altitudeMode>clampToGround</altitudeMode><coordinates>14.4096145,50.1044555</coordinates></Point></Placemark>
<Placemark><description>node_id=13910724573</description><name></name><styleUrl>style1</styleUrl><Point><altitudeMode>clampToGround</altitudeMode><coordinates>14.4089134,50.1037634</coordinates></Point></Placemark>
<Placemark><description>node_id=14005305241</description><name></name><styleUrl>style1</styleUrl><Point><altitudeMode>clampToGround</altitudeMode><coordinates>14.4104618,50.1052189</coordinates></Point></Placemark>
<Placemark><description>node_id=14005305280</description><name></name><styleUrl>style1</styleUrl><Point><altitudeMode>clampToGround</altitudeMode><coordinates>14.4181102,50.1102148</coordinates></Point></Placemark>
<Placemark><description>node_id=14005305285</description><name></name><styleUrl>style1</styleUrl><Point><altitudeMode>clampToGround</altitudeMode><coordinates>14.4185219,50.1105292</coordinates></Point></Placemark>
</Folder>
<Folder><name>navMapSegment</name>
<Placemark><name>way_id=23315107</name><styleUrl>lstyle1</styleUrl><LineString id="way23315107"><extrude>0</extrude><tessellate>0</tessellate><altitudeMode>clampToGround</altitudeMode>
<coordinates>14.4176767,50.1076126,0.0,14.4185295,50.1074208,0.0,14.4190613,50.1073728,0.0,14.4195507,50.1073433,0.0,14.4198966,50.1073301,0.0,14.4202385,50.1073236,0.0,14.4204302,50.1073259,0.0,14.4206257,50.1073309,0.0,14.4207968,50.1073393,0.0,14.4209289,50.1073531,0.0,14.4211043,50.1073747,0.0,14.4215341,50.1074236,0.0,14.4216336,50.1074404,0.0</coordinates></LineString></Placemark>
<Placemark><name>way_id=23315115</name><styleUrl>lstyle1</styleUrl><LineString id="way23315115"><extrude>0</extrude><tessellate>0</tessellate><altitudeMode>clampToGround</altitudeMode>
<coordinates>14.4164565,50.1067971,0.0,14.4165048,50.1069179,0.0,14.4165586,50.1070074,0.0,14.4166468,50.1071084,0.0,14.4168039,50.1072510,0.0,14.4173837,50.1075386,0.0,14.4175172,50.1075950,0.0,14.4175842,50.1075886,0.0,14.4176767,50.1076126,0.0</coordinates></LineString></Placemark>
<Placemark><name>way_id=23315134</name><styleUrl>lstyle1</styleUrl><LineString id="way23315134"><extrude>0</extrude><tessellate>0</tessellate><altitudeMode>clampToGround</altitudeMode>
<coordinates>14.4230498,50.1059956,0.0,14.4231218,50.1058723,0.0,14.4231673,50.1058442,0.0,14.4237170,50.1057773,0.0,14.4244998,50.1056759,0.0,14.4253183,50.1055629,0.0,14.4257104,50.1055177,0.0,14.4262674,50.1054534,0.0,14.4270630,50.1052359,0.0,14.4271990,50.1051813,0.0,14.4274079,50.1051273,0.0,14.4276708,50.1051376,0.0,14.4277968,50.1051469,0.0,14.4279333,50.1051529,0.0,14.4280044,50.1051560,0.0</coordinates></LineString></Placemark>
<Placemark><name>way_id=24399673</name><styleUrl>lstyle1</styleUrl><LineString id="way24399673"><extrude>0</extrude><tessellate>0</tessellate><altitudeMode>clampToGround</altitudeMode>
<coordinates>14.4307551,50.1041502,0.0,14.4306137,50.1041561,0.0</coordinates></LineString></Placemark>
<Placemark><name>way_id=25303588</name><styleUrl>lstyle1</styleUrl><LineString id="way25303588"><extrude>0</extrude><tessellate>0</tessellate><altitudeMode>clampToGround</altitudeMode>
<coordinates>14.4193763,50.1107450,0.0,14.4191600,50.1105570,0.0,14.4185219,50.1105292,0.0,14.4180982,50.1105108,0.0,14.4179858,50.1104602,0.0</coordinates></LineString></Placemark>
<Placemark><name>way_id=25303589</name><styleUrl>lstyle1</styleUrl><LineString id="way25303589"><extrude>0</extrude><tessellate>0</tessellate><altitudeMode>clampToGround</altitudeMode>
<coordinates>14.4211510,50.1054987,0.0,14.4211900,50.1054300,0.0,14.4212167,50.1053712,0.0,14.4213775,50.1052681,0.0,14.4215519,50.1051726,0.0</coordinates></LineString></Placemark>
<Placemark><name>way_id=25303590</name><styleUrl>lstyle1</styleUrl><LineString id="way25303590"><extrude>0</extrude><tessellate>0</tessellate><altitudeMode>clampToGround</altitudeMode>
<coordinates>14.4269229,50.1049944,0.0,14.4271337,50.1049454,0.0,14.4277176,50.1047674,0.0,14.4280387,50.1046573,0.0,14.4291699,50.1042986,0.0,14.4294504,50.1042248,0.0,14.4297917,50.1041576,0.0,14.4302668,50.1041051,0.0,14.4305922,50.1040858,0.0,14.4308411,50.1040403,0.0</coordinates></LineString></Placemark>
<Placemark><name>way_id=25303591</name><styleUrl>lstyle1</styleUrl><LineString id="way25303591"><extrude>0</extrude><tessellate>0</tessellate><altitudeMode>clampToGround</altitudeMode>
<coordinates>14.4305675,50.1044146,0.0,14.4306207,50.1042384,0.0,14.4306353,50.1042024,0.0</coordinates></LineString></Placemark>
<Placemark><name>way_id=25400095</name><styleUrl>lstyle1</styleUrl><LineString id="way25400095"><extrude>0</extrude><tessellate>0</tessellate><altitudeMode>clampToGround</altitudeMode>
<coordinates>14.4067231,50.1068641,0.0,14.4066779,50.1069437,0.0,14.4066721,50.1070201,0.0,14.4066387,50.1074572,0.0,14.4066113,50.1075722,0.0,14.4065648,50.1076862,0.0,14.4063884,50.1078879,0.0,14.4063582,50.1079236,0.0</coordinates></LineString></Placemark>
<Placemark><name>way_id=25400096</name><styleUrl>lstyle1</styleUrl><LineString id="way25400096"><extrude>0</extrude><tessellate>0</tessellate><altitudeMode>clampToGround</altitudeMode>
<coordinates>14.4208989,50.1054360,0.0,14.4211510,50.1054987,0.0,14.4230498,50.1059956,0.0</coordinates></LineString></Placemark>
<Placemark><name>way_id=25400097</name><styleUrl>lstyle1</styleUrl><LineString id="way25400097"><extrude>0</extrude><tessellate>0</tessellate><altitudeMode>clampToGround</altitudeMode>
<coordinates>14.4179872,50.1056579,0.0,14.4186677,50.1059833,0.0,14.4188827,50.1060573,0.0,14.4191048,50.1061032,0.0,14.4192580,50.1061270,0.0,14.4194670,50.1061381,0.0</coordinates></LineString></Placemark>
<Placemark><name>way_id=25400098</name><styleUrl>lstyle1</styleUrl><LineString id="way25400098"><extrude>0</extrude><tessellate>0</tessellate><altitudeMode>clampToGround</altitudeMode>
<coordinates>14.4164565,50.1067971,0.0,14.4164336,50.1066047,0.0,14.4164845,50.1064172,0.0,14.4165414,50.1063306,0.0,14.4166765,50.1061250,0.0</coordinates></LineString></Placemark>
<Placemark><name>way_id=25400100</name><styleUrl>lstyle1</styleUrl><LineString id="way25400100"><extrude>0</extrude><tessellate>0</tessellate><altitudeMode>clampToGround</altitudeMode>
<coordinates>14.4184728,50.1067935,0.0,14.4184654,50.1067099,0.0,14.4184088,50.1065414,0.0,14.4183847,50.1064924,0.0</coordinates></LineString></Placemark>
<Placemark><name>way_id=25400101</name><styleUrl>lstyle1</styleUrl><LineString id="way25400101"><extrude>0</extrude><tessellate>0</tessellate><altitudeMode>clampToGround</altitudeMode>
<coordinates>14.4185608,50.1083502,0.0,14.4185643,50.1082958,0.0,14.4185295,50.1074208,0.0,14.4185005,50.1071253,0.0</coordinates></LineString></Placemark>
<Placemark><name>way_id=25400103</name><styleUrl>lstyle1</styleUrl><LineString id="way25400103"><extrude>0</extrude><tessellate>0</tessellate><altitudeMode>clampToGround</altitudeMode>
<coordinates>14.4068086,50.1059923,0.0,14.4067113,50.1062154,0.0,14.4066777,50.1063817,0.0,14.4066529,50.1065049,0.0,14.4066495,50.1067096,0.0</coordinates></LineString></Placemark>
<Placemark><name>way_id=25400104</name><styleUrl>lstyle1</styleUrl><LineString id="way25400104"><extrude>0</extrude><tessellate>0</tessellate><altitudeMode>clampToGround</altitudeMode>
<coordinates>14.4096155,50.1050652,0.0,14.4096339,50.1049841,0.0,14.4096916,50.1048901,0.0,14.4096802,50.1047271,0.0,14.4097170,50.1045682,0.0,14.4096490,50.1044852,0.0</coordinates></LineString></Placemark>
<Placemark><name>way_id=25400105</name><styleUrl>lstyle1</styleUrl><LineString id="way25400105"><extrude>0</extrude><tessellate>0</tessellate><altitudeMode>clampToGround</altitudeMode>
<coordinates>14.4104397,50.1053079,0.0,14.4105760,50.1052523,0.0,14.4108682,50.1051945,0.0,14.4110672,50.1051873,0.0,14.4112340,50.1052131,0.0,14.4114429,50.1052755,0.0,14.4116520,50.1053545,0.0,14.4119481,50.1054606,0.0,14.4121205,50.1055246,0.0,14.4123826,50.1055971,0.0,14.4124782,50.1055326,0.0,14.4126293,50.1054534,0.0,14.4128413,50.1053851,0.0,14.4133731,50.1052224,0.0</coordinates></LineString></Placemark>
<Placemark><name>way_id=25400106</name><styleUrl>lstyle1</styleUrl><LineString id="way25400106"><extrude>0</extrude><tessellate>0</tessellate><altitudeMode>clampToGround</altitudeMode>
<coordinates>14.4232364,50.1029875,0.0,14.4229814,50.1029999,0.0,14.4228547,50.1030060,0.0,14.4225922,50.1030180,0.0,14.4215171,50.1030670,0.0,14.4211863,50.1031095,0.0,14.4203079,50.1032223,0.0</coordinates></LineString></Placemark>
<Placemark><name>way_id=25400107</name><styleUrl>lstyle1</styleUrl><LineString id="way25400107"><extrude>0</extrude><tessellate>0</tessellate><altitudeMode>clampToGround</altitudeMode>
<coordinates>14.4208989,50.1054360,0.0,14.4209657,50.1053277,0.0,14.4213151,50.1051488,0.0,14.4215591,50.1049854,0.0,14.4217072,50.1048489,0.0,14.4218392,50.1046606,0.0,14.4218907,50.1044846,0.0,14.4218449,50.1043525,0.0,14.4217277,50.1042333,0.0,14.4216255,50.1041863,0.0,14.4214961,50.1041488,0.0,14.4213417,50.1041325,0.0</coordinates></LineString></Placemark>
<Placemark><name>way_id=25400109</name><styleUrl>lstyle1</styleUrl><LineString id="way25400109"><extrude>0</extrude><tessellate>0</tessellate><altitudeMode>clampToGround</altitudeMode>
<coordinates>14.4146714,50.1043609,0.0,14.4146573,50.1043622,0.0,14.4144975,50.1043730,0.0,14.4143526,50.1043849,0.0,14.4141299,50.1044004,0.0,14.4139941,50.1044054,0.0</coordinates></LineString></Placemark>
<Placemark><name>way_id=25400110</name><styleUrl>lstyle1</styleUrl><LineString id="way25400110"><extrude>0</extrude><tessellate>0</tessellate><altitudeMode>clampToGround</altitudeMode>
<coordinates>14.4129707,50.1106845,0.0,14.4129546,50.1106522,0.0,14.4129137,50.1105853,0.0,14.4126175,50.1102530,0.0,14.4123231,50.1103008,0.0,14.4115431,50.1103299,0.0</coordinates></LineString></Placemark>
<Placemark><name>way_id=25400112</name><styleUrl>lstyle1</styleUrl><LineString id="way25400112"><extrude>0</extrude><tessellate>0</tessellate><altitudeMode>clampToGround</altitudeMode>
<coordinates>14.4154803,50.1056949,0.0,14.4155524,50.1057479,0.0,14.4158319,50.1059593,0.0,14.4158747,50.1060633,0.0,14.4159090,50.1061551,0.0,14.4159315,50.1062377,0.0,14.4159418,50.1063215,0.0,14.4159472,50.1063956,0.0,14.4159440,50.1064586,0.0,14.4159377,50.1065520,0.0,14.4158685,50.1067586,0.0,14.4157381,50.1070375,0.0,14.4156141,50.1072675,0.0,14.4156074,50.1073719,0.0,14.4156380,50.1074756,0.0,14.4156685,50.1075276,0.0,14.4157195,50.1075822,0.0,14.4157771,50.1076162,0.0,14.4158587,50.1076482,0.0</coordinates></LineString></Placemark>
<Placemark><name>way_id=25400114</name><styleUrl>lstyle1</styleUrl><LineString id="way25400114"><extrude>0</extrude><tessellate>0</tessellate><altitudeMode>clampToGround</altitudeMode>
<coordinates>14.4184657,50.1094491,0.0,14.4183611,50.1094906,0.0,14.4182937,50.1095242,0.0,14.4179697,50.1096859,0.0,14.4175347,50.1099346,0.0,14.4174526,50.1099809,0.0,14.4172718,50.1100828,0.0,14.4167481,50.1103985,0.0</coordinates></LineString></Placemark>
<Placemark><name>way_id=25400115</name><styleUrl>lstyle1</styleUrl><LineString id="way25400115"><extrude>0</extrude><tessellate>0</tessellate><altitudeMode>clampToGround</altitudeMode>
<coordinates>14.4232244,50.1060425,0.0,14.4235399,50.1063904,0.0,14.4237099,50.1065730,0.0,14.4239414,50.1068736,0.0,14.4240844,50.1071880,0.0,14.4241131,50.1075507,0.0,14.4240754,50.1078593,0.0,14.4240872,50.1079195,0.0</coordinates></LineString></Placemark>
<Placemark><name>way_id=25582860</name><styleUrl>lstyle1</styleUrl><LineString id="way25582860"><extrude>0</extrude><tessellate>0</tessellate><altitudeMode>clampToGround</altitudeMode>
<coordinates>14.4065648,50.1076862,0.0,14.4067152,50.1076764,0.0,14.4068129,50.1076070,0.0,14.4071270,50.1073677,0.0,14.4072200,50.1073152,0.0,14.4075136,50.1072395,0.0,14.4078555,50.1071891,0.0,14.4082322,50.1071471,0.0,14.4085398,50.1071755,0.0,14.4088776,50.1072235,0.0,14.4093110,50.1072770,0.0,14.4100479,50.1073208,0.0,14.4108666,50.1074658,0.0,14.4112479,50.1075996,0.0,14.4116639,50.1078366,0.0,14.4120594,50.1080872,0.0,14.4123176,50.1083016,0.0,14.4123944,50.1083976,0.0,14.4124248,50.1085286,0.0,14.4124547,50.1087382,0.0,14.4124908,50.1091888,0.0,14.4124984,50.1095383,0.0,14.4126175,50.1102530,0.0</coordinates></LineString></Placemark>
<Placemark><name>way_id=25738282</name><styleUrl>lstyle1</styleUrl><LineString id="way25738282"><extrude>0</extrude><tessellate>0</tessellate><altitudeMode>clampToGround</altitudeMode>
<coordinates>14.4066495,50.1067096,0.0,14.4065358,50.1067011,0.0,14.4064056,50.1066581,0.0</coordinates></LineString></Placemark>
<Placemark><name>way_id=27119848</name><styleUrl>lstyle1</styleUrl><LineString id="way27119848"><extrude>0</extrude><tessellate>0</tessellate><altitudeMode>clampToGround</altitudeMode>
<coordinates>14.4179858,50.1104602,0.0,14.4181102,50.1102148,0.0,14.4181872,50.1100628,0.0,14.4184152,50.1095658,0.0</coordinates></LineString></Placemark>
<Placemark><name>way_id=27119850</name><styleUrl>lstyle1</styleUrl><LineString id="way27119850"><extrude>0</extrude><tessellate>0</tessellate><altitudeMode>clampToGround</altitudeMode>
<coordinates>14.4179858,50.1104602,0.0,14.4179262,50.1106111,0.0</coordinates></LineString></Placemark>
<Placemark><name>way_id=27119852</name><styleUrl>lstyle1</styleUrl><LineString id="way27119852"><extrude>0</extrude><tessellate>0</tessellate><altitudeMode>clampToGround</altitudeMode>
<coordinates>14.4189928,50.1086088,0.0,14.4187259,50.1085486,0.0,14.4185669,50.1085128,0.0,14.4152619,50.1077491,0.0,14.4150953,50.1076904,0.0,14.4150789,50.1076846,0.0,14.4150242,50.1076516,0.0,14.4149806,50.1076221,0.0</coordinates></LineString></Placemark>
<Placemark><name>way_id=27119854</name><styleUrl>lstyle1</styleUrl><LineString id="way27119854"><extrude>0</extrude><tessellate>0</tessellate><altitudeMode>clampToGround</altitudeMode>
<coordinates>14.4240872,50.1079195,0.0,14.4241221,50.1078878,0.0,14.4246891,50.1073719,0.0,14.4250043,50.1071480,0.0,14.4254560,50.1069453,0.0,14.4260124,50.1067873,0.0</coordinates></LineString></Placemark>
<Placemark><name>way_id=27119856</name><styleUrl>lstyle1</styleUrl><LineString id="way27119856"><extrude>0</extrude><tessellate>0</tessellate><altitudeMode>clampToGround</altitudeMode>
<coordinates>14.4240872,50.1079195,0.0,14.4238262,50.1082173,0.0,14.4236713,50.1083799,0.0,14.4234935,50.1085126,0.0,14.4232662,50.1086458,0.0,14.4230235,50.1087686,0.0,14.4226708,50.1088925,0.0,14.4223631,50.1089679,0.0,14.4222522,50.1089951,0.0,14.4219987,50.1090463,0.0,14.4216348,50.1090831,0.0,14.4213268,50.1090937,0.0,14.4208437,50.1090422,0.0,14.4202870,50.1089167,0.0,14.4195036,50.1087337,0.0</coordinates></LineString></Placemark>
<Placemark><name>way_id=27119858</name><styleUrl>lstyle1</styleUrl><LineString id="way27119858"><extrude>0</extrude><tessellate>0</tessellate><altitudeMode>clampToGround</altitudeMode>
<coordinates>14.4286622,50.1051835,0.0,14.4289860,50.1050576,0.0,14.4291857,50.1049799,0.0,14.4293849,50.1049016,0.0,14.4296841,50.1047762,0.0,14.4301740,50.1045820,0.0,14.4303951,50.1044913,0.0</coordinates></LineString></Placemark>
<Placemark><name>way_id=27126961</name><styleUrl>lstyle1</styleUrl><LineString id="way27126961"><extrude>0</extrude><tessellate>0</tessellate><altitudeMode>clampToGround</altitudeMode>
<coordinates>14.4259746,50.1085170,0.0,14.4258622,50.1084433,0.0,14.4258124,50.1084106,0.0,14.4257307,50.1083269,0.0,14.4258710,50.1081159,0.0,14.4259699,50.1079778,0.0,14.4262763,50.1075499,0.0,14.4266162,50.1070691,0.0,14.4266609,50.1070061,0.0,14.4266813,50.1069741,0.0</coordinates></LineString></Placemark>
<Placemark><name>way_id=27127020</name><styleUrl>lstyle1</styleUrl><LineString id="way27127020"><extrude>0</extrude><tessellate>0</tessellate><altitudeMode>clampToGround</altitudeMode>
<coordinates>14.4266813,50.1069741,0.0,14.4267642,50.1068159,0.0,14.4269205,50.1066766,0.0,14.4271059,50.1065118,0.0</coordinates></LineString></Placemark>
<Placemark><name>way_id=29917734</name><styleUrl>lstyle1</styleUrl><LineString id="way29917734"><extrude>0</extrude><tessellate>0</tessellate><altitudeMode>clampToGround</altitudeMode>
<coordinates>14.4194670,50.1061381,0.0,14.4196186,50.1061250,0.0</coordinates></LineString></Placemark>
<Placemark><name>way_id=29917742</name><styleUrl>lstyle1</styleUrl><LineString id="way29917742"><extrude>0</extrude><tessellate>0</tessellate><altitudeMode>clampToGround</altitudeMode>
<coordinates>14.4196186,50.1061250,0.0,14.4198085,50.1060972,0.0,14.4200149,50.1060546,0.0,14.4202456,50.1060878,0.0,14.4204416,50.1061340,0.0,14.4206040,50.1061868,0.0,14.4208906,50.1062932,0.0,14.4213392,50.1064920,0.0,14.4220034,50.1067164,0.0</coordinates></LineString></Placemark>
<Placemark><name>way_id=29917746</name><styleUrl>lstyle1</styleUrl><LineString id="way29917746"><extrude>0</extrude><tessellate>0</tessellate><altitudeMode>clampToGround</altitudeMode>
<coordinates>14.4172265,50.1054234,0.0,14.4175988,50.1054355,0.0,14.4177377,50.1054314,0.0,14.4178617,50.1054225,0.0</coordinates></LineString></Placemark>
<Placemark><name>way_id=29917750</name><styleUrl>lstyle1</styleUrl><LineString id="way29917750"><extrude>0</extrude><tessellate>0</tessellate><altitudeMode>clampToGround</altitudeMode>
<coordinates>14.4178617,50.1054225,0.0,14.4180150,50.1053600,0.0,14.4181743,50.1053218,0.0,14.4183197,50.1053000,0.0,14.4185982,50.1052669,0.0,14.4188694,50.1052489,0.0,14.4189916,50.1052504,0.0,14.4190422,50.1052534,0.0,14.4190871,50.1052600,0.0,14.4191484,50.1052816,0.0,14.4192303,50.1053284,0.0,14.4193262,50.1054032,0.0,14.4195383,50.1055696,0.0,14.4197622,50.1057562,0.0,14.4198992,50.1059007,0.0,14.4200149,50.1060546,0.0</coordinates></LineString></Placemark>
<Placemark><name>way_id=29919508</name><styleUrl>lstyle1</styleUrl><LineString id="way29919508"><extrude>0</extrude><tessellate>0</tessellate><altitudeMode>clampToGround</altitudeMode>
<coordinates>14.4155384,50.1044834,0.0,14.4160137,50.1044983,0.0,14.4169388,50.1043814,0.0,14.4170434,50.1043722,0.0,14.4171978,50.1043643,0.0,14.4174284,50.1043630,0.0,14.4181699,50.1044021,0.0,14.4186430,50.1044375,0.0,14.4188557,50.1044704,0.0,14.4188920,50.1044771,0.0</coordinates></LineString></Placemark>
<Placemark><name>way_id=29919510</name><styleUrl>lstyle1</styleUrl><LineString id="way29919510"><extrude>0</extrude><tessellate>0</tessellate><altitudeMode>clampToGround</altitudeMode>
<coordinates>14.4188557,50.1044704,0.0,14.4186254,50.1045140,0.0,14.4183629,50.1045573,0.0,14.4181649,50.1046080,0.0,14.4181387,50.1046293,0.0,14.4181255,50.1046490,0.0,14.4182088,50.1046339,0.0,14.4183310,50.1046207,0.0,14.4184049,50.1046168,0.0,14.4184684,50.1046190,0.0,14.4185437,50.1046278,0.0,14.4187410,50.1046643,0.0,14.4189832,50.1047160,0.0,14.4193719,50.1047972,0.0,14.4192524,50.1050266,0.0</coordinates></LineString></Placemark>
<Placemark><name>way_id=29919511</name><styleUrl>lstyle1</styleUrl><LineString id="way29919511"><extrude>0</extrude><tessellate>0</tessellate><altitudeMode>clampToGround</altitudeMode>
<coordinates>14.4188920,50.1044771,0.0,14.4189782,50.1045282,0.0,14.4191136,50.1045924,0.0,14.4191877,50.1046340,0.0,14.4192411,50.1046694,0.0,14.4193719,50.1047972,0.0,14.4200561,50.1049743,0.0,14.4207700,50.1052200,0.0,14.4209755,50.1051541,0.0,14.4211765,50.1050558,0.0,14.4213043,50.1049947,0.0,14.4214224,50.1048989,0.0,14.4215448,50.1047634,0.0,14.4216265,50.1046441,0.0,14.4216900,50.1045073,0.0,14.4216877,50.1044317,0.0,14.4216446,50.1043677,0.0,14.4215825,50.1043244,0.0,14.4215419,50.1043013,0.0,14.4214896,50.1042879,0.0,14.4214373,50.1042916,0.0,14.4213665,50.1043103,0.0,14.4212085,50.1043512,0.0,14.4210477,50.1043646,0.0,14.4208619,50.1043627,0.0,14.4207145,50.1043420,0.0,14.4203543,50.1043068,0.0,14.4200120,50.1043169,0.0,14.4195940,50.1041305,0.0,14.4195642,50.1040937,0.0</coordinates></LineString></Placemark>
<Placemark><name>way_id=29919513</name><styleUrl>lstyle1</styleUrl><LineString id="way29919513"><extrude>0</extrude><tessellate>0</tessellate><altitudeMode>clampToGround</altitudeMode>
<coordinates>14.4207700,50.1052200,0.0,14.4209657,50.1053277,0.0</coordinates></LineString></Placemark>
<Placemark><name>way_id=30025204</name><styleUrl>lstyle1</styleUrl><LineString id="way30025204"><extrude>0</extrude><tessellate>0</tessellate><altitudeMode>clampToGround</altitudeMode>
<coordinates>14.4171927,50.1052876,0.0,14.4171431,50.1051161,0.0</coordinates></LineString></Placemark>
<Placemark><name>way_id=30025205</name><styleUrl>lstyle1</styleUrl><LineString id="way30025205"><extrude>0</extrude><tessellate>0</tessellate><altitudeMode>clampToGround</altitudeMode>
<coordinates>14.4171197,50.1050428,0.0,14.4171648,50.1050074,0.0,14.4172687,50.1049915,0.0,14.4173380,50.1049166,0.0</coordinates></LineString></Placemark>
<Placemark><name>way_id=30025206</name><styleUrl>lstyle1</styleUrl><LineString id="way30025206"><extrude>0</extrude><tessellate>0</tessellate><altitudeMode>clampToGround</altitudeMode>
<coordinates>14.4171197,50.1050428,0.0,14.4170543,50.1050221,0.0,14.4168628,50.1050436,0.0</coordinates></LineString></Placemark>
<Placemark><name>way_id=30025207</name><styleUrl>lstyle1</styleUrl><LineString id="way30025207"><extrude>0</extrude><tessellate>0</tessellate><altitudeMode>clampToGround</altitudeMode>
<coordinates>14.4156570,50.1051801,0.0,14.4157148,50.1051712,0.0,14.4162990,50.1050807,0.0,14.4168474,50.1049963,0.0,14.4173380,50.1049166,0.0,14.4175546,50.1048708,0.0,14.4179288,50.1048233,0.0,14.4179810,50.1047840,0.0,14.4180348,50.1047509,0.0</coordinates></LineString></Placemark>
<Placemark><name>way_id=30025209</name><styleUrl>lstyle1</styleUrl><LineString id="way30025209"><extrude>0</extrude><tessellate>0</tessellate><altitudeMode>clampToGround</altitudeMode>
<coordinates>14.4173354,50.1077622,0.0,14.4175172,50.1075950,0.0</coordinates></LineString></Placemark>
<Placemark><name>way_id=30025210</name><styleUrl>lstyle1</styleUrl><LineString id="way30025210"><extrude>0</extrude><tessellate>0</tessellate><altitudeMode>clampToGround</altitudeMode>
<coordinates>14.4122821,50.1064498,0.0,14.4123034,50.1064069,0.0,14.4121694,50.1061366,0.0,14.4121507,50.1060928,0.0,14.4121455,50.1060542,0.0,14.4121477,50.1060186,0.0,14.4121719,50.1058902,0.0</coordinates></LineString></Placemark>
<Placemark><name>way_id=30025211</name><styleUrl>lstyle1</styleUrl><LineString id="way30025211"><extrude>0</extrude><tessellate>0</tessellate><altitudeMode>clampToGround</altitudeMode>
<coordinates>14.4148646,50.1045787,0.0,14.4152515,50.1046667,0.0</coordinates></LineString></Placemark>
<Placemark><name>way_id=30025212</name><styleUrl>lstyle1</styleUrl><LineString id="way30025212"><extrude>0</extrude><tessellate>0</tessellate><altitudeMode>clampToGround</altitudeMode>
<coordinates>14.4127129,50.1050257,0.0,14.4133749,50.1050142,0.0,14.4139324,50.1049636,0.0</coordinates></LineString></Placemark>
<Placemark><name>way_id=30025213</name><styleUrl>lstyle1</styleUrl><LineString id="way30025213"><extrude>0</extrude><tessellate>0</tessellate><altitudeMode>clampToGround</altitudeMode>
<coordinates>14.4133731,50.1052224,0.0,14.4130560,50.1051358,0.0,14.4127129,50.1050257,0.0,14.4120151,50.1048978,0.0,14.4112916,50.1047869,0.0,14.4109458,50.1047541,0.0,14.4106675,50.1047277,0.0,14.4103880,50.1047173,0.0,14.4100162,50.1045798,0.0,14.4099156,50.1045519,0.0,14.4098073,50.1045537,0.0,14.4097170,50.1045682,0.0</coordinates></LineString></Placemark>
<Placemark><name>way_id=30025215</name><styleUrl>lstyle1</styleUrl><LineString id="way30025215"><extrude>0</extrude><tessellate>0</tessellate><altitudeMode>clampToGround</altitudeMode>
<coordinates>14.4149302,50.1073850,0.0,14.4148805,50.1073130,0.0,14.4148563,50.1072242,0.0,14.4148587,50.1070015,0.0,14.4149900,50.1065951,0.0,14.4150205,50.1064994,0.0,14.4150292,50.1064321,0.0,14.4150259,50.1063858,0.0,14.4149925,50.1062432,0.0,14.4149880,50.1062101,0.0,14.4149927,50.1061830,0.0,14.4150106,50.1061412,0.0,14.4150913,50.1059966,0.0,14.4152050,50.1057682,0.0,14.4153029,50.1057243,0.0,14.4153481,50.1057040,0.0,14.4154803,50.1056949,0.0</coordinates></LineString></Placemark>
<Placemark><name>way_id=30025216</name><styleUrl>lstyle1</styleUrl><LineString id="way30025216"><extrude>0</extrude><tessellate>0</tessellate><altitudeMode>clampToGround</altitudeMode>
<coordinates>14.4148587,50.1070015,0.0,14.4147418,50.1070464,0.0,14.4145184,50.1071827,0.0,14.4143771,50.1072802,0.0</coordinates></LineString></Placemark>
<Placemark><name>way_id=30025218</name><styleUrl>lstyle1</styleUrl><LineString id="way30025218"><extrude>0</extrude><tessellate>0</tessellate><altitudeMode>clampToGround</altitudeMode>
<coordinates>14.4131893,50.1057298,0.0,14.4130865,50.1058664,0.0,14.4129661,50.1060447,0.0,14.4129233,50.1061378,0.0,14.4128860,50.1062264,0.0,14.4128632,50.1063328,0.0,14.4128565,50.1064591,0.0</coordinates></LineString></Placemark>
<Placemark><name>way_id=30025219</name><styleUrl>lstyle1</styleUrl><LineString id="way30025219"><extrude>0</extrude><tessellate>0</tessellate><altitudeMode>clampToGround</altitudeMode>
<coordinates>14.4113627,50.1061607,0.0,14.4114682,50.1061481,0.0,14.4115659,50.1062192,0.0</coordinates></LineString></Placemark>
<Placemark><name>way_id=30025220</name><styleUrl>lstyle1</styleUrl><LineString id="way30025220"><extrude>0</extrude><tessellate>0</tessellate><altitudeMode>clampToGround</altitudeMode>
<coordinates>14.4122450,50.1066928,0.0,14.4123383,50.1067307,0.0,14.4124511,50.1067499,0.0,14.4125458,50.1067544,0.0,14.4134494,50.1067299,0.0,14.4135032,50.1067281,0.0,14.4135477,50.1067306,0.0,14.4135844,50.1067415,0.0,14.4136199,50.1067571,0.0,14.4137024,50.1068167,0.0,14.4137077,50.1068941,0.0,14.4138333,50.1068172,0.0,14.4139789,50.1066602,0.0,14.4141226,50.1065890,0.0,14.4141802,50.1065763,0.0,14.4142169,50.1065604,0.0,14.4142478,50.1065392,0.0,14.4143625,50.1064254,0.0</coordinates></LineString></Placemark>
<Placemark><name>way_id=31172075</name><styleUrl>lstyle1</styleUrl><LineString id="way31172075"><extrude>0</extrude><tessellate>0</tessellate><altitudeMode>clampToGround</altitudeMode>
<coordinates>14.4146714,50.1043609,0.0,14.4147756,50.1044239,0.0</coordinates></LineString></Placemark>
<Placemark><name>way_id=31172076</name><styleUrl>lstyle1</styleUrl><LineString id="way31172076"><extrude>0</extrude><tessellate>0</tessellate><altitudeMode>clampToGround</altitudeMode>
<coordinates>14.4139033,50.1048581,0.0,14.4143990,50.1048825,0.0</coordinates></LineString></Placemark>
<Placemark><name>way_id=31172077</name><styleUrl>lstyle1</styleUrl><LineString id="way31172077"><extrude>0</extrude><tessellate>0</tessellate><altitudeMode>clampToGround</altitudeMode>
<coordinates>14.4066777,50.1063817,0.0,14.4069033,50.1064260,0.0,14.4070391,50.1063908,0.0,14.4075108,50.1063503,0.0,14.4080418,50.1062985,0.0,14.4084234,50.1062789,0.0,14.4091341,50.1062865,0.0,14.4098204,50.1063259,0.0,14.4101888,50.1063359,0.0,14.4106023,50.1062907,0.0,14.4109732,50.1063354,0.0,14.4113269,50.1063320,0.0,14.4113996,50.1063123,0.0</coordinates></LineString></Placemark>
<Placemark><name>way_id=32114980</name><styleUrl>lstyle1</styleUrl><LineString id="way32114980"><extrude>0</extrude><tessellate>0</tessellate><altitudeMode>clampToGround</altitudeMode>
<coordinates>14.4259532,50.1034672,0.0,14.4257460,50.1032639,0.0</coordinates></LineString></Placemark>
<Placemark><name>way_id=32114982</name><styleUrl>lstyle1</styleUrl><LineString id="way32114982"><extrude>0</extrude><tessellate>0</tessellate><altitudeMode>clampToGround</altitudeMode>
<coordinates>14.4257460,50.1032639,0.0,14.4256505,50.1032172,0.0,14.4255821,50.1031962,0.0,14.4254958,50.1031904,0.0,14.4249276,50.1032128,0.0,14.4248456,50.1032041,0.0,14.4245576,50.1031679,0.0,14.4232364,50.1029875,0.0</coordinates></LineString></Placemark>
<Placemark><name>way_id=33898711</name><styleUrl>lstyle1</styleUrl><LineString id="way33898711"><extrude>0</extrude><tessellate>0</tessellate><altitudeMode>clampToGround</altitudeMode>
<coordinates>14.4256195,50.1035353,0.0,14.4251119,50.1036413,0.0,14.4245754,50.1037372,0.0,14.4240751,50.1038082,0.0,14.4236341,50.1038394,0.0,14.4232401,50.1038206,0.0,14.4228826,50.1038396,0.0,14.4225198,50.1038968,0.0,14.4222667,50.1039981,0.0,14.4221877,50.1040752,0.0,14.4220484,50.1042763,0.0,14.4220345,50.1043713,0.0,14.4220690,50.1044673,0.0,14.4219914,50.1044988,0.0</coordinates></LineString></Placemark>
<Placemark><name>way_id=33898713</name><styleUrl>lstyle1</styleUrl><LineString id="way33898713"><extrude>0</extrude><tessellate>0</tessellate><altitudeMode>clampToGround</altitudeMode>
<coordinates>14.4194448,50.1039972,0.0,14.4192837,50.1039443,0.0,14.4183734,50.1037533,0.0,14.4182800,50.1036997,0.0</coordinates></LineString></Placemark>
<Placemark><name>way_id=33898714</name><styleUrl>lstyle1</styleUrl><LineString id="way33898714"><extrude>0</extrude><tessellate>0</tessellate><altitudeMode>clampToGround</altitudeMode>
<coordinates>14.4183527,50.1035427,0.0,14.4183327,50.1036411,0.0,14.4182800,50.1036997,0.0,14.4173139,50.1039291,0.0,14.4171156,50.1040029,0.0,14.4169129,50.1040528,0.0,14.4167253,50.1040565,0.0,14.4163797,50.1040174,0.0</coordinates></LineString></Placemark>
<Placemark><name>way_id=33898715</name><styleUrl>lstyle1</styleUrl><LineString id="way33898715"><extrude>0</extrude><tessellate>0</tessellate><altitudeMode>clampToGround</altitudeMode>
<coordinates>14.4218438,50.1039921,0.0,14.4220091,50.1040116,0.0,14.4222667,50.1039981,0.0</coordinates></LineString></Placemark>
<Placemark><name>way_id=33898716</name><styleUrl>lstyle1</styleUrl><LineString id="way33898716"><extrude>0</extrude><tessellate>0</tessellate><altitudeMode>clampToGround</altitudeMode>
<coordinates>14.4236341,50.1038394,0.0,14.4237217,50.1038730,0.0,14.4242121,50.1040250,0.0,14.4244763,50.1041776,0.0,14.4248847,50.1044995,0.0,14.4250795,50.1045936,0.0,14.4252784,50.1046428,0.0,14.4254538,50.1046668,0.0,14.4256603,50.1046662,0.0,14.4258709,50.1046382,0.0,14.4259734,50.1046129,0.0</coordinates></LineString></Placemark>
<Placemark><name>way_id=33898717</name><styleUrl>lstyle1</styleUrl><LineString id="way33898717"><extrude>0</extrude><tessellate>0</tessellate><altitudeMode>clampToGround</altitudeMode>
<coordinates>14.4285234,50.1037296,0.0,14.4286096,50.1038739,0.0,14.4286658,50.1039683,0.0,14.4286749,50.1040447,0.0,14.4286524,50.1041361,0.0,14.4285905,50.1041923,0.0,14.4284497,50.1042676,0.0,14.4282786,50.1044013,0.0,14.4281798,50.1045197,0.0,14.4280387,50.1046573,0.0</coordinates></LineString></Placemark>
<Placemark><name>way_id=33898718</name><styleUrl>lstyle1</styleUrl><LineString id="way33898718"><extrude>0</extrude><tessellate>0</tessellate><altitudeMode>clampToGround</altitudeMode>
<coordinates>14.4232244,50.1060425,0.0,14.4242501,50.1063027,0.0,14.4257634,50.1067218,0.0,14.4260124,50.1067873,0.0</coordinates></LineString></Placemark>
<Placemark><name>way_id=33898720</name><styleUrl>lstyle1</styleUrl><LineString id="way33898720"><extrude>0</extrude><tessellate>0</tessellate><altitudeMode>clampToGround</altitudeMode>
<coordinates>14.4242501,50.1063027,0.0,14.4242930,50.1062621,0.0,14.4247675,50.1063272,0.0</coordinates></LineString></Placemark>
<Placemark><name>way_id=33898724</name><styleUrl>lstyle1</styleUrl><LineString id="way33898724"><extrude>0</extrude><tessellate>0</tessellate><altitudeMode>clampToGround</altitudeMode>
<coordinates>14.4257460,50.1032639,0.0,14.4257867,50.1032464,0.0,14.4258121,50.1032473,0.0</coordinates></LineString></Placemark>
<Placemark><name>way_id=33898726</name><styleUrl>lstyle1</styleUrl><LineString id="way33898726"><extrude>0</extrude><tessellate>0</tessellate><altitudeMode>clampToGround</altitudeMode>
<coordinates>14.4260263,50.1045998,0.0,14.4264369,50.1046696,0.0,14.4267334,50.1048329,0.0,14.4269229,50.1049944,0.0</coordinates></LineString></Placemark>
<Placemark><name>way_id=43293930</name><styleUrl>lstyle1</styleUrl><LineString id="way43293930"><extrude>0</extrude><tessellate>0</tessellate><altitudeMode>clampToGround</altitudeMode>
<coordinates>14.4067231,50.1068641,0.0,14.4068605,50.1069293,0.0,14.4070010,50.1069884,0.0,14.4071016,50.1070031,0.0,14.4071983,50.1070076,0.0,14.4073063,50.1069989,0.0,14.4075690,50.1069451,0.0,14.4078238,50.1068917,0.0,14.4080057,50.1068598,0.0,14.4081935,50.1068398,0.0,14.4083682,50.1068245,0.0,14.4084789,50.1068208,0.0,14.4086773,50.1068230,0.0,14.4093116,50.1068369,0.0,14.4097720,50.1068764,0.0,14.4100020,50.1069029,0.0,14.4103916,50.1069678,0.0,14.4107234,50.1070428,0.0,14.4113228,50.1072253,0.0,14.4116074,50.1073096,0.0,14.4117568,50.1073649,0.0,14.4119853,50.1074690,0.0,14.4121577,50.1075558,0.0,14.4126294,50.1079229,0.0,14.4129340,50.1081577,0.0,14.4131183,50.1083010,0.0,14.4131944,50.1083972,0.0,14.4132558,50.1085177,0.0,14.4133050,50.1087540,0.0,14.4139704,50.1092819,0.0,14.4142885,50.1095067,0.0,14.4144635,50.1096318,0.0,14.4146428,50.1097429,0.0,14.4149268,50.1098963,0.0,14.4150106,50.1099362,0.0,14.4152296,50.1100404,0.0,14.4159572,50.1103477,0.0,14.4160775,50.1103596,0.0,14.4165307,50.1103863,0.0,14.4167481,50.1103985,0.0,14.4179858,50.1104602,0.0</coordinates></LineString></Placemark>
<Placemark><name>way_id=43293931</name><styleUrl>lstyle1</styleUrl><LineString id="way43293931"><extrude>0</extrude><tessellate>0</tessellate><altitudeMode>clampToGround</altitudeMode>
<coordinates>14.4068086,50.1059923,0.0,14.4069354,50.1058244,0.0,14.4070793,50.1056750,0.0,14.4073043,50.1055024,0.0,14.4074510,50.1054018,0.0,14.4077402,50.1052563,0.0,14.4080557,50.1051554,0.0,14.4083018,50.1051081,0.0,14.4086903,50.1050727,0.0</coordinates></LineString></Placemark>
<Placemark><name>way_id=43293934</name><styleUrl>lstyle1</styleUrl><LineString id="way43293934"><extrude>0</extrude><tessellate>0</tessellate><altitudeMode>clampToGround</altitudeMode>
<coordinates>14.4149806,50.1076221,0.0,14.4150287,50.1074394,0.0,14.4152732,50.1064948,0.0,14.4154803,50.1056949,0.0,14.4154962,50.1056047,0.0,14.4155311,50.1055128,0.0,14.4155816,50.1053797,0.0</coordinates></LineString></Placemark>
<Placemark><name>way_id=43302268</name><styleUrl>lstyle1</styleUrl><LineString id="way43302268"><extrude>0</extrude><tessellate>0</tessellate><altitudeMode>clampToGround</altitudeMode>
<coordinates>14.4184152,50.1095658,0.0,14.4186383,50.1096291,0.0,14.4197657,50.1099873,0.0,14.4207483,50.1101849,0.0,14.4208431,50.1102930,0.0,14.4209748,50.1103454,0.0,14.4212540,50.1104012,0.0,14.4218652,50.1104485,0.0,14.4220524,50.1104471,0.0,14.4222353,50.1104355,0.0,14.4225797,50.1104786,0.0,14.4226959,50.1105207,0.0,14.4227131,50.1105618,0.0,14.4227224,50.1105842,0.0,14.4228478,50.1105833,0.0,14.4238276,50.1105819,0.0</coordinates></LineString></Placemark>
<Placemark><name>way_id=43906829</name><styleUrl>lstyle1</styleUrl><LineString id="way43906829"><extrude>0</extrude><tessellate>0</tessellate><altitudeMode>clampToGround</altitudeMode>
<coordinates>14.4247675,50.1063272,0.0,14.4241930,50.1060453,0.0,14.4237746,50.1059126,0.0,14.4234504,50.1059606,0.0,14.4231218,50.1058723,0.0</coordinates></LineString></Placemark>
<Placemark><name>way_id=43907854</name><styleUrl>lstyle1</styleUrl><LineString id="way43907854"><extrude>0</extrude><tessellate>0</tessellate><altitudeMode>clampToGround</altitudeMode>
<coordinates>14.4277968,50.1051469,0.0,14.4279079,50.1051988,0.0,14.4279825,50.1052775,0.0,14.4280067,50.1052981,0.0,14.4280691,50.1053722,0.0,14.4280876,50.1054448,0.0,14.4280786,50.1055336,0.0,14.4280148,50.1056702,0.0,14.4278552,50.1057935,0.0,14.4278269,50.1058154,0.0,14.4276657,50.1058640,0.0,14.4275155,50.1058708,0.0,14.4273746,50.1058515,0.0,14.4272269,50.1058139,0.0,14.4271086,50.1057472,0.0,14.4270206,50.1056567,0.0,14.4269833,50.1055297,0.0,14.4269874,50.1053466,0.0</coordinates></LineString></Placemark>
<Placemark><name>way_id=43907855</name><styleUrl>lstyle1</styleUrl><LineString id="way43907855"><extrude>0</extrude><tessellate>0</tessellate><altitudeMode>clampToGround</altitudeMode>
<coordinates>14.4278269,50.1058154,0.0,14.4276847,50.1059027,0.0,14.4275226,50.1059611,0.0,14.4273466,50.1059883,0.0,14.4272470,50.1059376,0.0,14.4271429,50.1058602,0.0,14.4270590,50.1057631,0.0,14.4270206,50.1056567,0.0</coordinates></LineString></Placemark>
<Placemark><name>way_id=43907856</name><styleUrl>lstyle1</styleUrl><LineString id="way43907856"><extrude>0</extrude><tessellate>0</tessellate><altitudeMode>clampToGround</altitudeMode>
<coordinates>14.4273466,50.1059883,0.0,14.4275711,50.1060658,0.0,14.4279442,50.1061434,0.0,14.4271158,50.1061551,0.0,14.4265778,50.1061267,0.0,14.4263438,50.1059928,0.0</coordinates></LineString></Placemark>
<Placemark><name>way_id=50914020</name><styleUrl>lstyle1</styleUrl><LineString id="way50914020"><extrude>0</extrude><tessellate>0</tessellate><altitudeMode>clampToGround</altitudeMode>
<coordinates>14.4215519,50.1051726,0.0,14.4218923,50.1051779,0.0,14.4223405,50.1051846,0.0,14.4223447,50.1051093,0.0,14.4232563,50.1051225,0.0,14.4253271,50.1051713,0.0,14.4257030,50.1051499,0.0,14.4260784,50.1051237,0.0,14.4264816,50.1050706,0.0,14.4269229,50.1049944,0.0</coordinates></LineString></Placemark>
<Placemark><name>way_id=50914022</name><styleUrl>lstyle1</styleUrl><LineString id="way50914022"><extrude>0</extrude><tessellate>0</tessellate><altitudeMode>clampToGround</altitudeMode>
<coordinates>14.4207472,50.1044543,0.0,14.4207145,50.1043420,0.0</coordinates></LineString></Placemark>
<Placemark><name>way_id=50914024</name><styleUrl>lstyle1</styleUrl><LineString id="way50914024"><extrude>0</extrude><tessellate>0</tessellate><altitudeMode>clampToGround</altitudeMode>
<coordinates>14.4214224,50.1048989,0.0,14.4214013,50.1048509,0.0,14.4213446,50.1047417,0.0,14.4212728,50.1046650,0.0</coordinates></LineString></Placemark>
<Placemark><name>way_id=53295804</name><styleUrl>lstyle1</styleUrl><LineString id="way53295804"><extrude>0</extrude><tessellate>0</tessellate><altitudeMode>clampToGround</altitudeMode>
<coordinates>14.4047036,50.1083049,0.0,14.4044444,50.1083568,0.0</coordinates></LineString></Placemark>
<Placemark><name>way_id=74172108</name><styleUrl>lstyle1</styleUrl><LineString id="way74172108"><extrude>0</extrude><tessellate>0</tessellate><altitudeMode>clampToGround</altitudeMode>
<coordinates>14.4139829,50.1055473,0.0,14.4141578,50.1055317,0.0,14.4143704,50.1055280,0.0,14.4144455,50.1055315,0.0,14.4145214,50.1055417,0.0,14.4148414,50.1056387,0.0,14.4148969,50.1056555,0.0,14.4152050,50.1057682,0.0</coordinates></LineString></Placemark>
<Placemark><name>way_id=74172109</name><styleUrl>lstyle1</styleUrl><LineString id="way74172109"><extrude>0</extrude><tessellate>0</tessellate><altitudeMode>clampToGround</altitudeMode>
<coordinates>14.4115659,50.1062192,0.0,14.4115971,50.1062413,0.0,14.4116290,50.1062660,0.0</coordinates></LineString></Placemark>
<Placemark><name>way_id=74172111</name><styleUrl>lstyle1</styleUrl><LineString id="way74172111"><extrude>0</extrude><tessellate>0</tessellate><altitudeMode>clampToGround</altitudeMode>
<coordinates>14.4121719,50.1058902,0.0,14.4121849,50.1058295,0.0</coordinates></LineString></Placemark>
<Placemark><name>way_id=74172113</name><styleUrl>lstyle1</styleUrl><LineString id="way74172113"><extrude>0</extrude><tessellate>0</tessellate><altitudeMode>clampToGround</altitudeMode>
<coordinates>14.4113996,50.1063123,0.0,14.4114370,50.1064010,0.0</coordinates></LineString></Placemark>
<Placemark><name>way_id=74172114</name><styleUrl>lstyle1</styleUrl><LineString id="way74172114"><extrude>0</extrude><tessellate>0</tessellate><altitudeMode>clampToGround</altitudeMode>
<coordinates>14.4116290,50.1062660,0.0,14.4118316,50.1063622,0.0,14.4120002,50.1064393,0.0,14.4121290,50.1065575,0.0,14.4122450,50.1066928,0.0,14.4122051,50.1067562,0.0,14.4121609,50.1068138,0.0</coordinates></LineString></Placemark>
<Placemark><name>way_id=74172115</name><styleUrl>lstyle1</styleUrl><LineString id="way74172115"><extrude>0</extrude><tessellate>0</tessellate><altitudeMode>clampToGround</altitudeMode>
<coordinates>14.4124814,50.1056251,0.0,14.4125934,50.1056526,0.0</coordinates></LineString></Placemark>
<Placemark><name>way_id=74172117</name><styleUrl>lstyle1</styleUrl><LineString id="way74172117"><extrude>0</extrude><tessellate>0</tessellate><altitudeMode>clampToGround</altitudeMode>
<coordinates>14.4121849,50.1058295,0.0,14.4122211,50.1057577,0.0,14.4123322,50.1056429,0.0,14.4123826,50.1055971,0.0,14.4124814,50.1056251,0.0</coordinates></LineString></Placemark>
<Placemark><name>way_id=74172118</name><styleUrl>lstyle1</styleUrl><LineString id="way74172118"><extrude>0</extrude><tessellate>0</tessellate><altitudeMode>clampToGround</altitudeMode>
<coordinates>14.4114370,50.1064010,0.0,14.4114789,50.1064727,0.0,14.4115218,50.1065230,0.0,14.4116101,50.1065943,0.0,14.4117364,50.1066567,0.0,14.4119094,50.1067317,0.0,14.4121609,50.1068138,0.0,14.4122002,50.1068192,0.0,14.4122963,50.1068311,0.0,14.4124503,50.1068415,0.0,14.4128662,50.1068447,0.0,14.4134815,50.1068433,0.0,14.4136418,50.1068646,0.0,14.4137077,50.1068941,0.0,14.4143771,50.1072802,0.0,14.4147148,50.1074736,0.0,14.4148736,50.1075637,0.0,14.4149806,50.1076221,0.0</coordinates></LineString></Placemark>
<Placemark><name>way_id=86536100</name><styleUrl>lstyle1</styleUrl><LineString id="way86536100"><extrude>0</extrude><tessellate>0</tessellate><altitudeMode>clampToGround</altitudeMode>
<coordinates>14.4147756,50.1044239,0.0,14.4148701,50.1044743,0.0,14.4148855,50.1045309,0.0,14.4148646,50.1045787,0.0,14.4148241,50.1046210,0.0,14.4147289,50.1046688,0.0,14.4145854,50.1047225,0.0,14.4143652,50.1047919,0.0,14.4141952,50.1048257,0.0,14.4139033,50.1048581,0.0</coordinates></LineString></Placemark>
<Placemark><name>way_id=86719890</name><styleUrl>lstyle1</styleUrl><LineString id="way86719890"><extrude>0</extrude><tessellate>0</tessellate><altitudeMode>clampToGround</altitudeMode>
<coordinates>14.4183078,50.1063363,0.0,14.4179522,50.1064561,0.0,14.4177923,50.1064930,0.0,14.4178016,50.1065851,0.0,14.4178250,50.1066451,0.0</coordinates></LineString></Placemark>
<Placemark><name>way_id=86720737</name><styleUrl>lstyle1</styleUrl><LineString id="way86720737"><extrude>0</extrude><tessellate>0</tessellate><altitudeMode>clampToGround</altitudeMode>
<coordinates>14.4193262,50.1054032,0.0,14.4193949,50.1052847,0.0</coordinates></LineString></Placemark>
<Placemark><name>way_id=86842652</name><styleUrl>lstyle1</styleUrl><LineString id="way86842652"><extrude>0</extrude><tessellate>0</tessellate><altitudeMode>clampToGround</altitudeMode>
<coordinates>14.4133050,50.1087540,0.0,14.4132755,50.1090156,0.0,14.4133001,50.1091968,0.0,14.4132865,50.1095269,0.0,14.4133123,50.1097215,0.0,14.4133529,50.1098491,0.0,14.4134131,50.1099460,0.0,14.4135568,50.1100673,0.0,14.4136948,50.1101501,0.0,14.4137848,50.1101924,0.0,14.4139405,50.1102123,0.0</coordinates></LineString></Placemark>
<Placemark><name>way_id=104852078</name><styleUrl>lstyle1</styleUrl><LineString id="way104852078"><extrude>0</extrude><tessellate>0</tessellate><altitudeMode>clampToGround</altitudeMode>
<coordinates>14.4139321,50.1050601,0.0,14.4142643,50.1052005,0.0</coordinates></LineString></Placemark>
<Placemark><name>way_id=104895213</name><styleUrl>lstyle1</styleUrl><LineString id="way104895213"><extrude>0</extrude><tessellate>0</tessellate><altitudeMode>clampToGround</altitudeMode>
<coordinates>14.4141226,50.1065890,0.0,14.4140434,50.1065630,0.0,14.4138828,50.1065666,0.0,14.4137020,50.1065676,0.0,14.4136316,50.1065566,0.0,14.4135772,50.1065437,0.0,14.4135232,50.1065174,0.0,14.4134458,50.1064605,0.0,14.4133642,50.1063813,0.0</coordinates></LineString></Placemark>
<Placemark><name>way_id=104895215</name><styleUrl>lstyle1</styleUrl><LineString id="way104895215"><extrude>0</extrude><tessellate>0</tessellate><altitudeMode>clampToGround</altitudeMode>
<coordinates>14.4140388,50.1057602,0.0,14.4139829,50.1055473,0.0</coordinates></LineString></Placemark>
<Placemark><name>way_id=104895217</name><styleUrl>lstyle1</styleUrl><LineString id="way104895217"><extrude>0</extrude><tessellate>0</tessellate><altitudeMode>clampToGround</altitudeMode>
<coordinates>14.4141504,50.1053402,0.0,14.4141965,50.1052835,0.0</coordinates></LineString></Placemark>
<Placemark><name>way_id=104895218</name><styleUrl>lstyle1</styleUrl><LineString id="way104895218"><extrude>0</extrude><tessellate>0</tessellate><altitudeMode>clampToGround</altitudeMode>
<coordinates>14.4141965,50.1052835,0.0,14.4142643,50.1052005,0.0</coordinates></LineString></Placemark>
<Placemark><name>way_id=104902146</name><styleUrl>lstyle1</styleUrl><LineString id="way104902146"><extrude>0</extrude><tessellate>0</tessellate><altitudeMode>clampToGround</altitudeMode>
<coordinates>14.4152487,50.1046807,0.0,14.4143990,50.1048825,0.0</coordinates></LineString></Placemark>
<Placemark><name>way_id=108861877</name><styleUrl>lstyle1</styleUrl><LineString id="way108861877"><extrude>0</extrude><tessellate>0</tessellate><altitudeMode>clampToGround</altitudeMode>
<coordinates>14.4259709,50.1030439,0.0,14.4259601,50.1030303,0.0,14.4259695,50.1030155,0.0</coordinates></LineString></Placemark>
<Placemark><name>way_id=113456911</name><styleUrl>lstyle1</styleUrl><LineString id="way113456911"><extrude>0</extrude><tessellate>0</tessellate><altitudeMode>clampToGround</altitudeMode>
<coordinates>14.4181255,50.1046490,0.0,14.4180348,50.1047509,0.0</coordinates></LineString></Placemark>
<Placemark><name>way_id=113456921</name><styleUrl>lstyle1</styleUrl><LineString id="way113456921"><extrude>0</extrude><tessellate>0</tessellate><altitudeMode>clampToGround</altitudeMode>
<coordinates>14.4183193,50.1032195,0.0,14.4183203,50.1033088,0.0</coordinates></LineString></Placemark>
<Placemark><name>way_id=113465850</name><styleUrl>lstyle1</styleUrl><LineString id="way113465850"><extrude>0</extrude><tessellate>0</tessellate><altitudeMode>clampToGround</altitudeMode>
<coordinates>14.4278037,50.1054044,0.0,14.4279825,50.1052775,0.0,14.4281635,50.1052310,0.0,14.4283078,50.1052287,0.0,14.4284506,50.1052728,0.0</coordinates></LineString></Placemark>
<Placemark><name>way_id=113465851</name><styleUrl>lstyle1</styleUrl><LineString id="way113465851"><extrude>0</extrude><tessellate>0</tessellate><altitudeMode>clampToGround</altitudeMode>
<coordinates>14.4140967,50.1059035,0.0,14.4140624,50.1059135,0.0,14.4140273,50.1059164,0.0,14.4139924,50.1059127,0.0,14.4139607,50.1059028,0.0,14.4139347,50.1058874,0.0,14.4139167,50.1058679,0.0,14.4139082,50.1058459,0.0,14.4139098,50.1058232,0.0,14.4139215,50.1058018,0.0,14.4139423,50.1057835,0.0,14.4139705,50.1057698,0.0,14.4140035,50.1057618,0.0,14.4140388,50.1057602,0.0,14.4140755,50.1057657,0.0,14.4141078,50.1057782,0.0,14.4141326,50.1057964,0.0,14.4141476,50.1058186,0.0,14.4141513,50.1058426,0.0,14.4141434,50.1058663,0.0,14.4141246,50.1058872,0.0,14.4140967,50.1059035,0.0</coordinates></LineString></Placemark>
<Placemark><name>way_id=113467236</name><styleUrl>lstyle1</styleUrl><LineString id="way113467236"><extrude>0</extrude><tessellate>0</tessellate><altitudeMode>clampToGround</altitudeMode>
<coordinates>14.4096802,50.1047271,0.0,14.4096023,50.1047762,0.0,14.4094736,50.1048280,0.0,14.4093793,50.1048505,0.0,14.4088208,50.1049172,0.0,14.4084625,50.1049384,0.0,14.4083190,50.1049588,0.0,14.4077941,50.1051630,0.0,14.4075113,50.1052846,0.0,14.4073819,50.1053511,0.0,14.4072050,50.1054731,0.0,14.4066815,50.1059199,0.0</coordinates></LineString></Placemark>
<Placemark><name>way_id=113467238</name><styleUrl>lstyle1</styleUrl><LineString id="way113467238"><extrude>0</extrude><tessellate>0</tessellate><altitudeMode>clampToGround</altitudeMode>
<coordinates>14.4144588,50.1064393,0.0,14.4144440,50.1061256,0.0,14.4144248,50.1060624,0.0,14.4143575,50.1059964,0.0,14.4142746,50.1059585,0.0,14.4140624,50.1059135,0.0</coordinates></LineString></Placemark>
<Placemark><name>way_id=113467240</name><styleUrl>lstyle1</styleUrl><LineString id="way113467240"><extrude>0</extrude><tessellate>0</tessellate><altitudeMode>clampToGround</altitudeMode>
<coordinates>14.4105760,50.1052523,0.0,14.4107101,50.1053515,0.0,14.4109273,50.1055061,0.0,14.4111576,50.1057179,0.0,14.4113031,50.1058906,0.0,14.4113832,50.1059943,0.0,14.4114389,50.1060745,0.0,14.4114682,50.1061481,0.0</coordinates></LineString></Placemark>
<Placemark><name>way_id=113960861</name><styleUrl>lstyle1</styleUrl><LineString id="way113960861"><extrude>0</extrude><tessellate>0</tessellate><altitudeMode>clampToGround</altitudeMode>
<coordinates>14.4066387,50.1074572,0.0,14.4067016,50.1074247,0.0,14.4068216,50.1073005,0.0,14.4069213,50.1072229,0.0,14.4071562,50.1071063,0.0,14.4072444,50.1070548,0.0,14.4072967,50.1070251,0.0,14.4073063,50.1069989,0.0</coordinates></LineString></Placemark>
<Placemark><name>way_id=121794424</name><styleUrl>lstyle1</styleUrl><LineString id="way121794424"><extrude>0</extrude><tessellate>0</tessellate><altitudeMode>clampToGround</altitudeMode>
<coordinates>14.4199095,50.1046796,0.0,14.4199541,50.1047019,0.0,14.4207537,50.1048368,0.0,14.4209146,50.1048926,0.0,14.4211765,50.1050558,0.0</coordinates></LineString></Placemark>
<Placemark><name>way_id=121794425</name><styleUrl>lstyle1</styleUrl><LineString id="way121794425"><extrude>0</extrude><tessellate>0</tessellate><altitudeMode>clampToGround</altitudeMode>
<coordinates>14.4193719,50.1047972,0.0,14.4196437,50.1047609,0.0,14.4199095,50.1046796,0.0,14.4199078,50.1045823,0.0,14.4199274,50.1044254,0.0,14.4200120,50.1043169,0.0</coordinates></LineString></Placemark>
<Placemark><name>way_id=132336214</name><styleUrl>lstyle1</styleUrl><LineString id="way132336214"><extrude>0</extrude><tessellate>0</tessellate><altitudeMode>clampToGround</altitudeMode>
<coordinates>14.4089429,50.1039461,0.0,14.4093922,50.1042641,0.0,14.4096145,50.1044555,0.0,14.4096490,50.1044852,0.0</coordinates></LineString></Placemark>
<Placemark><name>way_id=133359841</name><styleUrl>lstyle1</styleUrl><LineString id="way133359841"><extrude>0</extrude><tessellate>0</tessellate><altitudeMode>clampToGround</altitudeMode>
<coordinates>14.4303814,50.1039838,0.0,14.4300634,50.1039390,0.0,14.4285234,50.1037296,0.0,14.4273173,50.1035693,0.0,14.4270175,50.1035322,0.0,14.4268107,50.1035186,0.0,14.4264606,50.1035256,0.0,14.4261964,50.1035282,0.0,14.4261190,50.1035228,0.0,14.4260053,50.1034964,0.0,14.4259532,50.1034672,0.0</coordinates></LineString></Placemark>
<Placemark><name>way_id=141180330</name><styleUrl>lstyle1</styleUrl><LineString id="way141180330"><extrude>0</extrude><tessellate>0</tessellate><altitudeMode>clampToGround</altitudeMode>
<coordinates>14.4066815,50.1059199,0.0,14.4068086,50.1059923,0.0</coordinates></LineString></Placemark>
<Placemark><name>way_id=141180331</name><styleUrl>lstyle1</styleUrl><LineString id="way141180331"><extrude>0</extrude><tessellate>0</tessellate><altitudeMode>clampToGround</altitudeMode>
<coordinates>14.4066815,50.1059199,0.0,14.4064910,50.1061729,0.0,14.4062270,50.1065542,0.0</coordinates></LineString></Placemark>
<Placemark><name>way_id=180216036</name><styleUrl>lstyle1</styleUrl><LineString id="way180216036"><extrude>0</extrude><tessellate>0</tessellate><altitudeMode>clampToGround</altitudeMode>
<coordinates>14.4067396,50.1066491,0.0,14.4067806,50.1067804,0.0,14.4068605,50.1069293,0.0,14.4078968,50.1067879,0.0,14.4089490,50.1067598,0.0,14.4096652,50.1068023,0.0,14.4109010,50.1069736,0.0,14.4123026,50.1074103,0.0,14.4158715,50.1086796,0.0,14.4180724,50.1094631,0.0,14.4182937,50.1095242,0.0,14.4184152,50.1095658,0.0</coordinates></LineString></Placemark>
<Placemark><name>way_id=180216038</name><styleUrl>lstyle1</styleUrl><LineString id="way180216038"><extrude>0</extrude><tessellate>0</tessellate><altitudeMode>clampToGround</altitudeMode>
<coordinates>14.4155816,50.1053797,0.0,14.4161084,50.1053222,0.0,14.4163689,50.1052889,0.0,14.4169229,50.1052205,0.0,14.4172195,50.1051835,0.0,14.4176272,50.1051322,0.0,14.4177324,50.1051194,0.0,14.4186124,50.1050067,0.0,14.4189178,50.1049775,0.0,14.4190871,50.1049926,0.0,14.4192524,50.1050266,0.0,14.4195076,50.1050904,0.0,14.4208989,50.1054360,0.0</coordinates></LineString></Placemark>
<Placemark><name>way_id=180216039</name><styleUrl>lstyle1</styleUrl><LineString id="way180216039"><extrude>0</extrude><tessellate>0</tessellate><altitudeMode>clampToGround</altitudeMode>
<coordinates>14.4247675,50.1063272,0.0,14.4250538,50.1063572,0.0,14.4253576,50.1063384,0.0,14.4257486,50.1062493,0.0,14.4260228,50.1061448,0.0,14.4263438,50.1059928,0.0,14.4266970,50.1057939,0.0,14.4268340,50.1056827,0.0,14.4269874,50.1053466,0.0,14.4270630,50.1052359,0.0,14.4270076,50.1051086,0.0,14.4269229,50.1049944,0.0</coordinates></LineString></Placemark>
<Placemark><name>way_id=180216041</name><styleUrl>lstyle1</styleUrl><LineString id="way180216041"><extrude>0</extrude><tessellate>0</tessellate><altitudeMode>clampToGround</altitudeMode>
<coordinates>14.4111777,50.1061830,0.0,14.4106320,50.1056605,0.0,14.4102688,50.1054672,0.0,14.4099538,50.1053528,0.0,14.4095325,50.1052820,0.0,14.4092648,50.1052432,0.0,14.4090064,50.1052444,0.0,14.4084580,50.1052780,0.0,14.4081688,50.1053128,0.0,14.4079423,50.1053804,0.0,14.4076470,50.1055169,0.0,14.4073837,50.1057137,0.0,14.4070659,50.1059903,0.0,14.4069033,50.1064260,0.0</coordinates></LineString></Placemark>
<Placemark><name>way_id=180216042</name><styleUrl>lstyle1</styleUrl><LineString id="way180216042"><extrude>0</extrude><tessellate>0</tessellate><altitudeMode>clampToGround</altitudeMode>
<coordinates>14.4070391,50.1063908,0.0,14.4072415,50.1062768,0.0,14.4074920,50.1062246,0.0,14.4078068,50.1062065,0.0,14.4079642,50.1061903,0.0,14.4084120,50.1060943,0.0,14.4089787,50.1060896,0.0,14.4093217,50.1061041,0.0,14.4096177,50.1061018,0.0,14.4111777,50.1061830,0.0,14.4113627,50.1061607,0.0</coordinates></LineString></Placemark>
<Placemark><name>way_id=180216044</name><styleUrl>lstyle1</styleUrl><LineString id="way180216044"><extrude>0</extrude><tessellate>0</tessellate><altitudeMode>clampToGround</altitudeMode>
<coordinates>14.4162990,50.1050807,0.0,14.4163569,50.1052532,0.0,14.4163689,50.1052889,0.0</coordinates></LineString></Placemark>
<Placemark><name>way_id=180216046</name><styleUrl>lstyle1</styleUrl><LineString id="way180216046"><extrude>0</extrude><tessellate>0</tessellate><altitudeMode>clampToGround</altitudeMode>
<coordinates>14.4176272,50.1051322,0.0,14.4176153,50.1050895,0.0,14.4175546,50.1048708,0.0</coordinates></LineString></Placemark>
<Placemark><name>way_id=180216047</name><styleUrl>lstyle1</styleUrl><LineString id="way180216047"><extrude>0</extrude><tessellate>0</tessellate><altitudeMode>clampToGround</altitudeMode>
<coordinates>14.4139033,50.1048581,0.0,14.4135872,50.1048399,0.0,14.4132343,50.1049109,0.0</coordinates></LineString></Placemark>
<Placemark><name>way_id=180216048</name><styleUrl>lstyle1</styleUrl><LineString id="way180216048"><extrude>0</extrude><tessellate>0</tessellate><altitudeMode>clampToGround</altitudeMode>
<coordinates>14.4069033,50.1064260,0.0,14.4067569,50.1065396,0.0,14.4067396,50.1066491,0.0</coordinates></LineString></Placemark>
<Placemark><name>way_id=180216049</name><styleUrl>lstyle1</styleUrl><LineString id="way180216049"><extrude>0</extrude><tessellate>0</tessellate><altitudeMode>clampToGround</altitudeMode>
<coordinates>14.4280044,50.1051560,0.0,14.4279825,50.1052775,0.0,14.4279834,50.1054577,0.0,14.4279740,50.1054680,0.0,14.4279592,50.1054689,0.0,14.4278037,50.1054044,0.0</coordinates></LineString></Placemark>
<Placemark><name>way_id=180216050</name><styleUrl>lstyle1</styleUrl><LineString id="way180216050"><extrude>0</extrude><tessellate>0</tessellate><altitudeMode>clampToGround</altitudeMode>
<coordinates>14.4145785,50.1049168,0.0,14.4143588,50.1049401,0.0,14.4140829,50.1049510,0.0,14.4140077,50.1049573,0.0</coordinates></LineString></Placemark>
<Placemark><name>way_id=180216051</name><styleUrl>lstyle1</styleUrl><LineString id="way180216051"><extrude>0</extrude><tessellate>0</tessellate><altitudeMode>clampToGround</altitudeMode>
<coordinates>14.4113996,50.1063123,0.0,14.4112558,50.1062568,0.0,14.4111777,50.1061830,0.0</coordinates></LineString></Placemark>
<Placemark><name>way_id=180216052</name><styleUrl>lstyle1</styleUrl><LineString id="way180216052"><extrude>0</extrude><tessellate>0</tessellate><altitudeMode>clampToGround</altitudeMode>
<coordinates>14.4139324,50.1049636,0.0,14.4132343,50.1049109,0.0,14.4127027,50.1048978,0.0,14.4123320,50.1049126,0.0,14.4120151,50.1048978,0.0</coordinates></LineString></Placemark>
<Placemark><name>way_id=180216053</name><styleUrl>lstyle1</styleUrl><LineString id="way180216053"><extrude>0</extrude><tessellate>0</tessellate><altitudeMode>clampToGround</altitudeMode>
<coordinates>14.4157145,50.1050276,0.0,14.4155457,50.1049328,0.0,14.4147298,50.1048976,0.0,14.4143990,50.1048825,0.0</coordinates></LineString></Placemark>
<Placemark><name>way_id=180490995</name><styleUrl>lstyle1</styleUrl><LineString id="way180490995"><extrude>0</extrude><tessellate>0</tessellate><altitudeMode>clampToGround</altitudeMode>
<coordinates>14.4185498,50.1093197,0.0,14.4185975,50.1092237,0.0,14.4186708,50.1090557,0.0,14.4188102,50.1087852,0.0</coordinates></LineString></Placemark>
<Placemark><name>way_id=180490996</name><styleUrl>lstyle1</styleUrl><LineString id="way180490996"><extrude>0</extrude><tessellate>0</tessellate><altitudeMode>clampToGround</altitudeMode>
<coordinates>14.4184152,50.1095658,0.0,14.4184657,50.1094491,0.0</coordinates></LineString></Placemark>
<Placemark><name>way_id=180910656</name><styleUrl>lstyle1</styleUrl><LineString id="way180910656"><extrude>0</extrude><tessellate>0</tessellate><altitudeMode>clampToGround</altitudeMode>
<coordinates>14.4150205,50.1064994,0.0,14.4148173,50.1064994,0.0,14.4147635,50.1064953,0.0,14.4146899,50.1064816,0.0,14.4144588,50.1064393,0.0,14.4143625,50.1064254,0.0,14.4139325,50.1063567,0.0,14.4138381,50.1063444,0.0,14.4137558,50.1063391,0.0,14.4136493,50.1063395,0.0,14.4135642,50.1063467,0.0,14.4134566,50.1063632,0.0,14.4133642,50.1063813,0.0,14.4130573,50.1064429,0.0,14.4129551,50.1064548,0.0,14.4128565,50.1064591,0.0,14.4124529,50.1064483,0.0,14.4122821,50.1064498,0.0</coordinates></LineString></Placemark>
<Placemark><name>way_id=180998334</name><styleUrl>lstyle1</styleUrl><LineString id="way180998334"><extrude>0</extrude><tessellate>0</tessellate><altitudeMode>clampToGround</altitudeMode>
<coordinates>14.4185608,50.1083502,0.0,14.4187908,50.1083254,0.0,14.4189254,50.1083205,0.0,14.4190608,50.1083231,0.0,14.4191958,50.1083332,0.0,14.4193740,50.1083603,0.0,14.4201472,50.1084993,0.0,14.4202908,50.1085346,0.0,14.4208739,50.1086353,0.0,14.4211682,50.1086682,0.0,14.4213799,50.1086741,0.0,14.4216161,50.1086496,0.0,14.4218315,50.1086033,0.0,14.4219928,50.1085577,0.0,14.4225568,50.1083464,0.0,14.4233363,50.1080466,0.0,14.4238775,50.1078641,0.0,14.4239748,50.1078506,0.0,14.4240754,50.1078593,0.0</coordinates></LineString></Placemark>
<Placemark><name>way_id=180998335</name><styleUrl>lstyle1</styleUrl><LineString id="way180998335"><extrude>0</extrude><tessellate>0</tessellate><altitudeMode>clampToGround</altitudeMode>
<coordinates>14.4216336,50.1074404,0.0,14.4216921,50.1074306,0.0,14.4218386,50.1074042,0.0,14.4219436,50.1073631,0.0,14.4219831,50.1073272,0.0,14.4220033,50.1073089,0.0,14.4220637,50.1072149,0.0,14.4220658,50.1071945,0.0,14.4220763,50.1070919,0.0,14.4220033,50.1069050,0.0,14.4220034,50.1067164,0.0,14.4220478,50.1066472,0.0,14.4221679,50.1065440,0.0,14.4223758,50.1064072,0.0,14.4225982,50.1063103,0.0,14.4228427,50.1062184,0.0,14.4231361,50.1061394,0.0,14.4232244,50.1060425,0.0</coordinates></LineString></Placemark>
<Placemark><name>way_id=180998337</name><styleUrl>lstyle1</styleUrl><LineString id="way180998337"><extrude>0</extrude><tessellate>0</tessellate><altitudeMode>clampToGround</altitudeMode>
<coordinates>14.4154100,50.1077273,0.0,14.4185637,50.1084471,0.0,14.4195791,50.1086872,0.0,14.4197416,50.1087234,0.0,14.4207061,50.1089586,0.0,14.4209292,50.1089917,0.0,14.4211978,50.1090177,0.0,14.4213861,50.1090171,0.0,14.4218461,50.1089993,0.0,14.4221187,50.1089631,0.0,14.4224735,50.1088798,0.0,14.4227193,50.1088162,0.0,14.4230356,50.1086942,0.0,14.4231515,50.1086408,0.0,14.4234598,50.1084437,0.0,14.4236937,50.1082625,0.0,14.4238940,50.1079987,0.0,14.4239588,50.1078904,0.0,14.4239748,50.1078506,0.0,14.4240110,50.1076038,0.0,14.4240002,50.1072010,0.0,14.4238919,50.1069193,0.0,14.4234836,50.1064064,0.0,14.4232933,50.1062645,0.0,14.4231361,50.1061394,0.0,14.4230582,50.1060999,0.0,14.4218997,50.1058013,0.0,14.4206451,50.1054898,0.0,14.4196458,50.1052476,0.0,14.4194459,50.1051969,0.0,14.4193429,50.1051724,0.0,14.4191942,50.1051394,0.0,14.4190066,50.1051039,0.0,14.4187815,50.1050841,0.0,14.4186276,50.1050881,0.0,14.4185003,50.1051002,0.0,14.4182340,50.1051231,0.0,14.4179758,50.1051496,0.0,14.4177533,50.1051778,0.0,14.4172446,50.1052341,0.0,14.4158479,50.1054139,0.0,14.4158070,50.1054238,0.0,14.4157600,50.1054431,0.0,14.4157237,50.1054630,0.0,14.4156904,50.1054914,0.0,14.4156158,50.1055849,0.0,14.4155524,50.1057479,0.0,14.4155289,50.1059130,0.0,14.4153967,50.1065027,0.0,14.4151176,50.1075879,0.0,14.4151093,50.1076497,0.0</coordinates></LineString></Placemark>
<Placemark><name>way_id=180998338</name><styleUrl>lstyle1</styleUrl><LineString id="way180998338"><extrude>0</extrude><tessellate>0</tessellate><altitudeMode>clampToGround</altitudeMode>
<coordinates>14.4150242,50.1076516,0.0,14.4151093,50.1076497,0.0,14.4154100,50.1077273,0.0</coordinates></LineString></Placemark>
<Placemark><name>way_id=180998339</name><styleUrl>lstyle1</styleUrl><LineString id="way180998339"><extrude>0</extrude><tessellate>0</tessellate><altitudeMode>clampToGround</altitudeMode>
<coordinates>14.4149302,50.1073850,0.0,14.4148736,50.1075637,0.0</coordinates></LineString></Placemark>
<Placemark><name>way_id=180998340</name><styleUrl>lstyle1</styleUrl><LineString id="way180998340"><extrude>0</extrude><tessellate>0</tessellate><altitudeMode>clampToGround</altitudeMode>
<coordinates>14.4195036,50.1087337,0.0,14.4195791,50.1086872,0.0,14.4197109,50.1086903,0.0,14.4198148,50.1086859,0.0,14.4199074,50.1086700,0.0,14.4199839,50.1086485,0.0,14.4202124,50.1085638,0.0,14.4202908,50.1085346,0.0,14.4204044,50.1085006,0.0,14.4207463,50.1084090,0.0,14.4208750,50.1083625,0.0,14.4209839,50.1083179,0.0,14.4210714,50.1082745,0.0,14.4211675,50.1082183,0.0,14.4212191,50.1081860,0.0,14.4212662,50.1081514,0.0,14.4213081,50.1081190,0.0,14.4213591,50.1080694,0.0,14.4214103,50.1080163,0.0,14.4214721,50.1079482,0.0,14.4215177,50.1078887,0.0,14.4215391,50.1078514,0.0,14.4215578,50.1078109,0.0,14.4215769,50.1076751,0.0,14.4215840,50.1075937,0.0,14.4215932,50.1074967,0.0,14.4216336,50.1074404,0.0</coordinates></LineString></Placemark>
<Placemark><name>way_id=180998341</name><styleUrl>lstyle1</styleUrl><LineString id="way180998341"><extrude>0</extrude><tessellate>0</tessellate><altitudeMode>clampToGround</altitudeMode>
<coordinates>14.4151613,50.1064866,0.0,14.4150205,50.1064994,0.0</coordinates></LineString></Placemark>
<Placemark><name>way_id=180998342</name><styleUrl>lstyle1</styleUrl><LineString id="way180998342"><extrude>0</extrude><tessellate>0</tessellate><altitudeMode>clampToGround</altitudeMode>
<coordinates>14.4157145,50.1050276,0.0,14.4156570,50.1051801,0.0,14.4155816,50.1053797,0.0</coordinates></LineString></Placemark>
<Placemark><name>way_id=180998343</name><styleUrl>lstyle1</styleUrl><LineString id="way180998343"><extrude>0</extrude><tessellate>0</tessellate><altitudeMode>clampToGround</altitudeMode>
<coordinates>14.4158587,50.1076482,0.0,14.4160136,50.1076762,0.0,14.4168198,50.1078360,0.0,14.4169126,50.1078356,0.0,14.4170124,50.1078253,0.0,14.4173354,50.1077622,0.0,14.4174617,50.1077705,0.0,14.4178846,50.1079595,0.0,14.4181217,50.1080901,0.0,14.4184792,50.1083347,0.0,14.4185608,50.1083502,0.0,14.4185637,50.1084471,0.0,14.4185669,50.1085128,0.0</coordinates></LineString></Placemark>
<Placemark><name>way_id=180998344</name><styleUrl>lstyle1</styleUrl><LineString id="way180998344"><extrude>0</extrude><tessellate>0</tessellate><altitudeMode>clampToGround</altitudeMode>
<coordinates>14.4218438,50.1039921,0.0,14.4215301,50.1039053,0.0,14.4211726,50.1038663,0.0,14.4203189,50.1038565,0.0,14.4200480,50.1038838,0.0,14.4194448,50.1039972,0.0,14.4193746,50.1040866,0.0</coordinates></LineString></Placemark>
<Placemark><name>way_id=180998345</name><styleUrl>lstyle1</styleUrl><LineString id="way180998345"><extrude>0</extrude><tessellate>0</tessellate><altitudeMode>clampToGround</altitudeMode>
<coordinates>14.4244933,50.1038089,0.0,14.4242121,50.1040250,0.0,14.4239044,50.1043121,0.0,14.4236876,50.1045383,0.0,14.4235839,50.1046730,0.0,14.4234802,50.1048749,0.0,14.4232563,50.1051225,0.0,14.4230603,50.1053735,0.0,14.4229741,50.1055199,0.0,14.4229792,50.1055971,0.0,14.4231042,50.1057963,0.0,14.4231218,50.1058723,0.0</coordinates></LineString></Placemark>
<Placemark><name>way_id=180998346</name><styleUrl>lstyle1</styleUrl><LineString id="way180998346"><extrude>0</extrude><tessellate>0</tessellate><altitudeMode>clampToGround</altitudeMode>
<coordinates>14.4188920,50.1044771,0.0,14.4190596,50.1044813,0.0,14.4191709,50.1044756,0.0,14.4192703,50.1044499,0.0,14.4193326,50.1044042,0.0,14.4193741,50.1043424,0.0,14.4193875,50.1042729,0.0,14.4193746,50.1040866,0.0</coordinates></LineString></Placemark>
<Placemark><name>way_id=181330048</name><styleUrl>lstyle1</styleUrl><LineString id="way181330048"><extrude>0</extrude><tessellate>0</tessellate><altitudeMode>clampToGround</altitudeMode>
<coordinates>14.4066495,50.1067096,0.0,14.4067231,50.1068641,0.0</coordinates></LineString></Placemark>
<Placemark><name>way_id=181330051</name><styleUrl>lstyle1</styleUrl><LineString id="way181330051"><extrude>0</extrude><tessellate>0</tessellate><altitudeMode>clampToGround</altitudeMode>
<coordinates>14.4091612,50.1050626,0.0,14.4096155,50.1050652,0.0,14.4097480,50.1050924,0.0</coordinates></LineString></Placemark>
<Placemark><name>way_id=181330055</name><styleUrl>lstyle1</styleUrl><LineString id="way181330055"><extrude>0</extrude><tessellate>0</tessellate><altitudeMode>clampToGround</altitudeMode>
<coordinates>14.4097480,50.1050924,0.0,14.4099685,50.1051455,0.0,14.4102417,50.1052319,0.0,14.4104397,50.1053079,0.0,14.4106877,50.1054387,0.0,14.4110702,50.1057349,0.0,14.4112411,50.1059245,0.0,14.4113627,50.1061607,0.0,14.4113996,50.1063123,0.0</coordinates></LineString></Placemark>
<Placemark><name>way_id=182170263</name><styleUrl>lstyle1</styleUrl><LineString id="way182170263"><extrude>0</extrude><tessellate>0</tessellate><altitudeMode>clampToGround</altitudeMode>
<coordinates>14.4051452,50.1069534,0.0,14.4056890,50.1067625,0.0,14.4057109,50.1067554,0.0</coordinates></LineString></Placemark>
<Placemark><name>way_id=229966997</name><styleUrl>lstyle1</styleUrl><LineString id="way229966997"><extrude>0</extrude><tessellate>0</tessellate><altitudeMode>clampToGround</altitudeMode>
<coordinates>14.4256195,50.1035353,0.0,14.4256266,50.1036229,0.0,14.4256775,50.1039414,0.0,14.4256815,50.1041163,0.0,14.4256603,50.1046662,0.0,14.4257030,50.1051499,0.0,14.4257040,50.1051685,0.0,14.4257104,50.1055177,0.0,14.4257486,50.1062493,0.0,14.4257634,50.1067218,0.0</coordinates></LineString></Placemark>
<Placemark><name>way_id=229967062</name><styleUrl>lstyle1</styleUrl><LineString id="way229967062"><extrude>0</extrude><tessellate>0</tessellate><altitudeMode>clampToGround</altitudeMode>
<coordinates>14.4194459,50.1051969,0.0,14.4195076,50.1050904,0.0</coordinates></LineString></Placemark>
<Placemark><name>way_id=229972129</name><styleUrl>lstyle1</styleUrl><LineString id="way229972129"><extrude>0</extrude><tessellate>0</tessellate><altitudeMode>clampToGround</altitudeMode>
<coordinates>14.4209657,50.1053277,0.0,14.4211900,50.1054300,0.0,14.4231218,50.1058723,0.0</coordinates></LineString></Placemark>
<Placemark><name>way_id=231342855</name><styleUrl>lstyle1</styleUrl><LineString id="way231342855"><extrude>0</extrude><tessellate>0</tessellate><altitudeMode>clampToGround</altitudeMode>
<coordinates>14.4167481,50.1103985,0.0,14.4166479,50.1104939,0.0,14.4166568,50.1105506,0.0,14.4166864,50.1106775,0.0,14.4166980,50.1107078,0.0</coordinates></LineString></Placemark>
<Placemark><name>way_id=257763516</name><styleUrl>lstyle1</styleUrl><LineString id="way257763516"><extrude>0</extrude><tessellate>0</tessellate><altitudeMode>clampToGround</altitudeMode>
<coordinates>14.4260124,50.1067873,0.0,14.4265294,50.1066821,0.0,14.4271059,50.1065118,0.0,14.4273446,50.1064422,0.0,14.4275508,50.1063828,0.0,14.4276367,50.1063592,0.0,14.4277297,50.1063157,0.0,14.4278879,50.1062237,0.0,14.4279442,50.1061434,0.0</coordinates></LineString></Placemark>
<Placemark><name>way_id=259073609</name><styleUrl>lstyle1</styleUrl><LineString id="way259073609"><extrude>0</extrude><tessellate>0</tessellate><altitudeMode>clampToGround</altitudeMode>
<coordinates>14.4202462,50.1030350,0.0,14.4200923,50.1030620,0.0,14.4200219,50.1030887,0.0</coordinates></LineString></Placemark>
<Placemark><name>way_id=259073610</name><styleUrl>lstyle1</styleUrl><LineString id="way259073610"><extrude>0</extrude><tessellate>0</tessellate><altitudeMode>clampToGround</altitudeMode>
<coordinates>14.4177518,50.1036775,0.0,14.4178350,50.1035529,0.0,14.4179323,50.1034578,0.0,14.4180072,50.1034116,0.0,14.4183203,50.1033088,0.0</coordinates></LineString></Placemark>
<Placemark><name>way_id=259073611</name><styleUrl>lstyle1</styleUrl><LineString id="way259073611"><extrude>0</extrude><tessellate>0</tessellate><altitudeMode>clampToGround</altitudeMode>
<coordinates>14.4183203,50.1033088,0.0,14.4183345,50.1033728,0.0,14.4183527,50.1035427,0.0</coordinates></LineString></Placemark>
<Placemark><name>way_id=259073612</name><styleUrl>lstyle1</styleUrl><LineString id="way259073612"><extrude>0</extrude><tessellate>0</tessellate><altitudeMode>clampToGround</altitudeMode>
<coordinates>14.4183203,50.1033088,0.0,14.4184788,50.1032957,0.0,14.4200219,50.1030887,0.0</coordinates></LineString></Placemark>
<Placemark><name>way_id=259073613</name><styleUrl>lstyle1</styleUrl><LineString id="way259073613"><extrude>0</extrude><tessellate>0</tessellate><altitudeMode>clampToGround</altitudeMode>
<coordinates>14.4229934,50.1031789,0.0,14.4236808,50.1032269,0.0,14.4238880,50.1032434,0.0,14.4240342,50.1032485,0.0,14.4241951,50.1032339,0.0,14.4243320,50.1031980,0.0,14.4244952,50.1031762,0.0,14.4245576,50.1031679,0.0</coordinates></LineString></Placemark>
<Placemark><name>way_id=306155829</name><styleUrl>lstyle1</styleUrl><LineString id="way306155829"><extrude>0</extrude><tessellate>0</tessellate><altitudeMode>clampToGround</altitudeMode>
<coordinates>14.4160775,50.1103596,0.0,14.4165062,50.1106243,0.0,14.4165860,50.1106778,0.0,14.4166453,50.1107267,0.0</coordinates></LineString></Placemark>
<Placemark><name>way_id=309426056</name><styleUrl>lstyle1</styleUrl><LineString id="way309426056"><extrude>0</extrude><tessellate>0</tessellate><altitudeMode>clampToGround</altitudeMode>
<coordinates>14.4184657,50.1094491,0.0,14.4185329,50.1093513,0.0</coordinates></LineString></Placemark>
<Placemark><name>way_id=312045798</name><styleUrl>lstyle1</styleUrl><LineString id="way312045798"><extrude>0</extrude><tessellate>0</tessellate><altitudeMode>clampToGround</altitudeMode>
<coordinates>14.4307838,50.1044542,0.0,14.4307350,50.1044463,0.0,14.4305675,50.1044146,0.0</coordinates></LineString></Placemark>
<Placemark><name>way_id=333036592</name><styleUrl>lstyle1</styleUrl><LineString id="way333036592"><extrude>0</extrude><tessellate>0</tessellate><altitudeMode>clampToGround</altitudeMode>
<coordinates>14.4293849,50.1049016,0.0,14.4294885,50.1049656,0.0</coordinates></LineString></Placemark>
<Placemark><name>way_id=337756271</name><styleUrl>lstyle1</styleUrl><LineString id="way337756271"><extrude>0</extrude><tessellate>0</tessellate><altitudeMode>clampToGround</altitudeMode>
<coordinates>14.4113996,50.1063123,0.0,14.4113916,50.1064207,0.0,14.4115310,50.1066003,0.0,14.4117230,50.1067007,0.0,14.4120005,50.1067968,0.0,14.4121982,50.1068530,0.0,14.4123376,50.1068935,0.0,14.4124981,50.1069062,0.0,14.4130834,50.1068886,0.0,14.4134204,50.1068938,0.0,14.4135758,50.1069236,0.0,14.4137231,50.1069870,0.0,14.4149380,50.1077118,0.0,14.4150874,50.1077688,0.0,14.4151136,50.1077753,0.0,14.4165323,50.1081299,0.0,14.4187837,50.1086526,0.0,14.4188885,50.1086769,0.0,14.4191358,50.1087259,0.0,14.4203847,50.1089703,0.0,14.4208943,50.1090838,0.0,14.4211840,50.1091234,0.0,14.4215031,50.1091285,0.0,14.4218438,50.1091061,0.0,14.4219559,50.1090887,0.0,14.4223212,50.1090322,0.0,14.4223911,50.1090120,0.0,14.4227316,50.1089135,0.0,14.4231768,50.1087346,0.0,14.4234657,50.1086055,0.0,14.4236796,50.1084573,0.0,14.4239086,50.1082630,0.0,14.4242060,50.1079623,0.0,14.4242231,50.1079444,0.0,14.4247437,50.1073999,0.0,14.4250508,50.1071818,0.0,14.4254903,50.1069845,0.0,14.4260124,50.1067873,0.0</coordinates></LineString></Placemark>
<Placemark><name>way_id=351687512</name><styleUrl>lstyle1</styleUrl><LineString id="way351687512"><extrude>0</extrude><tessellate>0</tessellate><altitudeMode>clampToGround</altitudeMode>
<coordinates>14.4100858,50.1050084,0.0,14.4102457,50.1049684,0.0,14.4102450,50.1049446,0.0,14.4101854,50.1049146,0.0,14.4102049,50.1048394,0.0</coordinates></LineString></Placemark>
<Placemark><name>way_id=351797455</name><styleUrl>lstyle1</styleUrl><LineString id="way351797455"><extrude>0</extrude><tessellate>0</tessellate><altitudeMode>clampToGround</altitudeMode>
<coordinates>14.4133961,50.1042210,0.0,14.4132726,50.1041233,0.0,14.4131944,50.1040615,0.0</coordinates></LineString></Placemark>
<Placemark><name>way_id=373835133</name><styleUrl>lstyle1</styleUrl><LineString id="way373835133"><extrude>0</extrude><tessellate>0</tessellate><altitudeMode>clampToGround</altitudeMode>
<coordinates>14.4095325,50.1052820,0.0,14.4096155,50.1050652,0.0</coordinates></LineString></Placemark>
<Placemark><name>way_id=373835134</name><styleUrl>lstyle1</styleUrl><LineString id="way373835134"><extrude>0</extrude><tessellate>0</tessellate><altitudeMode>clampToGround</altitudeMode>
<coordinates>14.4153481,50.1057040,0.0,14.4151613,50.1064866,0.0,14.4149302,50.1073850,0.0</coordinates></LineString></Placemark>
<Placemark><name>way_id=373835136</name><styleUrl>lstyle1</styleUrl><LineString id="way373835136"><extrude>0</extrude><tessellate>0</tessellate><altitudeMode>clampToGround</altitudeMode>
<coordinates>14.4122211,50.1057577,0.0,14.4121299,50.1057929,0.0,14.4120378,50.1058342,0.0,14.4116512,50.1060476,0.0,14.4114682,50.1061481,0.0</coordinates></LineString></Placemark>
<Placemark><name>way_id=377460762</name><styleUrl>lstyle1</styleUrl><LineString id="way377460762"><extrude>0</extrude><tessellate>0</tessellate><altitudeMode>clampToGround</altitudeMode>
<coordinates>14.4257867,50.1032464,0.0,14.4257996,50.1032332,0.0,14.4258618,50.1031936,0.0,14.4258944,50.1031595,0.0,14.4259155,50.1031268,0.0,14.4259472,50.1030414,0.0,14.4259601,50.1030303,0.0</coordinates></LineString></Placemark>
<Placemark><name>way_id=377460846</name><styleUrl>lstyle1</styleUrl><LineString id="way377460846"><extrude>0</extrude><tessellate>0</tessellate><altitudeMode>clampToGround</altitudeMode>
<coordinates>14.4279442,50.1061434,0.0,14.4280448,50.1059936,0.0,14.4282857,50.1054174,0.0,14.4283211,50.1053652,0.0,14.4283707,50.1053171,0.0,14.4284506,50.1052728,0.0,14.4286622,50.1051835,0.0</coordinates></LineString></Placemark>
<Placemark><name>way_id=379747006</name><styleUrl>lstyle1</styleUrl><LineString id="way379747006"><extrude>0</extrude><tessellate>0</tessellate><altitudeMode>clampToGround</altitudeMode>
<coordinates>14.4146573,50.1043622,0.0,14.4147337,50.1045966,0.0,14.4144662,50.1046388,0.0</coordinates></LineString></Placemark>
<Placemark><name>way_id=426021590</name><styleUrl>lstyle1</styleUrl><LineString id="way426021590"><extrude>0</extrude><tessellate>0</tessellate><altitudeMode>clampToGround</altitudeMode>
<coordinates>14.4225922,50.1030180,0.0,14.4225906,50.1029064,0.0</coordinates></LineString></Placemark>
<Placemark><name>way_id=429481534</name><styleUrl>lstyle1</styleUrl><LineString id="way429481534"><extrude>0</extrude><tessellate>0</tessellate><altitudeMode>clampToGround</altitudeMode>
<coordinates>14.4139405,50.1102123,0.0,14.4142723,50.1101216,0.0,14.4145363,50.1100660,0.0,14.4147928,50.1099898,0.0,14.4150106,50.1099362,0.0,14.4152266,50.1098749,0.0,14.4155228,50.1098229,0.0,14.4162451,50.1097031,0.0,14.4164960,50.1096596,0.0,14.4166469,50.1096426,0.0,14.4168091,50.1096160,0.0,14.4170977,50.1096063,0.0,14.4173844,50.1096039,0.0,14.4175749,50.1096063,0.0,14.4177464,50.1096029,0.0</coordinates></LineString></Placemark>
<Placemark><name>way_id=437071721</name><styleUrl>lstyle1</styleUrl><LineString id="way437071721"><extrude>0</extrude><tessellate>0</tessellate><altitudeMode>clampToGround</altitudeMode>
<coordinates>14.4211863,50.1031095,0.0,14.4211683,50.1030155,0.0</coordinates></LineString></Placemark>
<Placemark><name>way_id=443168486</name><styleUrl>lstyle1</styleUrl><LineString id="way443168486"><extrude>0</extrude><tessellate>0</tessellate><altitudeMode>clampToGround</altitudeMode>
<coordinates>14.4285928,50.1051163,0.0,14.4286622,50.1051835,0.0</coordinates></LineString></Placemark>
<Placemark><name>way_id=445462125</name><styleUrl>lstyle1</styleUrl><LineString id="way445462125"><extrude>0</extrude><tessellate>0</tessellate><altitudeMode>clampToGround</altitudeMode>
<coordinates>14.4181816,50.1060778,0.0,14.4179872,50.1056579,0.0,14.4178790,50.1056040,0.0,14.4175005,50.1055295,0.0,14.4174585,50.1055194,0.0,14.4174023,50.1055002,0.0,14.4172265,50.1054234,0.0</coordinates></LineString></Placemark>
<Placemark><name>way_id=445462126</name><styleUrl>lstyle1</styleUrl><LineString id="way445462126"><extrude>0</extrude><tessellate>0</tessellate><altitudeMode>clampToGround</altitudeMode>
<coordinates>14.4181816,50.1060778,0.0,14.4182920,50.1063040,0.0</coordinates></LineString></Placemark>
<Placemark><name>way_id=445462202</name><styleUrl>lstyle1</styleUrl><LineString id="way445462202"><extrude>0</extrude><tessellate>0</tessellate><altitudeMode>clampToGround</altitudeMode>
<coordinates>14.4166765,50.1061250,0.0,14.4167415,50.1060301,0.0</coordinates></LineString></Placemark>
<Placemark><name>way_id=445462203</name><styleUrl>lstyle1</styleUrl><LineString id="way445462203"><extrude>0</extrude><tessellate>0</tessellate><altitudeMode>clampToGround</altitudeMode>
<coordinates>14.4167415,50.1060301,0.0,14.4171080,50.1054962,0.0</coordinates></LineString></Placemark>
<Placemark><name>way_id=445462204</name><styleUrl>lstyle1</styleUrl><LineString id="way445462204"><extrude>0</extrude><tessellate>0</tessellate><altitudeMode>clampToGround</altitudeMode>
<coordinates>14.4171080,50.1054962,0.0,14.4172265,50.1054234,0.0</coordinates></LineString></Placemark>
<Placemark><name>way_id=448495209</name><styleUrl>lstyle1</styleUrl><LineString id="way448495209"><extrude>0</extrude><tessellate>0</tessellate><altitudeMode>clampToGround</altitudeMode>
<coordinates>14.4291119,50.1051839,0.0,14.4290664,50.1051359,0.0,14.4290263,50.1050922,0.0,14.4289860,50.1050576,0.0</coordinates></LineString></Placemark>
<Placemark><name>way_id=482510577</name><styleUrl>lstyle1</styleUrl><LineString id="way482510577"><extrude>0</extrude><tessellate>0</tessellate><altitudeMode>clampToGround</altitudeMode>
<coordinates>14.4148414,50.1056387,0.0,14.4150334,50.1056273,0.0,14.4153610,50.1056113,0.0</coordinates></LineString></Placemark>
<Placemark><name>way_id=482510580</name><styleUrl>lstyle1</styleUrl><LineString id="way482510580"><extrude>0</extrude><tessellate>0</tessellate><altitudeMode>clampToGround</altitudeMode>
<coordinates>14.4198246,50.1033453,0.0,14.4196388,50.1033822,0.0,14.4193630,50.1034544,0.0,14.4191129,50.1035198,0.0,14.4188525,50.1036170,0.0,14.4183734,50.1037533,0.0</coordinates></LineString></Placemark>
<Placemark><name>way_id=482510581</name><styleUrl>lstyle1</styleUrl><LineString id="way482510581"><extrude>0</extrude><tessellate>0</tessellate><altitudeMode>clampToGround</altitudeMode>
<coordinates>14.4198246,50.1033453,0.0,14.4200088,50.1033963,0.0,14.4201708,50.1034166,0.0,14.4210533,50.1033270,0.0,14.4214190,50.1033130,0.0,14.4222505,50.1032375,0.0,14.4229934,50.1031789,0.0</coordinates></LineString></Placemark>
<Placemark><name>way_id=482510583</name><styleUrl>lstyle1</styleUrl><LineString id="way482510583"><extrude>0</extrude><tessellate>0</tessellate><altitudeMode>clampToGround</altitudeMode>
<coordinates>14.4261964,50.1035282,0.0,14.4260891,50.1035793,0.0,14.4259558,50.1035669,0.0,14.4256994,50.1035150,0.0,14.4256195,50.1035353,0.0</coordinates></LineString></Placemark>
<Placemark><name>way_id=482510588</name><styleUrl>lstyle1</styleUrl><LineString id="way482510588"><extrude>0</extrude><tessellate>0</tessellate><altitudeMode>clampToGround</altitudeMode>
<coordinates>14.4255388,50.1094117,0.0,14.4255293,50.1092768,0.0,14.4255551,50.1092031,0.0,14.4256126,50.1090861,0.0,14.4256363,50.1090378,0.0,14.4257018,50.1089042,0.0,14.4257455,50.1088177,0.0,14.4257772,50.1086371,0.0,14.4258124,50.1084106,0.0</coordinates></LineString></Placemark>
<Placemark><name>way_id=482520324</name><styleUrl>lstyle1</styleUrl><LineString id="way482520324"><extrude>0</extrude><tessellate>0</tessellate><altitudeMode>clampToGround</altitudeMode>
<coordinates>14.4134172,50.1046598,0.0,14.4134642,50.1046030,0.0,14.4135312,50.1045742,0.0,14.4137828,50.1045399,0.0,14.4138872,50.1045253,0.0,14.4139256,50.1045134,0.0,14.4139596,50.1044932,0.0</coordinates></LineString></Placemark>
<Placemark><name>way_id=482520325</name><styleUrl>lstyle1</styleUrl><LineString id="way482520325"><extrude>0</extrude><tessellate>0</tessellate><altitudeMode>clampToGround</altitudeMode>
<coordinates>14.4133731,50.1052224,0.0,14.4142643,50.1052005,0.0</coordinates></LineString></Placemark>
<Placemark><name>way_id=482520326</name><styleUrl>lstyle1</styleUrl><LineString id="way482520326"><extrude>0</extrude><tessellate>0</tessellate><altitudeMode>clampToGround</altitudeMode>
<coordinates>14.4142643,50.1052005,0.0,14.4148022,50.1051365,0.0,14.4154990,50.1050536,0.0,14.4156013,50.1050421,0.0,14.4157145,50.1050276,0.0</coordinates></LineString></Placemark>
<Placemark><name>way_id=482520327</name><styleUrl>lstyle1</styleUrl><LineString id="way482520327"><extrude>0</extrude><tessellate>0</tessellate><altitudeMode>clampToGround</altitudeMode>
<coordinates>14.4125934,50.1056526,0.0,14.4127528,50.1056855,0.0,14.4129006,50.1057063,0.0,14.4131893,50.1057298,0.0,14.4134809,50.1056536,0.0,14.4136754,50.1056068,0.0,14.4139829,50.1055473,0.0</coordinates></LineString></Placemark>
<Placemark><name>way_id=482520328</name><styleUrl>lstyle1</styleUrl><LineString id="way482520328"><extrude>0</extrude><tessellate>0</tessellate><altitudeMode>clampToGround</altitudeMode>
<coordinates>14.4139829,50.1055473,0.0,14.4141504,50.1053402,0.0</coordinates></LineString></Placemark>
<Placemark><name>way_id=483930375</name><styleUrl>lstyle1</styleUrl><LineString id="way483930375"><extrude>0</extrude><tessellate>0</tessellate><altitudeMode>clampToGround</altitudeMode>
<coordinates>14.4278552,50.1057935,0.0,14.4277461,50.1057848,0.0,14.4276830,50.1057507,0.0,14.4276654,50.1057286,0.0</coordinates></LineString></Placemark>
<Placemark><name>way_id=488226167</name><styleUrl>lstyle1</styleUrl><LineString id="way488226167"><extrude>0</extrude><tessellate>0</tessellate><altitudeMode>clampToGround</altitudeMode>
<coordinates>14.4260124,50.1067873,0.0,14.4261680,50.1068295,0.0,14.4266813,50.1069741,0.0</coordinates></LineString></Placemark>
<Placemark><name>way_id=531085537</name><styleUrl>lstyle1</styleUrl><LineString id="way531085537"><extrude>0</extrude><tessellate>0</tessellate><altitudeMode>clampToGround</altitudeMode>
<coordinates>14.4136948,50.1101501,0.0,14.4136821,50.1101823,0.0,14.4136907,50.1102162,0.0,14.4137165,50.1102469,0.0,14.4137521,50.1102650,0.0</coordinates></LineString></Placemark>
<Placemark><name>way_id=531085538</name><styleUrl>lstyle1</styleUrl><LineString id="way531085538"><extrude>0</extrude><tessellate>0</tessellate><altitudeMode>clampToGround</altitudeMode>
<coordinates>14.4166479,50.1104939,0.0,14.4165995,50.1104376,0.0,14.4165307,50.1103863,0.0</coordinates></LineString></Placemark>
<Placemark><name>way_id=531085539</name><styleUrl>lstyle1</styleUrl><LineString id="way531085539"><extrude>0</extrude><tessellate>0</tessellate><altitudeMode>clampToGround</altitudeMode>
<coordinates>14.4179697,50.1096859,0.0,14.4177464,50.1096029,0.0,14.4168899,50.1092848,0.0,14.4160826,50.1089556,0.0,14.4152675,50.1086742,0.0,14.4151160,50.1086028,0.0,14.4149824,50.1085242,0.0,14.4149161,50.1084921,0.0,14.4147458,50.1084382,0.0,14.4140648,50.1082628,0.0,14.4137842,50.1081678,0.0,14.4135826,50.1080850,0.0,14.4133387,50.1079557,0.0,14.4132229,50.1079086,0.0,14.4121577,50.1075558,0.0</coordinates></LineString></Placemark>
<Placemark><name>way_id=548739729</name><styleUrl>lstyle1</styleUrl><LineString id="way548739729"><extrude>0</extrude><tessellate>0</tessellate><altitudeMode>clampToGround</altitudeMode>
<coordinates>14.4123376,50.1068935,0.0,14.4130053,50.1072386,0.0,14.4154991,50.1081092,0.0,14.4173075,50.1087916,0.0,14.4184566,50.1091981,0.0,14.4184961,50.1092468,0.0,14.4185498,50.1093197,0.0</coordinates></LineString></Placemark>
<Placemark><name>way_id=548739733</name><styleUrl>lstyle1</styleUrl><LineString id="way548739733"><extrude>0</extrude><tessellate>0</tessellate><altitudeMode>clampToGround</altitudeMode>
<coordinates>14.4184654,50.1067099,0.0,14.4182483,50.1066879,0.0,14.4180668,50.1066297,0.0,14.4178888,50.1065237,0.0,14.4177923,50.1064930,0.0,14.4177093,50.1064460,0.0,14.4175258,50.1063268,0.0,14.4173662,50.1062560,0.0,14.4172738,50.1062223,0.0,14.4171765,50.1061959,0.0,14.4170856,50.1061775,0.0,14.4169601,50.1061614,0.0,14.4166765,50.1061250,0.0,14.4164061,50.1060550,0.0,14.4162725,50.1060228,0.0,14.4161131,50.1059954,0.0,14.4158319,50.1059593,0.0</coordinates></LineString></Placemark>
<Placemark><name>way_id=548739735</name><styleUrl>lstyle1</styleUrl><LineString id="way548739735"><extrude>0</extrude><tessellate>0</tessellate><altitudeMode>clampToGround</altitudeMode>
<coordinates>14.4185005,50.1071253,0.0,14.4184954,50.1070493,0.0</coordinates></LineString></Placemark>
<Placemark><name>way_id=548739738</name><styleUrl>lstyle1</styleUrl><LineString id="way548739738"><extrude>0</extrude><tessellate>0</tessellate><altitudeMode>clampToGround</altitudeMode>
<coordinates>14.4203189,50.1038565,0.0,14.4196506,50.1037836,0.0</coordinates></LineString></Placemark>
<Placemark><name>way_id=548739741</name><styleUrl>lstyle1</styleUrl><LineString id="way548739741"><extrude>0</extrude><tessellate>0</tessellate><altitudeMode>clampToGround</altitudeMode>
<coordinates>14.4193354,50.1037180,0.0,14.4193630,50.1034544,0.0</coordinates></LineString></Placemark>
<Placemark><name>way_id=553339695</name><styleUrl>lstyle1</styleUrl><LineString id="way553339695"><extrude>0</extrude><tessellate>0</tessellate><altitudeMode>clampToGround</altitudeMode>
<coordinates>14.4188827,50.1060573,0.0,14.4187400,50.1060460,0.0,14.4186195,50.1060288,0.0,14.4184928,50.1060275,0.0,14.4183631,50.1060413,0.0,14.4181816,50.1060778,0.0</coordinates></LineString></Placemark>
<Placemark><name>way_id=553339696</name><styleUrl>lstyle1</styleUrl><LineString id="way553339696"><extrude>0</extrude><tessellate>0</tessellate><altitudeMode>clampToGround</altitudeMode>
<coordinates>14.4178617,50.1054225,0.0,14.4179872,50.1056579,0.0</coordinates></LineString></Placemark>
<Placemark><name>way_id=562167445</name><styleUrl>lstyle1</styleUrl><LineString id="way562167445"><extrude>0</extrude><tessellate>0</tessellate><altitudeMode>clampToGround</altitudeMode>
<coordinates>14.4202027,50.1029787,0.0,14.4201878,50.1029277,0.0,14.4201837,50.1029092,0.0,14.4201755,50.1028717,0.0</coordinates></LineString></Placemark>
<Placemark><name>way_id=562167446</name><styleUrl>lstyle1</styleUrl><LineString id="way562167446"><extrude>0</extrude><tessellate>0</tessellate><altitudeMode>clampToGround</altitudeMode>
<coordinates>14.4203079,50.1032223,0.0,14.4202462,50.1030350,0.0</coordinates></LineString></Placemark>
<Placemark><name>way_id=677306316</name><styleUrl>lstyle1</styleUrl><LineString id="way677306316"><extrude>0</extrude><tessellate>0</tessellate><altitudeMode>clampToGround</altitudeMode>
<coordinates>14.4168474,50.1049963,0.0,14.4168628,50.1050436,0.0,14.4169091,50.1051799,0.0,14.4169229,50.1052205,0.0</coordinates></LineString></Placemark>
<Placemark><name>way_id=677306317</name><styleUrl>lstyle1</styleUrl><LineString id="way677306317"><extrude>0</extrude><tessellate>0</tessellate><altitudeMode>clampToGround</altitudeMode>
<coordinates>14.4171431,50.1051161,0.0,14.4171197,50.1050428,0.0</coordinates></LineString></Placemark>
<Placemark><name>way_id=677306318</name><styleUrl>lstyle1</styleUrl><LineString id="way677306318"><extrude>0</extrude><tessellate>0</tessellate><altitudeMode>clampToGround</altitudeMode>
<coordinates>14.4178054,50.1052992,0.0,14.4178617,50.1054225,0.0</coordinates></LineString></Placemark>
<Placemark><name>way_id=677306320</name><styleUrl>lstyle1</styleUrl><LineString id="way677306320"><extrude>0</extrude><tessellate>0</tessellate><altitudeMode>clampToGround</altitudeMode>
<coordinates>14.4177324,50.1051194,0.0,14.4177533,50.1051778,0.0,14.4177652,50.1052084,0.0</coordinates></LineString></Placemark>
<Placemark><name>way_id=677306325</name><styleUrl>lstyle1</styleUrl><LineString id="way677306325"><extrude>0</extrude><tessellate>0</tessellate><altitudeMode>clampToGround</altitudeMode>
<coordinates>14.4211043,50.1073747,0.0,14.4210909,50.1073355,0.0,14.4210441,50.1073017,0.0,14.4209143,50.1072362,0.0,14.4208490,50.1072153,0.0,14.4207694,50.1071954,0.0,14.4207100,50.1071653,0.0,14.4205877,50.1070563,0.0,14.4204278,50.1068898,0.0,14.4202679,50.1066632,0.0,14.4201825,50.1066004,0.0,14.4200845,50.1065279,0.0,14.4200535,50.1064677,0.0,14.4200443,50.1064248,0.0,14.4200184,50.1063528,0.0,14.4200284,50.1063142,0.0,14.4200736,50.1062728,0.0,14.4201054,50.1062400,0.0,14.4200996,50.1061740,0.0,14.4200527,50.1060908,0.0,14.4200149,50.1060546,0.0</coordinates></LineString></Placemark>
<Placemark><name>way_id=677306328</name><styleUrl>lstyle1</styleUrl><LineString id="way677306328"><extrude>0</extrude><tessellate>0</tessellate><altitudeMode>clampToGround</altitudeMode>
<coordinates>14.4176767,50.1076126,0.0,14.4175860,50.1076529,0.0,14.4174617,50.1077705,0.0</coordinates></LineString></Placemark>
<Placemark><name>way_id=677306329</name><styleUrl>lstyle1</styleUrl><LineString id="way677306329"><extrude>0</extrude><tessellate>0</tessellate><altitudeMode>clampToGround</altitudeMode>
<coordinates>14.4154325,50.1065075,0.0,14.4153967,50.1065027,0.0,14.4152732,50.1064948,0.0</coordinates></LineString></Placemark>
<Placemark><name>way_id=677306331</name><styleUrl>lstyle1</styleUrl><LineString id="way677306331"><extrude>0</extrude><tessellate>0</tessellate><altitudeMode>clampToGround</altitudeMode>
<coordinates>14.4156380,50.1074756,0.0,14.4156929,50.1073914,0.0,14.4157632,50.1073055,0.0,14.4158693,50.1071979,0.0,14.4159307,50.1071428,0.0,14.4160125,50.1071070,0.0,14.4161140,50.1070837,0.0,14.4162086,50.1070746,0.0,14.4162699,50.1070583,0.0,14.4163224,50.1070295,0.0,14.4164037,50.1069516,0.0,14.4164592,50.1069277,0.0,14.4165048,50.1069179,0.0</coordinates></LineString></Placemark>
<Placemark><name>way_id=677306333</name><styleUrl>lstyle1</styleUrl><LineString id="way677306333"><extrude>0</extrude><tessellate>0</tessellate><altitudeMode>clampToGround</altitudeMode>
<coordinates>14.4160532,50.1065587,0.0,14.4160948,50.1066036,0.0,14.4162940,50.1067733,0.0,14.4163304,50.1067939,0.0,14.4163962,50.1068039,0.0,14.4164565,50.1067971,0.0</coordinates></LineString></Placemark>
<Placemark><name>way_id=677306334</name><styleUrl>lstyle1</styleUrl><LineString id="way677306334"><extrude>0</extrude><tessellate>0</tessellate><altitudeMode>clampToGround</altitudeMode>
<coordinates>14.4164845,50.1064172,0.0,14.4164272,50.1064162,0.0,14.4163221,50.1064275,0.0,14.4162212,50.1064468,0.0,14.4161400,50.1064763,0.0,14.4160883,50.1065139,0.0,14.4160532,50.1065587,0.0,14.4159377,50.1065520,0.0,14.4155363,50.1065155,0.0</coordinates></LineString></Placemark>
<Placemark><name>way_id=683770051</name><styleUrl>lstyle1</styleUrl><LineString id="way683770051"><extrude>0</extrude><tessellate>0</tessellate><altitudeMode>clampToGround</altitudeMode>
<coordinates>14.4232364,50.1029875,0.0,14.4232183,50.1028051,0.0,14.4232127,50.1027791,0.0</coordinates></LineString></Placemark>
<Placemark><name>way_id=724212382</name><styleUrl>lstyle1</styleUrl><LineString id="way724212382"><extrude>0</extrude><tessellate>0</tessellate><altitudeMode>clampToGround</altitudeMode>
<coordinates>14.4109484,50.1047378,0.0,14.4109458,50.1047541,0.0</coordinates></LineString></Placemark>
<Placemark><name>way_id=737892392</name><styleUrl>lstyle1</styleUrl><LineString id="way737892392"><extrude>0</extrude><tessellate>0</tessellate><altitudeMode>clampToGround</altitudeMode>
<coordinates>14.4083190,50.1049588,0.0,14.4083033,50.1049136,0.0</coordinates></LineString></Placemark>
<Placemark><name>way_id=737909240</name><styleUrl>lstyle1</styleUrl><LineString id="way737909240"><extrude>0</extrude><tessellate>0</tessellate><altitudeMode>clampToGround</altitudeMode>
<coordinates>14.4217072,50.1048489,0.0,14.4217953,50.1048700,0.0,14.4219555,50.1048523,0.0,14.4220159,50.1048783,0.0,14.4220029,50.1050993,0.0,14.4217854,50.1050966,0.0</coordinates></LineString></Placemark>
<Placemark><name>way_id=737909241</name><styleUrl>lstyle1</styleUrl><LineString id="way737909241"><extrude>0</extrude><tessellate>0</tessellate><altitudeMode>clampToGround</altitudeMode>
<coordinates>14.4218923,50.1051779,0.0,14.4217854,50.1050966,0.0,14.4217375,50.1050971,0.0</coordinates></LineString></Placemark>
<Placemark><name>way_id=737909242</name><styleUrl>lstyle1</styleUrl><LineString id="way737909242"><extrude>0</extrude><tessellate>0</tessellate><altitudeMode>clampToGround</altitudeMode>
<coordinates>14.4215519,50.1051726,0.0,14.4216608,50.1051214,0.0,14.4217375,50.1050971,0.0,14.4216335,50.1050304,0.0</coordinates></LineString></Placemark>
<Placemark><name>way_id=737909244</name><styleUrl>lstyle1</styleUrl><LineString id="way737909244"><extrude>0</extrude><tessellate>0</tessellate><altitudeMode>clampToGround</altitudeMode>
<coordinates>14.4216091,50.1050208,0.0,14.4215591,50.1049854,0.0,14.4215071,50.1049487,0.0</coordinates></LineString></Placemark>
<Placemark><name>way_id=737909245</name><styleUrl>lstyle1</styleUrl><LineString id="way737909245"><extrude>0</extrude><tessellate>0</tessellate><altitudeMode>clampToGround</altitudeMode>
<coordinates>14.4214885,50.1049377,0.0,14.4214224,50.1048989,0.0</coordinates></LineString></Placemark>
<Placemark><name>way_id=738131006</name><styleUrl>lstyle1</styleUrl><LineString id="way738131006"><extrude>0</extrude><tessellate>0</tessellate><altitudeMode>clampToGround</altitudeMode>
<coordinates>14.4195991,50.1043224,0.0,14.4195158,50.1045144,0.0,14.4194500,50.1046083,0.0,14.4194118,50.1046690,0.0,14.4193719,50.1047972,0.0</coordinates></LineString></Placemark>
<Placemark><name>way_id=776210736</name><styleUrl>lstyle1</styleUrl><LineString id="way776210736"><extrude>0</extrude><tessellate>0</tessellate><altitudeMode>clampToGround</altitudeMode>
<coordinates>14.4183527,50.1035427,0.0,14.4177518,50.1036775,0.0</coordinates></LineString></Placemark>
<Placemark><name>way_id=816300081</name><styleUrl>lstyle1</styleUrl><LineString id="way816300081"><extrude>0</extrude><tessellate>0</tessellate><altitudeMode>clampToGround</altitudeMode>
<coordinates>14.4219037,50.1072669,0.0,14.4218986,50.1072778,0.0,14.4219200,50.1072978,0.0,14.4219831,50.1073272,0.0</coordinates></LineString></Placemark>
<Placemark><name>way_id=816300082</name><styleUrl>lstyle1</styleUrl><LineString id="way816300082"><extrude>0</extrude><tessellate>0</tessellate><altitudeMode>clampToGround</altitudeMode>
<coordinates>14.4220658,50.1071945,0.0,14.4220295,50.1071808,0.0,14.4219899,50.1071705,0.0,14.4219837,50.1071728,0.0,14.4219802,50.1071756,0.0</coordinates></LineString></Placemark>
<Placemark><name>way_id=826263693</name><styleUrl>lstyle1</styleUrl><LineString id="way826263693"><extrude>0</extrude><tessellate>0</tessellate><altitudeMode>clampToGround</altitudeMode>
<coordinates>14.4248017,50.1082065,0.0,14.4242590,50.1079597,0.0,14.4242231,50.1079444,0.0,14.4241221,50.1078878,0.0</coordinates></LineString></Placemark>
<Placemark><name>way_id=826263703</name><styleUrl>lstyle1</styleUrl><LineString id="way826263703"><extrude>0</extrude><tessellate>0</tessellate><altitudeMode>clampToGround</altitudeMode>
<coordinates>14.4225464,50.1091056,0.0,14.4224589,50.1091121,0.0,14.4223911,50.1090120,0.0,14.4223631,50.1089679,0.0</coordinates></LineString></Placemark>
<Placemark><name>way_id=846769053</name><styleUrl>lstyle1</styleUrl><LineString id="way846769053"><extrude>0</extrude><tessellate>0</tessellate><altitudeMode>clampToGround</altitudeMode>
<coordinates>14.4154991,50.1081092,0.0,14.4152286,50.1079137,0.0,14.4151271,50.1077997,0.0,14.4151136,50.1077753,0.0,14.4150953,50.1076904,0.0</coordinates></LineString></Placemark>
<Placemark><name>way_id=930976402</name><styleUrl>lstyle1</styleUrl><LineString id="way930976402"><extrude>0</extrude><tessellate>0</tessellate><altitudeMode>clampToGround</altitudeMode>
<coordinates>14.4188102,50.1087852,0.0,14.4190258,50.1087422,0.0,14.4191358,50.1087259,0.0,14.4193451,50.1086951,0.0</coordinates></LineString></Placemark>
<Placemark><name>way_id=932354925</name><styleUrl>lstyle1</styleUrl><LineString id="way932354925"><extrude>0</extrude><tessellate>0</tessellate><altitudeMode>clampToGround</altitudeMode>
<coordinates>14.4180348,50.1047509,0.0,14.4186939,50.1048919,0.0,14.4189178,50.1049775,0.0</coordinates></LineString></Placemark>
<Placemark><name>way_id=932407533</name><styleUrl>lstyle1</styleUrl><LineString id="way932407533"><extrude>0</extrude><tessellate>0</tessellate><altitudeMode>clampToGround</altitudeMode>
<coordinates>14.4178250,50.1066451,0.0,14.4178484,50.1067035,0.0</coordinates></LineString></Placemark>
<Placemark><name>way_id=932407537</name><styleUrl>lstyle1</styleUrl><LineString id="way932407537"><extrude>0</extrude><tessellate>0</tessellate><altitudeMode>clampToGround</altitudeMode>
<coordinates>14.4178484,50.1067035,0.0,14.4178696,50.1067585,0.0,14.4178892,50.1068578,0.0,14.4178893,50.1069337,0.0,14.4178742,50.1070081,0.0,14.4178401,50.1071491,0.0,14.4178163,50.1072230,0.0,14.4177840,50.1072839,0.0,14.4177377,50.1073493,0.0,14.4175842,50.1075886,0.0</coordinates></LineString></Placemark>
<Placemark><name>way_id=949629829</name><styleUrl>lstyle1</styleUrl><LineString id="way949629829"><extrude>0</extrude><tessellate>0</tessellate><altitudeMode>clampToGround</altitudeMode>
<coordinates>14.4139941,50.1044054,0.0,14.4138765,50.1044019,0.0,14.4137589,50.1043848,0.0,14.4136945,50.1043699,0.0,14.4136387,50.1043523,0.0,14.4135691,50.1043200,0.0,14.4134783,50.1042705,0.0,14.4133961,50.1042210,0.0</coordinates></LineString></Placemark>
<Placemark><name>way_id=949629830</name><styleUrl>lstyle1</styleUrl><LineString id="way949629830"><extrude>0</extrude><tessellate>0</tessellate><altitudeMode>clampToGround</altitudeMode>
<coordinates>14.4177518,50.1036775,0.0,14.4173708,50.1037531,0.0,14.4163797,50.1040174,0.0,14.4160977,50.1041026,0.0,14.4155793,50.1042961,0.0,14.4154940,50.1043198,0.0,14.4154032,50.1043357,0.0,14.4152994,50.1043475,0.0,14.4151960,50.1043542,0.0,14.4150912,50.1043548,0.0,14.4148908,50.1043526,0.0,14.4146714,50.1043609,0.0</coordinates></LineString></Placemark>
<Placemark><name>way_id=949629831</name><styleUrl>lstyle1</styleUrl><LineString id="way949629831"><extrude>0</extrude><tessellate>0</tessellate><altitudeMode>clampToGround</altitudeMode>
<coordinates>14.4200219,50.1030887,0.0,14.4198605,50.1032783,0.0,14.4198246,50.1033453,0.0</coordinates></LineString></Placemark>
<Placemark><name>way_id=949629832</name><styleUrl>lstyle1</styleUrl><LineString id="way949629832"><extrude>0</extrude><tessellate>0</tessellate><altitudeMode>clampToGround</altitudeMode>
<coordinates>14.4202462,50.1030350,0.0,14.4202320,50.1030137,0.0,14.4202101,50.1029902,0.0,14.4202027,50.1029787,0.0</coordinates></LineString></Placemark>
<Placemark><name>way_id=949629833</name><styleUrl>lstyle1</styleUrl><LineString id="way949629833"><extrude>0</extrude><tessellate>0</tessellate><altitudeMode>clampToGround</altitudeMode>
<coordinates>14.4203079,50.1032223,0.0,14.4198605,50.1032783,0.0,14.4183527,50.1035427,0.0</coordinates></LineString></Placemark>
<Placemark><name>way_id=956523902</name><styleUrl>lstyle1</styleUrl><LineString id="way956523902"><extrude>0</extrude><tessellate>0</tessellate><altitudeMode>clampToGround</altitudeMode>
<coordinates>14.4276708,50.1051376,0.0,14.4276575,50.1051715,0.0</coordinates></LineString></Placemark>
<Placemark><name>way_id=981696629</name><styleUrl>lstyle1</styleUrl><LineString id="way981696629"><extrude>0</extrude><tessellate>0</tessellate><altitudeMode>clampToGround</altitudeMode>
<coordinates>14.4185329,50.1093513,0.0,14.4185498,50.1093197,0.0</coordinates></LineString></Placemark>
<Placemark><name>way_id=988317524</name><styleUrl>lstyle1</styleUrl><LineString id="way988317524"><extrude>0</extrude><tessellate>0</tessellate><altitudeMode>clampToGround</altitudeMode>
<coordinates>14.4182920,50.1063040,0.0,14.4183078,50.1063363,0.0</coordinates></LineString></Placemark>
<Placemark><name>way_id=1018486000</name><styleUrl>lstyle1</styleUrl><LineString id="way1018486000"><extrude>0</extrude><tessellate>0</tessellate><altitudeMode>clampToGround</altitudeMode>
<coordinates>14.4158587,50.1076482,0.0,14.4156992,50.1076999,0.0,14.4155983,50.1077175,0.0,14.4154100,50.1077273,0.0</coordinates></LineString></Placemark>
<Placemark><name>way_id=1018486002</name><styleUrl>lstyle1</styleUrl><LineString id="way1018486002"><extrude>0</extrude><tessellate>0</tessellate><altitudeMode>clampToGround</altitudeMode>
<coordinates>14.4187259,50.1085486,0.0,14.4187584,50.1085997,0.0,14.4187837,50.1086526,0.0,14.4188020,50.1087167,0.0,14.4188102,50.1087852,0.0</coordinates></LineString></Placemark>
<Placemark><name>way_id=1018486004</name><styleUrl>lstyle1</styleUrl><LineString id="way1018486004"><extrude>0</extrude><tessellate>0</tessellate><altitudeMode>clampToGround</altitudeMode>
<coordinates>14.4186276,50.1050881,0.0,14.4186124,50.1050067,0.0</coordinates></LineString></Placemark>
<Placemark><name>way_id=1021126534</name><styleUrl>lstyle1</styleUrl><LineString id="way1021126534"><extrude>0</extrude><tessellate>0</tessellate><altitudeMode>clampToGround</altitudeMode>
<coordinates>14.4191600,50.1105570,0.0,14.4200478,50.1105698,0.0,14.4227224,50.1105842,0.0</coordinates></LineString></Placemark>
<Placemark><name>way_id=1021126535</name><styleUrl>lstyle1</styleUrl><LineString id="way1021126535"><extrude>0</extrude><tessellate>0</tessellate><altitudeMode>clampToGround</altitudeMode>
<coordinates>14.4227224,50.1105842,0.0,14.4227254,50.1107316,0.0</coordinates></LineString></Placemark>
<Placemark><name>way_id=1025620303</name><styleUrl>lstyle1</styleUrl><LineString id="way1025620303"><extrude>0</extrude><tessellate>0</tessellate><altitudeMode>clampToGround</altitudeMode>
<coordinates>14.4139596,50.1044932,0.0,14.4139739,50.1044678,0.0,14.4139941,50.1044054,0.0</coordinates></LineString></Placemark>
<Placemark><name>way_id=1031641174</name><styleUrl>lstyle1</styleUrl><LineString id="way1031641174"><extrude>0</extrude><tessellate>0</tessellate><altitudeMode>clampToGround</altitudeMode>
<coordinates>14.4276367,50.1063592,0.0,14.4277003,50.1064127,0.0</coordinates></LineString></Placemark>
<Placemark><name>way_id=1040746763</name><styleUrl>lstyle1</styleUrl><LineString id="way1040746763"><extrude>0</extrude><tessellate>0</tessellate><altitudeMode>clampToGround</altitudeMode>
<coordinates>14.4153029,50.1057243,0.0,14.4153610,50.1056113,0.0,14.4154103,50.1055654,0.0,14.4155311,50.1055128,0.0</coordinates></LineString></Placemark>
<Placemark><name>way_id=1046824277</name><styleUrl>lstyle1</styleUrl><LineString id="way1046824277"><extrude>0</extrude><tessellate>0</tessellate><altitudeMode>clampToGround</altitudeMode>
<coordinates>14.4269205,50.1066766,0.0,14.4271529,50.1067342,0.0,14.4271813,50.1067413,0.0</coordinates></LineString></Placemark>
<Placemark><name>way_id=1046824278</name><styleUrl>lstyle1</styleUrl><LineString id="way1046824278"><extrude>0</extrude><tessellate>0</tessellate><altitudeMode>clampToGround</altitudeMode>
<coordinates>14.4271529,50.1067342,0.0,14.4273446,50.1064422,0.0</coordinates></LineString></Placemark>
<Placemark><name>way_id=1104049024</name><styleUrl>lstyle1</styleUrl><LineString id="way1104049024"><extrude>0</extrude><tessellate>0</tessellate><altitudeMode>clampToGround</altitudeMode>
<coordinates>14.4057109,50.1067554,0.0,14.4060663,50.1066378,0.0,14.4062270,50.1065542,0.0</coordinates></LineString></Placemark>
<Placemark><name>way_id=1104050018</name><styleUrl>lstyle1</styleUrl><LineString id="way1104050018"><extrude>0</extrude><tessellate>0</tessellate><altitudeMode>clampToGround</altitudeMode>
<coordinates>14.4086903,50.1050727,0.0,14.4091612,50.1050626,0.0</coordinates></LineString></Placemark>
<Placemark><name>way_id=1104050553</name><styleUrl>lstyle1</styleUrl><LineString id="way1104050553"><extrude>0</extrude><tessellate>0</tessellate><altitudeMode>clampToGround</altitudeMode>
<coordinates>14.4099498,50.1050693,0.0,14.4100081,50.1050278,0.0,14.4100858,50.1050084,0.0</coordinates></LineString></Placemark>
<Placemark><name>way_id=1104050710</name><styleUrl>lstyle1</styleUrl><LineString id="way1104050710"><extrude>0</extrude><tessellate>0</tessellate><altitudeMode>clampToGround</altitudeMode>
<coordinates>14.4097480,50.1050924,0.0,14.4098971,50.1050560,0.0,14.4099498,50.1050693,0.0,14.4100482,50.1050980,0.0</coordinates></LineString></Placemark>
<Placemark><name>way_id=1104050854</name><styleUrl>lstyle1</styleUrl><LineString id="way1104050854"><extrude>0</extrude><tessellate>0</tessellate><altitudeMode>clampToGround</altitudeMode>
<coordinates>14.4100482,50.1050980,0.0,14.4104618,50.1052189,0.0,14.4105760,50.1052523,0.0</coordinates></LineString></Placemark>
<Placemark><name>way_id=1104085395</name><styleUrl>lstyle1</styleUrl><LineString id="way1104085395"><extrude>0</extrude><tessellate>0</tessellate><altitudeMode>clampToGround</altitudeMode>
<coordinates>14.4213392,50.1064920,0.0,14.4213160,50.1065320,0.0,14.4212652,50.1065505,0.0,14.4211799,50.1065690,0.0</coordinates></LineString></Placemark>
<Placemark><name>way_id=1124817065</name><styleUrl>lstyle1</styleUrl><LineString id="way1124817065"><extrude>0</extrude><tessellate>0</tessellate><altitudeMode>clampToGround</altitudeMode>
<coordinates>14.4288770,50.1033773,0.0,14.4289484,50.1033851,0.0,14.4289634,50.1033876,0.0,14.4289766,50.1033929,0.0,14.4289856,50.1033980,0.0,14.4289910,50.1034061,0.0</coordinates></LineString></Placemark>
<Placemark><name>way_id=1152235238</name><styleUrl>lstyle1</styleUrl><LineString id="way1152235238"><extrude>0</extrude><tessellate>0</tessellate><altitudeMode>clampToGround</altitudeMode>
<coordinates>14.4214851,50.1094318,0.0,14.4215957,50.1094284,0.0,14.4217056,50.1094195,0.0,14.4218141,50.1094052,0.0,14.4219103,50.1093877,0.0,14.4220043,50.1093659,0.0,14.4220957,50.1093399,0.0,14.4223666,50.1092177,0.0,14.4225464,50.1091056,0.0</coordinates></LineString></Placemark>
<Placemark><name>way_id=1152235239</name><styleUrl>lstyle1</styleUrl><LineString id="way1152235239"><extrude>0</extrude><tessellate>0</tessellate><altitudeMode>clampToGround</altitudeMode>
<coordinates>14.4191627,50.1092581,0.0,14.4196764,50.1093992,0.0,14.4198013,50.1094202,0.0,14.4199285,50.1094345,0.0,14.4200758,50.1094424,0.0,14.4202235,50.1094413,0.0,14.4202841,50.1094425,0.0,14.4203442,50.1094474,0.0,14.4204005,50.1094552,0.0,14.4204555,50.1094663,0.0,14.4207774,50.1095411,0.0,14.4208490,50.1095505,0.0,14.4209216,50.1095551,0.0,14.4209947,50.1095549,0.0,14.4210691,50.1095496,0.0,14.4211423,50.1095392,0.0,14.4212133,50.1095239,0.0,14.4214077,50.1094637,0.0,14.4214851,50.1094318,0.0</coordinates></LineString></Placemark>
<Placemark><name>way_id=1157677716</name><styleUrl>lstyle1</styleUrl><LineString id="way1157677716"><extrude>0</extrude><tessellate>0</tessellate><altitudeMode>clampToGround</altitudeMode>
<coordinates>14.4165414,50.1063306,0.0,14.4166031,50.1063446,0.0,14.4166219,50.1063489,0.0</coordinates></LineString></Placemark>
<Placemark><name>way_id=1157677717</name><styleUrl>lstyle1</styleUrl><LineString id="way1157677717"><extrude>0</extrude><tessellate>0</tessellate><altitudeMode>clampToGround</altitudeMode>
<coordinates>14.4172091,50.1053537,0.0,14.4171927,50.1052876,0.0</coordinates></LineString></Placemark>
<Placemark><name>way_id=1157677718</name><styleUrl>lstyle1</styleUrl><LineString id="way1157677718"><extrude>0</extrude><tessellate>0</tessellate><altitudeMode>clampToGround</altitudeMode>
<coordinates>14.4172265,50.1054234,0.0,14.4172091,50.1053537,0.0</coordinates></LineString></Placemark>
<Placemark><name>way_id=1172795763</name><styleUrl>lstyle1</styleUrl><LineString id="way1172795763"><extrude>0</extrude><tessellate>0</tessellate><altitudeMode>clampToGround</altitudeMode>
<coordinates>14.4122821,50.1064498,0.0,14.4121671,50.1064448,0.0,14.4120002,50.1064393,0.0</coordinates></LineString></Placemark>
<Placemark><name>way_id=1172795764</name><styleUrl>lstyle1</styleUrl><LineString id="way1172795764"><extrude>0</extrude><tessellate>0</tessellate><altitudeMode>clampToGround</altitudeMode>
<coordinates>14.4121290,50.1065575,0.0,14.4121535,50.1065216,0.0,14.4121982,50.1064743,0.0,14.4122821,50.1064498,0.0</coordinates></LineString></Placemark>
<Placemark><name>way_id=1183887634</name><styleUrl>lstyle1</styleUrl><LineString id="way1183887634"><extrude>0</extrude><tessellate>0</tessellate><altitudeMode>clampToGround</altitudeMode>
<coordinates>14.4169601,50.1061614,0.0,14.4169338,50.1062198,0.0,14.4167820,50.1062398,0.0,14.4166823,50.1062691,0.0,14.4166031,50.1063446,0.0</coordinates></LineString></Placemark>
<Placemark><name>way_id=1218483316</name><styleUrl>lstyle1</styleUrl><LineString id="way1218483316"><extrude>0</extrude><tessellate>0</tessellate><altitudeMode>clampToGround</altitudeMode>
<coordinates>14.4139405,50.1102123,0.0,14.4159572,50.1103477,0.0</coordinates></LineString></Placemark>
<Placemark><name>way_id=1218483317</name><styleUrl>lstyle1</styleUrl><LineString id="way1218483317"><extrude>0</extrude><tessellate>0</tessellate><altitudeMode>clampToGround</altitudeMode>
<coordinates>14.4126753,50.1107027,0.0,14.4127159,50.1106656,0.0,14.4127344,50.1106487,0.0,14.4127872,50.1106317,0.0,14.4129137,50.1105853,0.0,14.4129709,50.1105731,0.0,14.4131416,50.1105006,0.0,14.4132472,50.1104525,0.0,14.4135801,50.1103604,0.0,14.4136637,50.1103257,0.0,14.4137521,50.1102650,0.0,14.4138295,50.1102682,0.0,14.4138971,50.1102469,0.0,14.4139405,50.1102123,0.0</coordinates></LineString></Placemark>
<Placemark><name>way_id=1234054275</name><styleUrl>lstyle1</styleUrl><LineString id="way1234054275"><extrude>0</extrude><tessellate>0</tessellate><altitudeMode>clampToGround</altitudeMode>
<coordinates>14.4188102,50.1087852,0.0,14.4188885,50.1086769,0.0,14.4189354,50.1086432,0.0,14.4189928,50.1086088,0.0</coordinates></LineString></Placemark>
<Placemark><name>way_id=1234054276</name><styleUrl>lstyle1</styleUrl><LineString id="way1234054276"><extrude>0</extrude><tessellate>0</tessellate><altitudeMode>clampToGround</altitudeMode>
<coordinates>14.4193451,50.1086951,0.0,14.4189928,50.1086088,0.0</coordinates></LineString></Placemark>
<Placemark><name>way_id=1234054277</name><styleUrl>lstyle1</styleUrl><LineString id="way1234054277"><extrude>0</extrude><tessellate>0</tessellate><altitudeMode>clampToGround</altitudeMode>
<coordinates>14.4195036,50.1087337,0.0,14.4193451,50.1086951,0.0</coordinates></LineString></Placemark>
<Placemark><name>way_id=1234054278</name><styleUrl>lstyle1</styleUrl><LineString id="way1234054278"><extrude>0</extrude><tessellate>0</tessellate><altitudeMode>clampToGround</altitudeMode>
<coordinates>14.4230498,50.1059956,0.0,14.4232244,50.1060425,0.0</coordinates></LineString></Placemark>
<Placemark><name>way_id=1234054279</name><styleUrl>lstyle1</styleUrl><LineString id="way1234054279"><extrude>0</extrude><tessellate>0</tessellate><altitudeMode>clampToGround</altitudeMode>
<coordinates>14.4303951,50.1044913,0.0,14.4305675,50.1044146,0.0</coordinates></LineString></Placemark>
<Placemark><name>way_id=1266518145</name><styleUrl>lstyle1</styleUrl><LineString id="way1266518145"><extrude>0</extrude><tessellate>0</tessellate><altitudeMode>clampToGround</altitudeMode>
<coordinates>14.4062161,50.1071579,0.0,14.4058335,50.1072129,0.0,14.4057422,50.1072285,0.0,14.4055549,50.1073896,0.0,14.4053698,50.1075262,0.0,14.4051070,50.1077755,0.0,14.4050066,50.1081096,0.0</coordinates></LineString></Placemark>
<Placemark><name>way_id=1266518146</name><styleUrl>lstyle1</styleUrl><LineString id="way1266518146"><extrude>0</extrude><tessellate>0</tessellate><altitudeMode>clampToGround</altitudeMode>
<coordinates>14.4047036,50.1083049,0.0,14.4048084,50.1082155,0.0,14.4049108,50.1081572,0.0,14.4050066,50.1081096,0.0,14.4052756,50.1079760,0.0,14.4061087,50.1075454,0.0,14.4062374,50.1074170,0.0,14.4062204,50.1072804,0.0,14.4062161,50.1071579,0.0,14.4062125,50.1070571,0.0,14.4063042,50.1069201,0.0,14.4063707,50.1069018,0.0,14.4065222,50.1069593,0.0,14.4066721,50.1070201,0.0</coordinates></LineString></Placemark>
<Placemark><name>way_id=1272513567</name><styleUrl>lstyle1</styleUrl><LineString id="way1272513567"><extrude>0</extrude><tessellate>0</tessellate><altitudeMode>clampToGround</altitudeMode>
<coordinates>14.4184954,50.1070493,0.0,14.4184728,50.1067935,0.0</coordinates></LineString></Placemark>
<Placemark><name>way_id=1272513568</name><styleUrl>lstyle1</styleUrl><LineString id="way1272513568"><extrude>0</extrude><tessellate>0</tessellate><altitudeMode>clampToGround</altitudeMode>
<coordinates>14.4183847,50.1064924,0.0,14.4183078,50.1063363,0.0</coordinates></LineString></Placemark>
<Placemark><name>way_id=1305983064</name><styleUrl>lstyle1</styleUrl><LineString id="way1305983064"><extrude>0</extrude><tessellate>0</tessellate><altitudeMode>clampToGround</altitudeMode>
<coordinates>14.4213417,50.1041325,0.0,14.4195642,50.1040937,0.0,14.4193746,50.1040866,0.0,14.4184254,50.1040885,0.0,14.4180248,50.1041077,0.0,14.4178489,50.1041208,0.0,14.4176889,50.1041384,0.0,14.4162365,50.1043714,0.0,14.4155384,50.1044834,0.0,14.4153819,50.1044951,0.0,14.4152546,50.1044924,0.0,14.4151350,50.1044843,0.0,14.4147756,50.1044239,0.0</coordinates></LineString></Placemark>
<Placemark><name>way_id=1308492108</name><styleUrl>lstyle1</styleUrl><LineString id="way1308492108"><extrude>0</extrude><tessellate>0</tessellate><altitudeMode>clampToGround</altitudeMode>
<coordinates>14.4185975,50.1092237,0.0,14.4187269,50.1091971,0.0,14.4187724,50.1091947,0.0,14.4188181,50.1091954,0.0,14.4188648,50.1091993,0.0,14.4189106,50.1092065,0.0,14.4191627,50.1092581,0.0</coordinates></LineString></Placemark>
<Placemark><name>way_id=1308492665</name><styleUrl>lstyle1</styleUrl><LineString id="way1308492665"><extrude>0</extrude><tessellate>0</tessellate><altitudeMode>clampToGround</altitudeMode>
<coordinates>14.4214851,50.1094318,0.0,14.4215579,50.1093958,0.0,14.4216203,50.1093594,0.0,14.4216781,50.1093200,0.0,14.4217309,50.1092779,0.0,14.4218852,50.1091541,0.0,14.4219559,50.1090887,0.0,14.4219987,50.1090463,0.0</coordinates></LineString></Placemark>
<Placemark><name>way_id=1318146890</name><styleUrl>lstyle1</styleUrl><LineString id="way1318146890"><extrude>0</extrude><tessellate>0</tessellate><altitudeMode>clampToGround</altitudeMode>
<coordinates>14.4307769,50.1041100,0.0,14.4305922,50.1040858,0.0</coordinates></LineString></Placemark>
<Placemark><name>way_id=1346067454</name><styleUrl>lstyle1</styleUrl><LineString id="way1346067454"><extrude>0</extrude><tessellate>0</tessellate><altitudeMode>clampToGround</altitudeMode>
<coordinates>14.4130025,50.1040633,0.0,14.4131944,50.1040615,0.0</coordinates></LineString></Placemark>
<Placemark><name>way_id=1364819537</name><styleUrl>lstyle1</styleUrl><LineString id="way1364819537"><extrude>0</extrude><tessellate>0</tessellate><altitudeMode>clampToGround</altitudeMode>
<coordinates>14.4292742,50.1034196,0.0,14.4292815,50.1033984,0.0</coordinates></LineString></Placemark>
<Placemark><name>way_id=1364819538</name><styleUrl>lstyle1</styleUrl><LineString id="way1364819538"><extrude>0</extrude><tessellate>0</tessellate><altitudeMode>clampToGround</altitudeMode>
<coordinates>14.4285234,50.1037296,0.0,14.4285558,50.1036584,0.0,14.4285853,50.1036132,0.0,14.4286233,50.1035710,0.0,14.4286597,50.1035328,0.0,14.4287098,50.1034937,0.0,14.4287695,50.1034610,0.0,14.4288395,50.1034346,0.0,14.4289146,50.1034148,0.0,14.4289910,50.1034061,0.0,14.4290684,50.1034025,0.0,14.4291459,50.1034040,0.0,14.4292742,50.1034196,0.0,14.4293162,50.1034247,0.0,14.4293837,50.1034355,0.0,14.4294498,50.1034513,0.0,14.4295100,50.1034758,0.0,14.4295596,50.1035028,0.0,14.4295911,50.1035296,0.0,14.4299855,50.1038863,0.0,14.4300634,50.1039390,0.0</coordinates></LineString></Placemark>
<Placemark><name>way_id=1374209205</name><styleUrl>lstyle1</styleUrl><LineString id="way1374209205"><extrude>0</extrude><tessellate>0</tessellate><altitudeMode>clampToGround</altitudeMode>
<coordinates>14.4285928,50.1051163,0.0,14.4289343,50.1050017,0.0,14.4302892,50.1044600,0.0,14.4303242,50.1044460,0.0,14.4303951,50.1044913,0.0</coordinates></LineString></Placemark>
<Placemark><name>way_id=1374209206</name><styleUrl>lstyle1</styleUrl><LineString id="way1374209206"><extrude>0</extrude><tessellate>0</tessellate><altitudeMode>clampToGround</altitudeMode>
<coordinates>14.4280387,50.1046573,0.0,14.4280328,50.1046980,0.0,14.4280187,50.1049230,0.0,14.4280044,50.1051560,0.0</coordinates></LineString></Placemark>
<Placemark><name>way_id=1374209207</name><styleUrl>lstyle1</styleUrl><LineString id="way1374209207"><extrude>0</extrude><tessellate>0</tessellate><altitudeMode>clampToGround</altitudeMode>
<coordinates>14.4280044,50.1051560,0.0,14.4282456,50.1051623,0.0,14.4285928,50.1051163,0.0</coordinates></LineString></Placemark>
<Placemark><name>way_id=1416514821</name><styleUrl>lstyle1</styleUrl><LineString id="way1416514821"><extrude>0</extrude><tessellate>0</tessellate><altitudeMode>clampToGround</altitudeMode>
<coordinates>14.4259734,50.1046129,0.0,14.4260263,50.1045998,0.0,14.4260997,50.1045269,0.0,14.4263493,50.1043968,0.0,14.4265910,50.1043105,0.0,14.4272165,50.1042096,0.0,14.4276157,50.1041850,0.0,14.4284497,50.1042676,0.0,14.4286552,50.1042847,0.0,14.4288426,50.1042879,0.0,14.4291699,50.1042986,0.0</coordinates></LineString></Placemark>
<Placemark><name>way_id=1431427112</name><styleUrl>lstyle1</styleUrl><LineString id="way1431427112"><extrude>0</extrude><tessellate>0</tessellate><altitudeMode>clampToGround</altitudeMode>
<coordinates>14.4132726,50.1041233,0.0,14.4133432,50.1040786,0.0</coordinates></LineString></Placemark>
<Placemark><name>way_id=1444160231</name><styleUrl>lstyle1</styleUrl><LineString id="way1444160231"><extrude>0</extrude><tessellate>0</tessellate><altitudeMode>clampToGround</altitudeMode>
<coordinates>14.4308411,50.1040403,0.0,14.4305037,50.1040011,0.0</coordinates></LineString></Placemark>
<Placemark><name>way_id=1478685225</name><styleUrl>lstyle1</styleUrl><LineString id="way1478685225"><extrude>0</extrude><tessellate>0</tessellate><altitudeMode>clampToGround</altitudeMode>
<coordinates>14.4148022,50.1051365,0.0,14.4148470,50.1050917,0.0,14.4149168,50.1050771,0.0</coordinates></LineString></Placemark>
<Placemark><name>way_id=1526236213</name><styleUrl>lstyle1</styleUrl><LineString id="way1526236213"><extrude>0</extrude><tessellate>0</tessellate><altitudeMode>clampToGround</altitudeMode>
<coordinates>14.4086353,50.1038979,0.0,14.4086304,50.1039100,0.0,14.4087237,50.1039276,0.0,14.4088524,50.1039664,0.0,14.4089926,50.1040196,0.0,14.4091171,50.1040986,0.0,14.4093134,50.1042394,0.0,14.4094122,50.1043188,0.0,14.4095836,50.1044698,0.0,14.4095921,50.1044659,0.0</coordinates></LineString></Placemark>
<Placemark><name>way_id=1526236214</name><styleUrl>lstyle1</styleUrl><LineString id="way1526236214"><extrude>0</extrude><tessellate>0</tessellate><altitudeMode>clampToGround</altitudeMode>
<coordinates>14.4095921,50.1044659,0.0,14.4096145,50.1044555,0.0,14.4096580,50.1044354,0.0</coordinates></LineString></Placemark>
<Placemark><name>way_id=1526236215</name><styleUrl>lstyle1</styleUrl><LineString id="way1526236215"><extrude>0</extrude><tessellate>0</tessellate><altitudeMode>clampToGround</altitudeMode>
<coordinates>14.4096580,50.1044354,0.0,14.4096684,50.1044307,0.0,14.4094482,50.1042323,0.0,14.4090158,50.1039304,0.0,14.4089859,50.1038960,0.0,14.4089262,50.1037622,0.0,14.4089134,50.1037634,0.0</coordinates></LineString></Placemark>
<Placemark><name>way_id=1537563170</name><styleUrl>lstyle1</styleUrl><LineString id="way1537563170"><extrude>0</extrude><tessellate>0</tessellate><altitudeMode>clampToGround</altitudeMode>
<coordinates>14.4104618,50.1052189,0.0,14.4105103,50.1050748,0.0,14.4105130,50.1050077,0.0,14.4105010,50.1049905,0.0,14.4103977,50.1049716,0.0,14.4102457,50.1049684,0.0</coordinates></LineString></Placemark>
<Placemark><name>way_id=1537563179</name><styleUrl>lstyle1</styleUrl><LineString id="way1537563179"><extrude>0</extrude><tessellate>0</tessellate><altitudeMode>clampToGround</altitudeMode>
<coordinates>14.4181102,50.1102148,0.0,14.4181399,50.1103172,0.0,14.4181882,50.1103903,0.0,14.4182673,50.1104436,0.0,14.4183692,50.1104892,0.0,14.4185219,50.1105292,0.0</coordinates></LineString></Placemark>
<Placemark><name>way_id=1549527441</name><styleUrl>lstyle1</styleUrl><LineString id="way1549527441"><extrude>0</extrude><tessellate>0</tessellate><altitudeMode>clampToGround</altitudeMode>
<coordinates>14.4140077,50.1049573,0.0,14.4139324,50.1049636,0.0</coordinates></LineString></Placemark>
<Placemark><name>way_id=1549527442</name><styleUrl>lstyle1</styleUrl><LineString id="way1549527442"><extrude>0</extrude><tessellate>0</tessellate><altitudeMode>clampToGround</altitudeMode>
<coordinates>14.4147298,50.1048976,0.0,14.4145785,50.1049168,0.0</coordinates></LineString></Placemark>
<Placemark><name>way_id=1557321829</name><styleUrl>lstyle1</styleUrl><LineString id="way1557321829"><extrude>0</extrude><tessellate>0</tessellate><altitudeMode>clampToGround</altitudeMode>
<coordinates>14.4307643,50.1042346,0.0,14.4306207,50.1042384,0.0</coordinates></LineString></Placemark>
<Placemark><name>way_id=1557321881</name><styleUrl>lstyle1</styleUrl><LineString id="way1557321881"><extrude>0</extrude><tessellate>0</tessellate><altitudeMode>clampToGround</altitudeMode>
<coordinates>14.4306353,50.1042024,0.0,14.4306249,50.1041808,0.0,14.4306194,50.1041682,0.0,14.4306137,50.1041561,0.0</coordinates></LineString></Placemark>
<Placemark><name>way_id=1557321882</name><styleUrl>lstyle1</styleUrl><LineString id="way1557321882"><extrude>0</extrude><tessellate>0</tessellate><altitudeMode>clampToGround</altitudeMode>
<coordinates>14.4306137,50.1041561,0.0,14.4306086,50.1041452,0.0,14.4306046,50.1041365,0.0,14.4305922,50.1040858,0.0,14.4305588,50.1040371,0.0,14.4305037,50.1040011,0.0,14.4303814,50.1039838,0.0</coordinates></LineString></Placemark>
</Folder>
</Folder></kml>
